chembl_id,smiles,name,molecular_weight,is_approved,targets
1,CC(=O)OC(CC(=O)[O-])C[N+](C)(C)C,,203.115758024,False,[]
2,CC(=O)OC(CC(=O)O)C[N+](C)(C)C,,204.12303447609,False,[]
3,O=C(O)C1=CC=CC(O)C1O,,156.042258736,False,[]
5,NCC(=O)COP(=O)(O)O,,169.014008986,False,[]
6,O=[N+]([O-])c1ccc(Cl)c([N+](=O)[O-])c1,,201.978134256,False,[]
7,CCn1cnc2c(N)ncnc21,,163.08579528799999,False,[]
9,O=P(O)(O)OC1C(O)C(O)C(O)C(O)C1O,,260.02971862600003,False,[]
13,Clc1ccc(Cl)c(Cl)c1,,179.930033136,False,[]
14,CCCCCC(=O)C=CC1C(O)CC(=O)C1CCCCCCC(=O)O,,352.2249741239999,False,[]
15,CC12CCC3C(CCC4CC(=O)CCC43C)C1CCC2O,,290.2245802,False,[]
16,O=C1CCCCCNC(=O)CCCCCN1,,226.168127944,False,[]
17,O=C(O)C1=NC(C(=O)O)CC=C1,,169.037507704,False,[]
18,O=C(O)C(=O)C(=O)C(O)C(O)CO,,192.027002596,False,[]
19,O=C(O)c1cccc(O)c1O,,154.026608672,False,[]
20,O=C(O)CCc1cccc(O)c1O,,182.0579088,False,[]
23,NC(C(=O)O)=C(C=CC=O)C(=O)O,,185.032422324,False,[]
24,NC1=NC2C(C(=O)N1)N(O)C(O)(C(O)C(O)CO)C(O)N2O,,323.107712504,False,[]
26,CC(=O)C(=O)C1=NC2C(=O)NC(N)=NC2N(O)C1O,,269.076018452,False,[]
28,NC(=CC=CC(=O)O)C(=O)O,,157.037507704,False,[]
31,CC(O)(CO)C(O)COP(=O)(O)O,,216.03988938600003,False,[]
32,O=C(O)C=CC=C(C(=O)O)C(=O)O,,186.01643791200001,False,[]
35,O=C(O)CC1(Cl)C=CC(=O)O1,,175.98763632,False,[]
36,CC(C)C(C(=O)O)C(O)C(=O)O,,176.068473484,False,[]
37,O=C(O)C(=O)CC(O)C(O)CO,,178.04773803999998,False,[]
40,OCC1OC(O)CC(O)C1O,,164.068473484,False,[]
41,CSCCC(=O)C(O)=COP(=O)(O)O,,242.00139570200002,False,[]
42,O=C(O)CCC(=O)C=CC=C(O)C(=O)O,,214.04773804,False,[]
46,O=C(O)C(=O)CC(O)C(O)COP(=O)(O)O,,258.014068562,False,[]
50,O=C(O)C(=O)C(O)C(O)C(O)CO,,194.04265266,False,[]
55,CC(C)=CCCC(C)=CCCC(C)=CCCC(C)=CCCC(C)=CCCC(C)=CCCC(C)=CCCC(C)=CCc1cccc(O)c1O,,654.5375814800001,False,[]
56,CC=CCCC(C)=CCCC(C)=CCCC(C)=CCCC(C)=CCCC(C)=CCCC(C)=CCCC(C)=CCc1cccc(OC)c1O,,654.5375814800001,False,[]
57,CC(C)=CCCC(C)=CCCC(C)=CCCC(C)=CCCC(C)=CCCC(C)=CCCC(C)=CCCC(C)=CCc1ccccc1O,,638.54266686,False,[]
59,O=C(O)C(CO)OP(=O)(O)O,,185.99293919400003,False,[]
60,CC(CO)(OP(=O)(O)O)C(O)COP(=O)(O)OP(=O)(O)OCC1OC(n2ccc(N)nc2=O)C(O)C1O,,601.0475062620001,False,[]
61,O=C(O)C(COP(=O)(O)O)OP(=O)(O)O,,265.959269716,False,[]
62,OC1C=C(Cl)C(Cl)C=C1Cl,,197.94059782,False,[]
64,OC1C=C(Cl)C(O)C=C1Cl,,179.974484792,False,[]
65,Oc1cc(Cl)c(O)cc1Cl,,177.958834728,False,[]
66,Oc1cc(Cl)ccc1Cl,,161.963920108,False,[]
67,O=C(O)C(=O)C(O)C(O)C(=O)CO,,192.027002596,False,[]
68,CC1(CO)OP(=O)(O)OP(=O)(O)OCC1O,,277.995655224,False,[]
69,CC(=O)C=CC=C(O)C(=O)O,,156.042258736,False,[]
71,O=C(O)CCCC(=O)C(=O)O,,160.037173356,False,[]
72,O=C(O)c1ccc(O)c(O)c1,,154.026608672,False,[]
73,Nc1ncnc2c1ncn2C1OC(COP(=O)(O)O)C(OP(=O)(O)O)C1O,,427.02941493999987,False,[]
76,CC12CCC3C(CC=C4CC(O)CCC43C)C1CCC2=O,,288.208930136,False,[]
77,CC(C)C(O)(CC(=O)O)C(=O)O,,176.068473484,False,[]
80,O=C(O)C1=CC(=O)C(O)C(O)C1,,172.037173356,False,[]
81,O=C(O)C(=O)CC(O)C(O)C(O)COP(=O)(O)O,,288.024633246,False,[]
82,C=C(OC1CC(C(=O)O)=CC(OP(=O)(O)O)C1O)C(=O)O,,324.024633246,False,[]
85,C[N+](C)(C)CC(O)CC(=O)O,,162.11246979209,False,[]
86,Nc1c(O)cccc1C(=O)O,,153.042593084,False,[]
89,Nc1c(O)cccc1C(=O)CC(N)C(=O)O,,224.079706864,False,[]
91,O=C(O)CCc1cccc(O)c1,,166.06299418,False,[]
92,C=CC1(O)CN2CCC1CC2C(O)c1ccnc2ccc(OC)cc12,,340.17869262799996,False,[]
93,O=C(O)CCC(=O)CC(=O)O,,160.037173356,False,[]
95,O=C(O)C(O)C(=O)C(O)C(O)CO,,194.04265266,False,[]
97,O=C1C(O)C(CO)OC(OC2C(CO)OC(O)C(O)C2O)C1O,,340.10056145999994,False,[]
100,CC(C)=CCCC(C)=CCCC(C)=CCCC(C)=CCCC(C)=CCCC(C)=CCCC(C)=CCCC(C)=CCc1cc(C(=O)O)ccc1O,,682.5324961000001,False,[]
105,O=C(O)C(=O)COP(=O)(O)O,,183.97728913,False,[]
106,NC(COP(=O)(O)O)C(=O)O,,185.008923606,False,[]
107,O=C(O)CCc1ccccc1,,150.06807956,False,[]
109,NC(CS(=O)O)C(=O)O,,153.009578704,False,[]
110,O=C(O)C(=O)CS(=O)O,,151.97794422799998,False,[]
112,O=C([O-])C(=O)C(O)COP(=O)(O)O,,212.98057736191,False,[]
113,O=C(O)C(=O)C(O)COP(=O)(O)O,,213.987853814,False,[]
114,O=C(O)CCCc1cccnc1,,165.078978592,False,[]
115,NC1COC(OP(=O)(O)O)C(O)C1O,,229.035138354,False,[]
116,C=C(OC1C=C(C(=O)O)C=CC1N)C(=O)O,,225.063722452,False,[]
121,CC(O)(CO)C(O)COP(=O)(O)OP(=O)(O)OCC1OC(n2ccc(N)nc2=O)C(O)C1O,,521.0811757399999,False,[]
122,O=C(O)C=CC(=O)CC(=O)CC(=O)O,,200.032087976,False,[]
127,O=C(O)Cc1ccc(O)cc1,,152.047344116,False,[]
128,O=C(O)CCC1N=CNC1=O,,156.053492116,False,[]
130,O=C(O)CC(O)(CC(=O)C(=O)O)C(=O)O,,220.02191721600002,False,[]
131,CC(C)(COP(=O)(O)O)C(O)C(=O)NCCC(=O)O,,299.07700316599994,False,[]
132,CC(C)(COP(=O)(O)O)C(O)C(=O)NCCC(=O)NC(CS)C(=O)O,,402.08618794599994,False,[]
139,CC(C)CCCC(C)C1CCC2C3C(O)CC4CC(O)CCC4(C)C3CC(O)C12C,,420.36034539599996,False,[]
140,CC(CO)CCCC(C)C1CCC2C3C(O)CC4CC(O)CCC4(C)C3CC(O)C12C,,436.35526001599993,False,[]
141,O=C1COC(OP(=O)(O)OP(=O)(O)OCC2OC(n3ccc(=O)[nH]c3=O)C(O)C2O)C(O)C1O,,534.0288058199999,False,[]
142,CC1OC(n2cnc3c(N)ncnc32)C(O)C1O,,251.101839276,False,[]
144,NC(Cc1c[nH]c2ccc(O)cc12)C(=O)O,,220.084792244,False,[]
145,O=C(O)C(=O)CC(O)C(O)C(=O)O,,192.027002596,False,[]
149,CSCC1OC(n2cnc3c(N)ncnc32)C(O)C1O,,297.08956034,False,[]
150,NC1OC(COP(=O)(O)O)C(O)C1O,,229.035138354,False,[]
151,O=CNCC(=O)NC1OC(COP(=O)(O)O)C(O)C1O,,314.05151669,False,[]
152,NCC(=O)NC1OC(COP(=O)(O)O)C(O)C1O,,286.05660207,False,[]
153,Nc1cncn1C1OC(COP(=O)(O)O)C(O)C1O,,295.05693641799996,False,[]
154,NC(CNC=O)=NC1OC(COP(=O)(O)O)C(O)C1O,,313.067501102,False,[]
155,NC(=O)Nc1nc[nH]c1C(=O)O,,170.043990052,False,[]
157,O=C(O)C(O)C(O)C(O)C(=O)CO,,194.04265266,False,[]
158,CCCCCC(O)C=CC1C(O)CC(=O)C1CC=CCCCC(=O)O,,352.2249741239999,False,[]
159,CCCCCC(O)C=CC1C(O)CC2OC(=CCCCC(=O)O)CC21,,352.2249741239999,False,[]
160,CCCCCC(O)C=CC1C(O)CC(O)C1CC=CCCCC(=O)O,,354.2406241879999,False,[]
161,NC1=NC2NCC(C(O)C(O)COP(=O)(O)OP(=O)(O)OP(=O)(O)O)=NC2C(=O)N1,,497.0113955259999,False,[]
162,CC1(C)SC2C(N)C(=O)N2C1C(=O)O,,216.056863244,False,[]
164,[N-]=[N+]=CC(=O)CCC(N)C(=O)O,,171.064391148,False,[]
165,N#[N+]C=C(O)CCC(N)C(=O)O,,172.07166760009,False,[]
166,CC(=O)C(=O)C1CNC2N=C(N)NC(=O)C2N1,,239.101839276,False,[]
168,O=P(O)(O)OCC1OC(OC2C(CO)OC(O)C(O)C2O)C(O)C(O)C1O,,422.0825420459999,False,[]
169,CCCCCC=CCC(O)C=CC=CC=CC(O)CCCC(=O)O,,336.23005950399994,False,[]
172,CC(C)CCCC(C)C1CCC2C3=CC=C4CC(O)CCC4(C)C3CCC21C,,384.339216028,False,[]
173,CC(N)C(=O)CCCCCC(=O)O,,187.120843404,False,[]
184,CC(=O)NC1C(NC(=O)CC(N)C(=O)O)OC(CO)C(O)C1O,,335.13286463199995,False,[]
185,CC(=O)NC(CCC(=O)O)C(=O)O,,189.063722452,False,[]
188,CC(=O)OC1OC(CO)C(OC2OC(CO)C(O)C(O)C2O)C(O)C1O,,384.1267762079999,False,[]
191,Nc1ncnc2c1ncn2C1OC(CO)C(O)C1O,,267.096753896,False,[]
192,Nc1ncnc2c1ncn2C1OC(COP(=O)(O)OP(=O)(O)OCC2OC(O)C(O)C2O)C(O)C1O,,559.0716736759997,False,[]
193,Nc1ncnc2c1ncn2C1OC(CSCCC(N)C(=O)O)C(O)C1O,,384.1215887399999,False,[]
195,O=C(O)CC(Nc1ncnc2c1ncn2C1OC(COP(=O)(O)O)C(O)C1O)C(=O)O,,463.0740430259998,False,[]
197,Nc1ncnc2c1ncn2C1OC(COP(=O)(O)OP(=O)(O)O)C(O)C1O,,427.02941493999987,False,[]
198,Nc1ncnc2c1ncn2C1OC(COP(=O)(O)OP(=O)(O)OC2OC(CO)C(O)C(O)C2O)C(O)C1O,,589.0822383599998,False,[]
200,NC(=O)c1ncn(C2OC(COP(=O)(O)O)C(O)C2O)c1N,,338.06275007000005,False,[]
201,CC(C)=CCCC(C)=CCCC(C)=CCCC(C)=CCCC(C)=CCCC(C)=CCCC(C)=CCOP(=O)(O)OP(=O)(O)O,,654.38142752,False,[]
202,CC(C)=CCCC(C)=CCCC(C)=CCCC(C)=CCCC(C)=CCCC(C)=CCOP(=O)(O)OP(=O)(O)O,,586.3188272639999,False,[]
203,NC(=O)NC(NC(N)=O)C(=O)O,,176.054554736,False,[]
204,NC(=O)NC1NC(=O)NC1=O,,158.043990052,False,[]
206,OCC1OC(O)C(O)C(O)C1O,,180.063388104,False,[]
208,O=P(O)(O)OCC1OC(O)C(O)C(O)C1O,,260.02971862600003,False,[]
210,CC(=O)NC1C(O)OC(CO)C(OC2OC(COC3(C(=O)O)CC(O)C(NC(C)=O)C(C(O)C(O)CO)O3)C(O)C(O)C2O)C1O,,674.238177124,False,[]
211,Cc1cc2ncn(C3OC(CO)C(O)C3O)c2cc1C,,278.126657056,False,[]
212,Cc1cc2ncn(C3OC(COP(=O)(O)O)C(O)C3O)c2cc1C,,358.092987578,False,[]
213,CCCCCC(O)C=CC1OC2CC(O2)C1CC=CCCCC(=O)O,,352.2249741239999,False,[]
214,CCCCCC(O)C=CC1C(O)CC(=O)C1CCCCCCC(=O)O,,354.2406241879999,False,[]
216,Cc1ncc(COP(=O)(O)O)c(N)n1,,219.04089242999999,False,[]
217,Cc1ncc(COP(=O)(O)OP(=O)(O)O)c(N)n1,,299.00722295200006,False,[]
220,CCOP(=S)(OCC)Oc1ccc(N)cc1,,261.058851002,False,[]
221,Nc1c(NCC(O)C(O)C(O)CO)[nH]c(=O)[nH]c1=O,,276.106984232,False,[]
224,Nc1ncnc2c1ncn2C1OC(COP(=O)(O)O)C(O)C1O,,347.0630844179999,False,[]
225,CC12CCC3C(CCC4CC(O)CCC43C)C1CCC2=O,,290.2245802,False,[]
228,Nc1ncnc2c1ncn2C1OC(COP(=O)(O)OS(=O)(=O)O)C(O)C1O,,427.0198992779998,False,[]
229,OC1COC(O)C(O)C1O,,150.05282342,False,[]
230,O=CC(O)C(O)C(O)COP(=O)(O)O,,230.019153942,False,[]
231,CCCCCC=CCC=CCC=CCC=CCCCC(=O)O,,304.240230264,False,[]
232,NC(N)=NCCCC(N)C(=O)O,,174.111675688,False,[]
237,CCN(CC)CCCC(C)Nc1c2ccc(Cl)cc2nc2ccc(OC)cc12,,399.20774026,False,[]
238,Nc1ncnc2c1ncn2C1OC(COP(=O)(O)OP(=O)(O)OP(=O)(O)O)C(O)C1O,,506.9957454619998,False,[]
245,CC(=O)NC1C(O)OC(CO)C(OC2OC(CO)C(O)C(O)C2O)C1O,,383.14276061999993,False,[]
246,CC12CCC3C(CCC4CC(OS(=O)(=O)O)CCC43C)C1CCC2=O,,370.18139506,False,[]
250,C=CC1=C(C)C(=Cc2[nH]c(Cc3[nH]c(C=C4NC(=O)C(C)=C4C=C)c(C)c3CCC(=O)O)c(CCC(=O)O)c2C)NC1=O,,584.2634848719999,False,[]
251,C=CC1=C(C)C(C=c2[nH]c(=Cc3[nH]c(C=C4NC(=O)C(C)=C4C=C)c(C)c3CCC(=O)O)c(CCC(=O)O)c2C)=NC1=O,,582.247834808,False,[]
253,O=C(O)CCCCC1SCC2NC(=O)NC21,,244.088163372,False,[]
254,Oc1cccc(-c2ccccc2)c1O,,186.06807956,False,[]
255,O=[N+]([O-])c1ccc(OP(=O)(O)Oc2ccc([N+](=O)[O-])cc2)cc1,,340.009651878,False,[]
257,CCCCCCCCCCCC(O)CC(=O)NC1C(OP(=O)(O)O)OC(CO)C(O)C1OC(=O)CC(O)CCCCCCCCCCC,,711.4322631819998,False,[]
258,[H]/N=C(\N)N(C)CCC(N)CC(=O)NC1C=CC(n2ccc(N)nc2=O)OC1C(=O)O,,422.20261593199996,False,[]
266,CCCC(=O)OP(=O)(O)O,,168.018760018,False,[]
274,Nc1ncnc2c1ncn2C1OC2COP(=O)(O)OC2C1O,,329.05251973399993,False,[]
275,NC(N)=NOCCC(N)C(=O)O,,176.090940244,False,[]
279,NC(=O)NC(CC(=O)O)C(=O)O,,176.043321356,False,[]
282,O=C(O)CCC1=CC=CC(O)C1O,,184.073558864,False,[]
287,O=C(O)c1ccccc1NCC(=O)C(O)C(O)COP(=O)(O)O,,349.0562677219999,False,[]
288,C[N+](C)(C)CC(O)CC(=O)[O-],,161.10519334,False,[]
290,Nc1ccn(C2OC(COP(=O)(O)OP(=O)(O)O)C(O)C2O)c(=O)n1,,403.0181815599999,False,[]
291,C[N+](C)(C)CCOP(=O)(O)OP(=O)(O)OCC1OC(n2ccc(N)nc2=O)C(O)C1O,,489.11460736409003,False,[]
292,Nc1ccn(C2OC(COP(=O)(O)OP(=O)(O)OC3OC(CO)C(O)C(O)C3O)C(O)C2O)c(=O)n1,,565.0710049799998,False,[]
293,NCCOP(=O)(O)OP(=O)(O)OCC1OC(n2ccc(N)nc2=O)C(O)C1O,,446.06038072,False,[]
294,OCC1OC(OC2C(CO)OC(O)C(O)C2O)C(O)C(O)C1O,,342.11621152399994,False,[]
298,O=C(NC(CO)C(O)c1ccc([N+](=O)[O-])cc1)C(Cl)Cl,,322.01232684400003,False,[]
299,O=C1C2(Cl)C3(Cl)C4(Cl)C(Cl)(Cl)C5(Cl)C3(Cl)C1(Cl)C5(Cl)C24Cl,,485.68344141999995,False,[]
302,CC(CCC(=O)O)C1CCC2C3C(=O)CC4CC(O)CCC4(C)C3CC(O)C12C,,406.27192431599997,False,[]
303,CC(CCC(=O)O)C1CCC2C3C(O)CC4CC(O)CCC4(C)C3CC(O)C12C,,408.28757437999997,False,[]
304,CC(C)CCCC(C)C1CCC2C3CC=C4CC(O)CCC4(C)C3CCC12C,,386.354866092,False,[]
306,C=C(OC1C=C(C(=O)O)C=CC1O)C(=O)O,,226.04773804,False,[]
309,O=C(O)C=C(CC(=O)O)C(=O)O,,174.01643791200001,False,[]
311,O=C(O)CC(O)(CC(=O)O)C(=O)O,,192.02700259600002,False,[]
314,Nc1ccn(C2OC(COP(=O)(O)O)C(O)C2O)c(=O)n1,,323.051851038,False,[]
315,Nc1ccn(C2OC(COP(=O)(O)OCC(O)C(O)C(O)C(O)CC(=O)C(=O)O)C(O)C2O)c(=O)n1,,543.1101537619999,False,[]
316,CC(=O)NC1C(O)CC(OP(=O)(O)OCC2OC(n3ccc(N)nc3=O)C(O)C2O)(C(=O)O)OC1C(O)C(O)CO,,614.147267542,False,[]
317,CC(C)(COP(=O)(O)OP(=O)(O)OCC1OC(n2cnc3c(N)ncnc32)C(O)C1OP(=O)(O)O)C(O)C(=O)NCCC(=O)NCCS,,767.1152089620001,False,[]
320,OCC1OC(n2cnc3c2NC=NCC3O)C(O)C1O,,284.11206961199997,False,[]
321,Cc1c2[nH]c(c1CCC(=O)O)Cc1[nH]c(c(CCC(=O)O)c1C)Cc1[nH]c(c(CCC(=O)O)c1C)Cc1[nH]c(c(C)c1CCC(=O)O)C2,,660.3159143680001,False,[]
322,O=C(O)C=Cc1ccc(O)cc1,,164.047344116,False,[]
325,CC(C)c1ccc(CO)cc1,,150.104465068,False,[]
328,O=C(O)C(O)c1ccc(O)cc1,,168.04225873599998,False,[]
329,CSCC(O)C(O)C(=O)COP(=O)(O)O,,260.011960386,False,[]
330,CC(C)CCCC(C)C1CCC2C3=C(CCC21C)C1(C)CCC(O)CC1CC3,,386.35486609199995,False,[]
332,C=Cc1ccc(O)c(OC)c1,,150.06807956,False,[]
333,Nc1c(NCC(O)C(O)C(O)COP(=O)(O)O)[nH]c(=O)[nH]c1=O,,356.073314754,False,[]
334,CC(C)CCCC(C)C1CCC2C3C(O)CC4=CC(=O)CCC4(C)C3CCC12C,,400.334130648,False,[]
341,O=C(O)c1cc(O)c(O)c(OC(=O)c2cc(O)c(O)c(O)c2)c1,,322.0324819,False,[]
343,O=P1(O)OC2C(O)C(O)C(O)C(O)C2O1,,242.01915394200003,False,[]
344,O=C1CC(O)C(O)C(O)C1=O,,160.037173356,False,[]
345,CC(C(=O)O)=C(CC(=O)O)C(=O)O,,188.032087976,False,[]
346,OCC1OC(Oc2ccc(O)cc2)C(O)C(O)C1O,,272.08960285200004,False,[]
347,OCc1cccc(OC2OC(CO)C(O)C(O)C2O)c1,,286.105252916,False,[]
348,O=P(O)(O)OCC1OC(Oc2ccc(O)cc2)C(O)C(O)C1O,,352.05593337399995,False,[]
349,O=C1C(O)C(O)OC(CO)C1O,,178.04773804,False,[]
350,CC(OP(=O)(O)O)C(NC(=O)CCCCCCS)C(=O)O,,343.085459674,False,[]
351,CC(OP(=O)(O)O)C(NC(=O)CCCCCCSSCCS(=O)(=O)O)C(=O)O,,483.04564566199997,False,[]
352,CC(OC(=O)C(N)CCC(=O)O)C(OC(=O)C(N)CCC(=O)O)C1=CNc2nc(N)nc(OC(=O)C(N)CCC(=O)O)c2N1,,626.2296185280002,False,[]
353,CC(OC(=O)C(N)CCC(=O)O)C(OC(=O)C(N)CCC(=O)O)C1=CNc2nc(N)nc(OC(=O)C(N)CCC(=O)O)c2N1C,,640.2452685920001,False,[]
354,O=C(O)CCC=CC(=O)C(=O)O,,172.037173356,False,[]
355,O=C(O)C(=O)c1ccc(O)cc1,,166.02660867199998,False,[]
357,ClC1=CC(Cl)C(Cl)=CC1Cl,,215.906710848,False,[]
360,CCC(C)=CCCCC(C)CCOP(=O)(O)OC1OC(CO)C(O)C(O)C1O,,426.2018693299999,False,[]
362,OC1C=Cc2ccccc2C1O,,162.06807956,False,[]
366,CC(=O)Oc1ccc2c(C)cc(=O)oc2c1,,218.0579088,False,[]
368,NCCCCNCCCCN,,159.17354767199998,False,[]
370,O=C(O)c1cc(O)c(O)c(O)c1,,170.021523292,False,[]
372,O=C(O)c1cc(C(=O)O)oc(=O)c1,,184.00078784800002,False,[]
374,O=C(O)CC(=CC(=O)C(=O)O)C(=O)O,,202.01135253200002,False,[]
375,CC(C)=CCCC(C)=CCCC(C)=CCCC(C)=CCCC(C)=CCCC(C)=CCCC(C)=CCCC(C)=CCCC(C)=CCCC(C)=CCCC(C)=CCO,,766.6991675,False,[]
377,CCC(C)=CCCCC(C)CCOP(=O)(O)OP(=O)(O)OC1OC(CO)C(O)C(O)C1NC(C)=O,,547.1947489479998,False,[]
378,O=[N+]([O-])c1ccc(OP(=O)(O)O)cc1,,218.99327354200003,False,[]
384,CCCC(NC(C)C(=O)O)C(=O)O,,189.10010796,False,[]
385,O=C(O)CCCCCC(=O)O,,160.073558864,False,[]
390,O=C(O)C1OC(OP(=O)(O)OP(=O)(O)OCC2OC(n3ccc(=O)[nH]c3=O)C(O)C2O)C(O)C(O)C1O,,580.034285124,False,[]
391,CCC(C)=CCCCC(C)CCOP(=O)(O)OP(=O)(O)O,,344.1153764319999,False,[]
393,O=C(O)C(O)C(=O)C(O)C(O)COP(=O)(O)O,,274.008983182,False,[]
397,NC(=O)Cc1c[nH]c2ccccc12,,174.07931294,False,[]
399,O=C(O)C=CC(=CC(=O)O)C(=O)O,,186.01643791200001,False,[]
404,NC(CCCCNO)C(=O)O,,162.100442308,False,[]
405,CC(C)CCCC(C)C1CCC2C3C(O)C=C4CC(O)CCC4(C)C3CCC12C,,402.349780712,False,[]
408,CN1C(=O)CCC1c1cccnc1,,176.094963004,False,[]
409,C[N+]1([O-])CCCC1c1cccnc1,,178.110613068,False,[]
410,CN1CCCC1c1ccc[n+](C2OC(C(=O)O)C(O)C(O)C2O)c1,,339.15506287608997,False,[]
411,CN1C(=O)CCC1c1ccc[n+](C2OC(C(=O)O)C(O)C(O)C2O)c1,,353.13432743208995,False,[]
413,O=C1CCC(c2cccnc2)N1,,162.07931294,False,[]
414,CN1C(=O)C(O)CC1c1cccnc1,,192.089877624,False,[]
415,CN1C(=O)CCC1(O)c1cccnc1,,192.089877624,False,[]
416,CN1C(=O)C(OC2OC(C(=O)O)C(O)C(O)C2O)CC1c1cccnc1,,368.1219656,False,[]
417,O=C(O)C=CC(Cl)=CC(=O)O,,175.98763632,False,[]
419,O=C(O)C=CC(=O)CC(=O)O,,158.021523292,False,[]
420,CC(C)CCCC(C)C1CCC2C3=CCC4CC(O)CCC4(C)C3CCC21C,,386.354866092,False,[]
421,O=C(O)CCCCC(S)CCS,,208.059171752,False,[]
422,O=C(O)C(O)C(O)C(O)C(O)COP(=O)(O)O,,276.024633246,False,[]
425,O=C(C=Cc1ccc(O)cc1)c1ccc(O)cc1O,,256.073558864,False,[]
426,NC(N)=NCCCC(NC(CCC(=O)O)C(=O)O)C(=O)O,,304.13828435999994,False,[]
427,CC(NC(CCCN=C(N)N)C(=O)O)C(=O)O,,246.132805056,False,[]
429,Cc1cc2c(cc1C)N(CC(O)C(O)C(O)CO)C1=NC(=O)NC(=O)C1N2,,378.153934424,False,[]
430,CN1CCCC1c1ccc[n+](C)c1,,177.13862496408998,False,[]
431,C[N+]1=CCCC1c1cccnc1,,161.10732483609,False,[]
432,CN1CCCC1(O)c1cccnc1,,178.110613068,False,[]
433,O=C1CCC(c2cccnc2)N1CO,,192.089877624,False,[]
434,CNCCCC(=O)c1cccnc1,,178.110613068,False,[]
435,NC(=O)CCC(=O)c1cccnc1,,178.07422756,False,[]
436,CNC(=O)CCC(=O)c1cccnc1,,192.089877624,False,[]
437,O=C(O)CCC(=O)c1cccnc1,,179.058243148,False,[]
438,O=C(O)CCC(O)c1cccnc1,,181.073893212,False,[]
439,O=C(O)CC=Cc1cccnc1,,163.063328528,False,[]
440,CC(C)CCCC(C)C1CCC2C3CCC4=CC(=O)CCC4(C)C3CCC12C,,384.339216028,False,[]
442,O=C(O)C(=O)C(O)C(O)C(O)COP(=O)(O)O,,274.008983182,False,[]
443,CC12CCC3C(CCC4CC(=O)CCC43C)C1CCC2=O,,288.208930136,False,[]
444,CC(NC(C)(C)C)C(=O)c1cccc(Cl)c1,,239.107691876,False,[]
445,CC(NC(C)(C)C)C(O)c1cccc(Cl)c1,,241.12334194,False,[]
446,CC(NC(C)(C)CO)C(=O)c1cccc(Cl)c1,,255.102606496,False,[]
447,O=C(O)c1cccc(Cl)c1,,155.99780708,False,[]
448,O=C(O)CNC(=O)c1cccc(Cl)c1,,213.019270796,False,[]
450,CC12CCC3c4ccc(O)cc4CCC3C1CCC2O,,272.177630008,False,[]
452,O=C1C(O)C(O)C(O)C(O)C1O,,178.04773804,False,[]
453,OCC(O)C(O)C(O)C(O)CO,,182.079038168,False,[]
455,CC(O)C(=O)C1=NC2C(=O)NC(N)=NC2NC1,,239.101839276,False,[]
458,C[S+](C)CCC(N)C(=O)O,,164.07397610809,False,[]
461,CCCCCCCCCCCCCCCC(=O)OC(CC(=O)[O-])C[N+](C)(C)C,,399.33485892,False,[]
462,CCCCCCCCCCCCCCCC(=O)OC(CC(=O)O)C[N+](C)(C)C,,400.34213537208996,False,[]
463,NC(N)=NCCCC(NC(=O)CCC(=O)O)C(=O)O,,274.127719676,False,[]
464,O=C(O)CNC(=O)c1ccccc1,,179.058243148,False,[]
465,CSCC1OC(OP(=O)(O)O)C(O)C1O,,260.011960386,False,[]
466,O=P(O)(O)OC1OC(CO)C(O)C(O)C1O,,260.02971862600003,False,[]
467,CC(C)=CCCC(C)=CCCC(C)=CCCC(C)=CC1C(COP(=O)(O)OP(=O)(O)O)C1(C)CCC=C(C)CCC=C(C)CCC=C(C)C,,722.4440277759999,False,[]
468,CC(C)=CCCC(C)=CCCC(C)=CC1C(COP(=O)(O)OP(=O)(O)O)C1(C)CCC=C(C)CCC=C(C)C,,586.3188272639999,False,[]
469,NC(CCCC(=O)O)C(=O)O,,161.068807832,False,[]
471,O=C1c2c(O)cc(O)cc2OC(c2ccc(O)c(O)c2)C1O,,304.058302724,False,[]
472,Nc1ccccc1C(=O)CC(=O)C(=O)O,,207.053157768,False,[]
474,CN(C)OP(=O)(O)OCC1OC(n2cnc3c(N)ncnc32)C(O)C1O,,390.105283578,False,[]
475,CC1OC(OP(=O)(O)O)C(O)C(O)C1O,,244.034804006,False,[]
476,CC(O)(CCOP(=O)(O)O)CC(=O)O,,228.039889386,False,[]
477,O=P(O)(O)OC1C(O)C(OP(=O)(O)O)C(OP(=O)(O)O)C(O)C1OP(=O)(O)O,,499.9287101919998,False,[]
478,O=P(O)(O)OC1C(O)C(OP(=O)(O)O)C(OP(=O)(O)O)C(OP(=O)(O)O)C1O,,499.9287101919998,False,[]
479,CC(C)(CO)C(O)C(=O)NCCC(=O)NCCS,,278.130028184,False,[]
481,O=C(COP(=O)(O)O)C(O)C(O)C(O)CO,,260.02971862600003,False,[]
482,O=P(O)(O)OC1C(O)C(OP(=O)(O)O)C(OP(=O)(O)O)C(OP(=O)(O)O)C1OP(=O)(O)O,,579.895040714,False,[]
483,O=P(O)(O)OCC1OC(CO)(OP(=O)(O)O)C(O)C1O,,339.99604914799994,False,[]
485,C[N+](C)(C)CCOS(=O)(=O)[O-],,183.056528896,False,[]
486,C[N+](C)(C)CCOS(=O)(=O)O,,184.06380534809,False,[]
488,NC(CCC(=O)NC(CSC=O)C(=O)NCC(=O)O)C(=O)O,,335.07872088399995,False,[]
489,O=S(=O)(O)NC1C(O)OC(CO)C(O)C1O,,259.03618737600004,False,[]
491,O=S(=O)([O-])SS(=O)(=O)[O-],,191.88679787982002,False,[]
492,O=S(=O)(O)SS(=O)(=O)O,,193.90135078400002,False,[]
493,N/C(=N\CCCC(N)C(=O)O)NC1OC(COP(=O)(O)OP(=O)(O)OCC2OC(n3cnc4c(N)ncnc43)C(O)C2O)C(O)C1O,,715.17278468,False,[]
494,CSCC1OC(O)C(O)C1O,,180.045629864,False,[]
495,NC(CCSCC1OC(O)C(O)C1O)C(=O)O,,267.07765826400004,False,[]
496,CC(=O)NCCCNCCCCN,,187.168462292,False,[]
497,NC(=O)CCCCC1SCC2NC(=O)NC21,,243.104147784,False,[]
501,CN(C)/C(N)=N/CCCC(N)C(=O)O,,202.142975816,False,[]
505,Nc1c(NC2OC(COP(=O)(O)O)C(O)C2O)[nH]c(=O)[nH]c1=O,,354.05766469,False,[]
507,Nc1ccn(C2OC(COP(=O)(O)OP(=O)(O)OCC(O)CO)C(O)C2O)c(=O)n1,,477.05496099199985,False,[]
508,Nc1ncnc2c1ncn2C1OC(COP(=O)(O)OP(=O)(O)OP(=O)(O)OP(=O)(O)O)C(O)C1O,,586.9620759839999,False,[]
510,O=P1(O)OP(=O)(O)OP(=O)(O)O1,,239.898991566,False,[]
511,Cc1ncc(C[n+]2csc(CCOP(=O)(O)OP(=O)(O)OP(=O)(O)O)c2C)c(N)n1,,505.0107501500899,False,[]
512,O=C(O)C(=O)C=CCC(=O)c1ccccc1,,218.05790879999998,False,[]
513,CC(O)(C(=O)O)C(CC(=O)O)C(=O)O,,206.04265266000002,False,[]
514,Nc1ncnc2c1ncn2C1OC(COP(=O)(O)OC(=O)c2cccc(O)c2O)C(O)C1O,,483.0791284059998,False,[]
515,CC(C(=O)O)C(O)(CC(=O)O)C(=O)O,,206.04265266000002,False,[]
516,CC(O)(CCOP(=O)(O)OP(=O)(O)O)CC(=O)O,,308.006219908,False,[]
519,O=C(O)CC(O)C(O)C(=O)COP(=O)(O)O,,258.01406856200003,False,[]
520,CCCCCCCCCCCCCCCC(O)C(N)COP(=O)(O)O,,381.2644100099999,False,[]
528,CC(=O)OCCC(N)C(=O)O,,161.068807832,False,[]
529,O=C(O)COP(=O)(O)O,,155.98237451,False,[]
541,O=Cc1ccc([N+](=O)[O-])cc1,,151.02694302,False,[]
543,O=C(O)CC1(C(=O)O)C=CC(=O)O1,,186.01643791200001,False,[]
547,O=C(O)Cc1ccc(O)c(O)c1,,168.042258736,False,[]
548,O=C(O)CC(C=CC(=O)C(=O)O)=CO,,200.032087976,False,[]
550,O=C(O)CC(C=CC(=O)C(=O)O)C(=O)O,,216.02700259600002,False,[]
551,O=C(O)CC=CC=C(O)C(=O)O,,172.037173356,False,[]
553,O=C(O)CCC(O)CC(=O)C(=O)O,,190.04773804,False,[]
556,O=CCCC(NC(=O)CCC(=O)O)C(=O)O,,231.074287136,False,[]
558,NC(N)=NCCCC(=O)C(=O)O,,173.080041212,False,[]
560,O=C(O)CC(O)C(O)C(=O)CO,,178.04773804,False,[]
561,CSCCC(=O)C(=O)COP(=O)(O)O,,242.00139570200002,False,[]
562,CSCCC(=O)C(O)=CO,,162.03506518,False,[]
566,CC(=O)O.[Hg][c]1ccccc1,,339.030897528,False,[]
567,[Hg][c]1ccccc1,,279.00976816,False,[]
568,c1ccc2c(c1)oc1ccccc12,,168.057514876,False,[]
569,Oc1ccccc1-c1cccc(O)c1O,,202.06299418,False,[]
570,O=C(O)C(=O)C=CC=C(O)c1ccccc1,,218.05790879999998,False,[]
571,NC(=O)CCCCC(CCS)SC(=O)CCC(=O)O,,307.091200152,False,[]
572,O=CN(O)CCCP(=O)(O)O,,183.02965905,False,[]
573,CC(C=CC=C(C)C=CC1=C(C)CCCC1(C)C)=CC=CC=C(C)C=CC=C(C)C=CC1=C(C)CCCC1(C)C,,536.438201792,False,[]
577,[NH3+]C1C(OC2C(O)C(O)C(O)C(O)C2O)OC(CO)C(O)C1O,,342.1394723880899,False,[]
578,NC1C(OC2C(O)C(O)C(O)C(O)C2O)OC(CO)C(O)C1O,,341.13219593599996,False,[]
579,CC(=O)NC1C(OC2C(O)C(O)C(O)C(O)C2O)OC(CO)C(O)C1O,,383.14276061999993,False,[]
580,CC(=O)NC(CS)C(=O)NC1C(OC2C(O)C(O)C(O)C(O)C2O)OC(CO)C(O)C1O,,486.1519453999998,False,[]
581,CC(=O)NC(CS)C(=O)O,,163.030314148,False,[]
583,CN1C(=O)CCC1c1ccc[n+](C)c1,,191.11788952009,False,[]
584,O=C(O)C1(O)C=Cc2ccccc2O1,,192.04225873599998,False,[]
585,O=C(O)C(=O)C=Cc1ccccc1O,,192.04225873599998,False,[]
587,CN(CC(=O)O)C(N)=NP(=O)(O)O,,211.03580705,False,[]
593,Nc1ccn(C2OC(COP(=O)(O)OP(=O)(O)OP(=O)(O)O)C(O)C2O)c(=O)n1,,482.9845120819998,False,[]
595,NC(CSSCC(N)C(=O)O)C(=O)O,,240.023848864,False,[]
596,Nc1ccn(C2OC(CO)C(O)C2O)c(=O)n1,,243.085520516,False,[]
599,O=C(O)C(=O)CC(O)C(=O)O,,162.016437912,False,[]
600,O=C1OC(COP(=O)(O)O)C(O)C(O)C1O,,258.01406856200003,False,[]
601,CC(N)C(=O)NC(C)C(=O)O,,160.084792244,False,[]
603,O=C(CO)C(O)C(O)C(O)COP(=O)(O)O,,260.02971862600003,False,[]
604,O=C(O)C(O)C(O)C(O)C(O)CO,,196.058302724,False,[]
606,O=P(O)(O)OCC(O)C(O)c1cnc[nH]1,,238.035472702,False,[]
607,O=C(O)C(O)C(O)C(O)C(O)C(=O)O,,210.03756728,False,[]
608,O=C1OC(C(O)CO)C(O)C1O,,178.04773804,False,[]
609,NC1C(O)OC(COP(=O)(O)O)C(O)C1O,,259.04570303800006,False,[]
610,O=C(O)C1OC(O)C(O)C(O)C1O,,194.04265266,False,[]
615,O=C(COP(=O)(O)O)C(O)C(O)CO,,230.019153942,False,[]
616,O=C(CO)C(O)C(O)C(O)C(O)COP(=O)(O)O,,290.04028331,False,[]
618,O=P(O)(O)OCC(O)C(O)C(O)C(O)CO,,262.04536869000003,False,[]
619,O=C(CO)C(O)C(O)CO,,150.05282342,False,[]
620,Nc1ncnc2c1ncn2C1CC(O)C(COP(=O)(O)OP(=O)(O)O)O1,,411.03450031999984,False,[]
621,Nc1ncnc2c1ncn2C1CC(O)C(COP(=O)(O)O)O1,,331.0681697979999,False,[]
622,Nc1ncnc2c1ncn2C1CC(O)C(COP(=O)(O)OP(=O)(O)OP(=O)(O)O)O1,,491.00083084199974,False,[]
623,Nc1ccn(C2CC(O)C(COP(=O)(O)OP(=O)(O)O)O2)c(=O)n1,,387.0232669399999,False,[]
624,Nc1ccn(C2CC(O)C(COP(=O)(O)O)O2)c(=O)n1,,307.056936418,False,[]
625,Nc1ccn(C2CC(O)C(COP(=O)(O)OP(=O)(O)OP(=O)(O)O)O2)c(=O)n1,,466.98959746199984,False,[]
626,O=C(O)CC(O)C(O)C(O)CO,,180.063388104,False,[]
627,O=C(O)CC(=O)C(O)C(O)CO,,178.04773804,False,[]
628,Nc1ncnc2c1ncn2C1OC(COP(=O)(O)OP(=O)(O)OCC2OC([n+]3cccc(C(=O)O)c3)C(O)C2O)C(O)C1O,,665.10041384409,False,[]
629,[H]/N=C(\N)N(C)CCC(N)CC(=O)NC1C=CC(n2ccc(=O)[nH]c2=O)OC1C(=O)O,,423.1866315199999,False,[]
630,O=C1CC(O)(C(=O)O)CC(O)C1O,,190.04773804,False,[]
631,CCCCCCCCCCCCCCCC(=O)C(N)CO,,299.282429424,False,[]
632,O=C(O)C1=NC(C(=O)O)CCC1,,171.053157768,False,[]
633,CC(C)=CCCC(C)=CCCC(C)=CCCC(C)=CCCC(C)=CCCC(C)=CCCC(C)=CCCC(C)=CCC1=CC(=O)c2ccccc2C1=O,,702.5375814800001,False,[]
634,O=P(O)(O)OC1CC(O)C(CO)O1,,214.02423932200003,False,[]
635,O=P(O)(O)OCC1OC(O)CC1O,,214.024239322,False,[]
636,Nc1ncnc2c1ncn2C1CC(O)C(CO)O1,,251.101839276,False,[]
637,Nc1ccn(C2CC(O)C(CO)O2)c(=O)n1,,227.090605896,False,[]
640,O=c1ccn(C2CC(O)C(CO)O2)c(=O)[nH]1,,228.074621484,False,[]
641,CC(=O)C(O)C(O)COP(=O)(O)O,,214.02423932200003,False,[]
642,CC(C)(COP(=O)(O)OP(=O)(O)OCC1OC(n2cnc3c(N)ncnc32)C(O)C1O)C(O)C(=O)NCCC(=O)NCCS,,687.14887844,False,[]
643,CC1NC(=O)NC1CCCCCC(=O)O,,214.131742436,False,[]
647,CC(C)=CCOP(=O)(O)OP(=O)(O)O,,246.00582598399998,False,[]
648,O=C1CC(C(=O)O)NC(=O)N1,,158.032756672,False,[]
652,CC(N)C(N)CCCCCC(=O)O,,188.15247788,False,[]
654,CCOP(=O)(O)OCC,,154.03949546200002,False,[]
655,CCOP(O)(=S)OCC,,170.016651842,False,[]
656,CCCCCCCCCC(CCCCCCCCCCCC(=O)O)OC1OC(CO)C(O)C(O)C1OC1OC(CO)C(O)C(O)C1O,,680.4346921079998,False,[]
657,CCCCCCCCCC(CCCCCCCCCCCC(=O)O)OC1OC(CO)C(O)C(O)C1OC1OC(COC(C)=O)C(O)C(O)C1O,,722.4452567919999,False,[]
658,CCCCCCCCCC(CCCCCCCCCCCC(=O)O)OC1OC(COC(C)=O)C(O)C(O)C1OC1OC(COC(C)=O)C(O)C(O)C1O,,764.4558214759999,False,[]
662,O=C1c2c(O)cc(O)cc2OC(c2ccc(O)cc2)C1O,,288.063388104,False,[]
663,NC(=O)CCCCC(S)CCS,,207.075156164,False,[]
668,O=C(CO)COP(=O)(O)O,,169.998024574,False,[]
669,CC(=O)C(O)COP(=O)(O)O,,184.013674638,False,[]
671,O=C(O)c1cc(O)c2ccccc2c1O,,204.042258736,False,[]
672,Cc1nc2c(=O)[nH]c(=O)nc-2n(CC(O)C(O)C(O)CO)c1C,,326.122634296,False,[]
680,CCC(C)=CCCCC(C)CCOP(=O)(O)O,,264.14904591,False,[]
681,NCCc1ccc(O)c(O)c1,,153.078978592,False,[]
682,NC(CC1=CC(=O)C(=O)C=C1)C(=O)O,,195.053157768,False,[]
683,O=C(OP(=O)(O)O)C(O)COP(=O)(O)O,,265.959269716,False,[]
684,Cc1cn(C2CC(O)C(COP(=O)(O)OP(=O)(O)OC3OC(CO)C(O)C(O)C3O)O2)c(=O)[nH]c1=O,,564.0757560119998,False,[]
685,Cc1cn(C2CC(O)C(COP(=O)(O)OP(=O)(O)OC3OC(C)C(=O)C(O)C3O)O2)c(=O)[nH]c1=O,,546.0651913279997,False,[]
686,Cc1cn(C2CC(O)C(COP(=O)(O)OP(=O)(O)OC3OC(C)C(O)C(O)C3O)O2)c(=O)[nH]c1=O,,548.0808413919998,False,[]
687,O=c1ccn(C2CC(O)C(COP(=O)(O)OP(=O)(O)O)O2)c(=O)[nH]1,,388.0072825279999,False,[]
688,O=c1ccn(C2CC(O)C(COP(=O)(O)O)O2)c(=O)[nH]1,,308.04095200600005,False,[]
689,O=c1ccn(C2CC(O)C(COP(=O)(O)OP(=O)(O)OP(=O)(O)O)O2)c(=O)[nH]1,,467.97361304999987,False,[]
691,O=C(O)C(O)=Cc1ccccc1,,164.04734411599998,False,[]
692,O=C(NC1COC(=O)C(NC(=O)c2cccc(O)c2O)COC(=O)C(NC(=O)c2cccc(O)c2O)COC1=O)c1cccc(O)c1O,,669.1442171639999,False,[]
693,CC(C)=CCCC(C)=CCCC(C)=CCCC=C(C)CCC=C(C)CCC1OC1(C)C,,426.38616621999995,False,[]
695,O=C([O-])C(O)C(O)COP(=O)(O)O,,214.99622742591,False,[]
696,O=C(O)C(O)C(O)COP(=O)(O)O,,216.003503878,False,[]
697,O=CC(O)C(O)COP(=O)(O)O,,200.00858925800003,False,[]
698,CC12CCC3c4ccc(O)cc4CCC3C1CCC2=O,,270.161979944,False,[]
699,CC12CCC3c4ccc(OS(=O)(=O)O)cc4CCC3C1CCC2=O,,350.118794804,False,[]
703,Cc1cc2nc3c(=O)[nH]c(=O)nc-3n(CC(O)C(O)C(O)COP(=O)(O)OP(=O)(O)OCC3OC(n4cnc5c(N)ncnc54)C(O)C3O)c2cc1C,,785.1571346159997,False,[]
704,NCC(O)C(O)C(O)COP(=O)(O)OP(=O)(O)OCC1OC(n2cnc3c(N)ncnc32)C(O)C1O,,560.1033081520001,False,[]
705,Cc1cc2c(cc1C)N(CC(O)C(O)C(O)COP(=O)(O)OP(=O)(O)OCC1OC(n3cnc4c(N)ncnc43)C(O)C1O)c1[nH]c(=O)[nH]c(=O)c1N2,,787.1727846799998,False,[]
706,CC(C)=CCCC(C)=CCCC(C)=CCOP(=O)(O)OP(=O)(O)O,,382.1310264959999,False,[]
707,CC(C)=CCCC(C)=CCCC(C)=CCCC(C)=CCCC(C)=CCCC(C)=CCCC(C)=CCCC(C)=CCO,,562.5113667319999,False,[]
708,CC(C)=CCCC(C)=CCCC(C)=CCCC(C)=CCCC(C)=CCCC(C)=CCCC(C)=CCCC(C)=CCOP(=O)(O)OP(=O)(O)O,,722.4440277760001,False,[]
709,COc1cc(C=CC(=O)O)ccc1O,,194.0579088,False,[]
710,Cc1cc2nc3c(=O)[nH]c(=O)nc-3n(CC(O)C(O)C(O)COP(=O)(O)O)c2cc1C,,456.1046148819999,False,[]
711,Cc1cc2c(cc1C)N(CC(O)C(O)C(O)COP(=O)(O)O)c1[nH]c(=O)[nH]c(=O)c1N2,,458.12026494599996,False,[]
714,CC(C)(COP(=O)(O)OP(=O)(O)OCC1OC(n2cnc3c(N)ncnc32)C(O)C1OP(=O)(O)O)C(O)C(=O)NCCC(=O)NCCSC=O,,795.1101235820001,False,[]
715,O=CNCc1cc(COc2ccc(CCNC(=O)CCC(NC(=O)CCC(NC(=O)CCC(C(=O)O)C(CCC(=O)O)C(=O)O)C(=O)O)C(=O)O)cc2)co1,,776.2752313280002,False,[]
716,OCC1OC(O)(CO)C(O)C1O,,180.063388104,False,[]
717,O=P(O)(O)OCC1(O)OC(CO)C(O)C1O,,260.02971862600003,False,[]
718,O=P(O)(O)OCC1OC(O)(COP(=O)(O)O)C(O)C1O,,339.99604914799994,False,[]
719,O=P(O)(O)OCC1OC(O)(CO)C(O)C1O,,260.02971862600003,False,[]
720,NC(CCCCNC1OC(CO)C(O)C(O)C1=O)C(=O)O,,306.142701044,False,[]
721,NC(CCCCNC1OC(COP(=O)(O)O)C(O)C(O)C1=O)C(=O)O,,386.10903156599994,False,[]
722,O=C(O)C1(O)OC(CO)C(O)C1O,,194.04265266,False,[]
724,O=C(O)C(O)COP(=O)(O)O,,185.992939194,False,[]
727,ClC1C(Cl)C(Cl)C(Cl)C(Cl)C1Cl,,287.860066272,False,[]
728,ClC1=CC(Cl)C(Cl)C(Cl)C1Cl,,251.88338856,False,[]
729,O=CC(O)COP(=O)(O)O,,169.998024574,False,[]
734,CC(C)=CCCC(C)=CCOP(=O)(O)OP(=O)(O)O,,314.0684262399999,False,[]
735,CC(C)=CCCC(C)=CCCC(C)=CCCC(C)=CCOP(=O)(O)OP(=O)(O)O,,450.19362675199983,False,[]
736,O=C1OC(CO)C(O)C(O)C1O,,178.04773804,False,[]
737,O=P(O)(O)OCC1OC(OP(=O)(O)O)C(O)C(O)C1O,,339.99604914799994,False,[]
739,NC1C(O)OC(CO)C(O)C1O,,179.079372516,False,[]
740,NC1C(OP(=O)(O)O)OC(CO)C(O)C1O,,259.045703038,False,[]
745,NC(CCC(=O)NC(CS)C(=O)NCC(=O)O)C(=O)O,,307.083806264,False,[]
746,NC(CCC(=O)NC(CSS)C(=O)NCC(=O)O)C(=O)O,,339.05587726399995,False,[]
747,NC(CCC(=O)NC(CSS(=O)(=O)[O-])C(=O)NCC(=O)O)C(=O)O,,386.0333446719099,False,[]
748,NC(CCC(=O)NC(CSS(=O)(=O)O)C(=O)NCC(=O)O)C(=O)O,,387.0406211239999,False,[]
749,NCCCCNCCCNC(=O)CNC(=O)C(CS)NC(=O)CCC(N)C(=O)O,,434.23113918799993,False,[]
754,O=P(O)(O)OCC(O)CO,,172.013674638,False,[]
755,CC(CCC(=O)NCC(=O)O)C1CCC2C3C(O)CC4CC(O)CCC4(C)C3CC(O)C12C,,465.30903809599994,False,[]
765,Nc1nc(=O)c2ncn(C3OC(CO)C(O)C3O)c2[nH]1,,283.091668516,False,[]
771,C=CC1=C2C=C3NC(=CC4NC(=CC5NC(C=C(N2)C1C)C(C(O)CCC=C(C)CCC=C(C)CCC=C(C)C)C5C)C(C)C4CCC(=O)O)C(CCC(=O)O)C3C,,796.5502714040001,False,[]
773,NC(Cc1cnc[nH]1)C(=O)O,,155.069476528,False,[]
780,O=C(O)Cc1cc(O)ccc1O,,168.042258736,False,[]
782,O=C(O)CCC1NC(=O)NC1=O,,172.048406736,False,[]
786,CC(=CCOP(=O)(O)OP(=O)(O)O)CO,,262.000740604,False,[]
792,O=C(COP(=O)(O)O)Cc1cnc[nH]1,,220.024908018,False,[]
793,O=C(O)C(O)Cc1cnc[nH]1,,156.053492116,False,[]
794,O=C(O)C(=O)Cc1cnc[nH]1,,154.037842052,False,[]
799,O=P(O)(O)OCC(O)C(O)c1c[nH]c2ccccc12,,287.055873798,False,[]
800,O=CCc1c[nH]c2ccccc12,,159.068413908,False,[]
801,O=C([O-])Cc1c[nH]c2ccccc12,,174.05605207591,False,[]
802,O=C(O)Cc1c[nH]c2ccccc12,,175.063328528,False,[]
803,O=C(O)C(=O)Cc1c[nH]c2ccccc12,,203.058243148,False,[]
805,O=P(O)(O)OC1C(O)C(O)C(OP(=O)(O)O)C(O)C1O,,339.99604914799994,False,[]
806,O=P(O)(O)OC1C(O)C(O)C(OP(=O)(O)O)C(OP(=O)(O)O)C1O,,419.9623796699999,False,[]
807,II,,253.808946,False,[]
809,C=C(OC1C=CC=C(C(=O)O)C1O)C(=O)O,,226.04773804,False,[]
815,NCC1OC(OC2C(N)CC(N)C(OC3OC(CO)C(O)C(N)C3O)C2O)C(O)C(O)C1O,,484.23805797199987,False,[]
816,NCC1OC(OC2C(N)CC(N)C(OC3OC(CO)C(O)C(N)C3O)C2O)C(N)C(O)C1O,,483.25404238399994,False,[]
817,O=C(O)C(=O)CC(O)C(O)C(O)C(O)CO,,238.068867408,False,[]
818,O=C(O)C(=O)CC(O)C(O)C(O)C(O)COP(=O)(O)O,,318.0351979299999,False,[]
823,C[N+](C)(C)CCOP(=O)(O)OCC(O)CO,,258.11010044209,False,[]
826,CC(N)C(=O)NC(CCC(=O)NC(CCCC(N)C(=O)O)C(=O)O)C(=O)O,,390.17506379199983,False,[]
827,OCC(O)C(O)C(O)CO,,152.068473484,False,[]
828,N/C(=N\CCCC(N)C(=O)O)NC(CC(=O)O)C(=O)O,,290.122634296,False,[]
830,[N-]=[N+]=CC(=O)OCC(N)C(=O)O,,173.043655704,False,[]
831,N#[N+]C=C(O)OCC(N)C(=O)O,,174.05093215609,False,[]
832,NC(CC(=O)OP(=O)(O)O)C(=O)O,,213.003838226,False,[]
833,NC(=O)NCCCC(N)C(=O)O,,175.095691276,False,[]
834,NC(CCSCC(N)C(=O)O)C(=O)O,,222.067427928,False,[]
835,O=C1OC(C(O)CO)C(=O)C1=O,,174.01643791200001,False,[]
836,NC(Cc1ccc(O)c(O)c1)C(=O)O,,197.068807832,False,[]
837,O=C1C=C2NC(C(=O)O)C=C2CC1=O,,193.037507704,False,[]
838,CNCC(O)c1ccc(O)c(O)c1,,183.089543276,False,[]
839,NC(CC(O)C(=O)O)C(=O)O,,163.048072388,False,[]
840,CC1OC(O)C(O)C(O)C1O,,164.068473484,False,[]
841,CC(O)C(O)C(O)C(=O)CO,,164.068473484,False,[]
842,NC(CCC(=O)NC(CS)C(=O)O)C(=O)O,,250.062342548,False,[]
843,NC(CCC(=O)OP(=O)(O)O)C(=O)O,,227.01948829,False,[]
845,NC(COP(=O)(O)O)Cc1cnc[nH]1,,221.05654249399998,False,[]
846,Nc1ccccc1C(=O)CC(N)C(=O)O,,208.084792244,False,[]
847,CS(=O)CCC(N)C(=O)O,,165.045964212,False,[]
850,O=C(CO)C(O)C(O)COP(=O)(O)O,,230.019153942,False,[]
851,NC(C[SeH])C(=O)O,,168.964199764,False,[]
853,NC(Cc1cc(I)c(Oc2cc(I)c(O)c(I)c2)c(I)c1)C(=O)O,,776.686699832,False,[]
854,O=CC(O)C(O)C(O)CO,,150.05282342,False,[]
856,CC(C)=CCCC(C)C1CCC2(C)C3=C(CCC12C)C1(C)CCC(O)C(C)(C)C1CC3,,426.38616621999995,False,[]
858,O=CCCCC1OC1C=CC=C1C=CCC=CC1,,244.14632988,False,[]
859,CCCCCC=CCC=CC=CC=CC(SCC(NC(=O)CCC(N)C(=O)O)C(=O)NCC(C)=O)C(O)CCCC(=O)O,,623.324036528,False,[]
860,CCC=CCC=CCC=CCCCCCCCC(=O)O,,278.2245802,False,[]
861,NC(Cc1cc(I)c(Oc2ccc(O)c(I)c2)c(I)c1)C(=O)O,,650.790051864,False,[]
863,NC(=O)CCCCC1CCSS1,,205.0595061,False,[]
864,O=C(O)CCCCC1CCSS1,,206.043521688,False,[]
865,NC(CCCC(N)C(=O)O)C(=O)O,,190.095356928,False,[]
870,OCC1OC(OC2C(CO)OC(OC3C(CO)OC(OC4C(CO)OC(O)C(O)C4O)C(O)C3O)C(O)C2O)C(O)C(O)C1O,,666.2218583639999,False,[]
871,OCC1OC(OC2C(CO)OC(OC3C(CO)OC(O)C(O)C3O)C(O)C2O)C(O)C(O)C1O,,504.1690349439998,False,[]
872,OCC1OC(OCC2OC(O)C(O)C(O)C2O)C(O)C(O)C1O,,342.11621152399994,False,[]
873,O=C(O)CCc1ccccc1O,,166.06299418,False,[]
875,O=C(O)C(O)C(O)C(=O)O,,150.016437912,False,[]
879,NCc1cc(COc2ccc(CCNC(=O)CCC(NC(=O)CCC(NC(=O)CCC(C(=O)O)C(CCC(=O)O)C(=O)O)C(=O)O)C(=O)O)cc2)co1,,748.2803167080001,False,[]
890,O=P(O)(O)OC1C(OP(=O)(O)O)C(OP(=O)(O)O)C(OP(=O)(O)O)C(OP(=O)(O)O)C1OP(=O)(O)O,,659.8613712360001,False,[]
891,COC(=O)C(=CC(=O)O)CC(=O)O,,188.032087976,False,[]
892,OC1C(O)C(O)C(O)C(O)C1O,,180.063388104,False,[]
893,CSCCS(=O)(=O)O,,155.991486116,False,[]
894,O=C(O)c1ccccc1NC1OC(COP(=O)(O)O)C(O)C1O,,349.0562677219999,False,[]
895,NCCCCCC(=O)NCCCCCC(=O)O,,244.178692628,False,[]
896,COc1ccc2[nH]cc(CCNC(C)=O)c2c1,,232.121177752,False,[]
897,CC(=O)NC1C(N)OC(CO)C(O)C1O,,220.105921612,False,[]
898,CC(=O)NC1C(O)OC(COP(=O)(O)O)C(O)C1O,,301.056267722,False,[]
899,CC(=O)NC1C(O)OC(CO)C(O)C1O,,221.0899372,False,[]
900,CC(=O)NC1C(OP(=O)(O)O)OC(CO)C(O)C1O,,301.056267722,False,[]
901,CC(=O)NC(CCC(=O)OP(=O)(O)O)C(=O)O,,269.030052974,False,[]
902,CC(=O)NCCC(N)C(=O)O,,160.084792244,False,[]
903,CC(=O)NCCc1c[nH]c2ccc(O)cc12,,218.105527688,False,[]
905,CC(=O)NC(CCC=O)C(=O)O,,173.068807832,False,[]
906,CC(=O)NC1C(O)CC(O)(C(=O)O)OC1C(O)C(O)CO,,309.105981188,False,[]
907,CC(=O)NC(CCCN)C(=O)O,,174.100442308,False,[]
909,N/C=N/C(CCC(=O)O)C(=O)O,,174.0640568,False,[]
910,NC(CC(=O)c1ccccc1NC=O)C(=O)O,,236.079706864,False,[]
911,CSCCC(NC=O)C(=O)O,,177.045964212,False,[]
913,CNCC(O)c1ccccc1,,151.099714036,False,[]
914,CNC(Cc1c[nH]c2ccccc12)C(=O)O,,218.105527688,False,[]
915,O=C(O)CCC(=O)NC(CCCC(=O)C(=O)O)C(=O)O,,289.07976644,False,[]
916,CC(=O)NCCCNCCCCNCCCN,,244.22631151599998,False,[]
917,CN1CNc2nc[nH]c2C1N,,153.10144535199998,False,[]
918,O=C(O)CCC(=O)NC(CCC(=O)O)C(=O)O,,247.069201756,False,[]
919,O=C(O)CCC(=O)NC(CCCO)C(=O)O,,233.0899372,False,[]
920,NCCCC(NC(=O)CCC(=O)O)C(=O)O,,232.105921612,False,[]
922,CNC(=O)CCC(N)C(=O)O,,160.084792244,False,[]
925,NC(=O)c1ccc[n+](C2OC(COP(=O)([O-])OP(=O)(O)OCC3OC(n4cnc5c(N)ncnc54)C(O)C3O)C(O)C2O)c1,,663.1091218040001,False,[]
926,NC(=O)c1ccc[n+](C2OC(COP(=O)(O)OP(=O)(O)OCC3OC(n4cnc5c(N)ncnc54)C(O)C3O)C(O)C2O)c1,,664.1163982560901,False,[]
927,Nc1ncnc2c1ncn2C1OC(COP(=O)(O)OP(=O)(O)OCC2OCC(O)C2O)C(O)C1O,,543.0767590559998,False,[]
928,NC(=O)C1=CN(C2OC(COP(=O)(O)OP(=O)(O)OCC3OC(n4cnc5c(N)ncnc54)C(O)C3O)C(O)C2O)C=CC1,,665.1247718680002,False,[]
929,NC(=O)c1ccc[n+](C2OC(COP(=O)(O)OP(=O)(O)OCC3OC(n4cnc5c(N)ncnc54)C(OP(=O)(O)O)C3O)C(O)C2O)c1,,744.0827287780902,False,[]
930,NC(=O)C1=CN(C2OC(COP(=O)(O)OP(=O)(O)OCC3OC(n4cnc5c(N)ncnc54)C(OP(=O)(O)O)C3O)C(O)C2O)C=CC1,,745.0911023900003,False,[]
932,O=C1CC(c2ccc(O)cc2)Oc2cc(O)cc(O)c21,,272.06847348400004,False,[]
939,NC(=O)c1ccc[n+](C2OC(COP(=O)(O)O)C(O)C2O)c1,,335.0638785220899,False,[]
940,NC(=O)c1ccc[n+](C2OC(CO)C(O)C2O)c1,,255.09754800009,False,[]
941,O=C(O)c1ccc[n+](C2OC(COP(=O)(O)O)C(O)C2O)c1,,336.04789411009,False,[]
942,CN1CCCC1c1cccnc1,,162.115698448,False,[]
951,NCC(O)c1ccc(O)c(O)c1,,169.073893212,False,[]
953,NC(CCOP(=O)(O)O)C(=O)O,,199.02457367,False,[]
954,NC(CCOC(=O)CCC(=O)O)C(=O)O,,219.074287136,False,[]
955,O=C(O)CCC(=O)c1ccccc1C(=O)O,,222.05282342,False,[]
958,COC1=CC(=O)C=C(CC=C(C)CCC=C(C)CCC=C(C)CCC=C(C)CCC=C(C)CCC=C(C)CCC=C(C)CCC=C(C)C)C1=O,,682.5324961000001,False,[]
959,COC1=CC(=O)C(C)=C(CC=C(C)CCC=C(C)CCC=C(C)CCC=C(C)CCC=C(C)CCC=C(C)CCC=C(C)CCC=C(C)C)C1=O,,696.5481461640001,False,[]
965,CCCCCCCCC=CCCCCCCCC(=O)O,,282.255880328,False,[]
967,O=C(O)c1cc(=O)[nH]c(=O)[nH]1,,156.017106608,False,[]
968,O=C(O)c1cc(=O)[nH]c(=O)n1C1OC(COP(=O)(O)O)C(O)C1O,,368.0256958659999,False,[]
969,CC(OP(=O)(O)OCC(O)C(O)C(O)Cn1c2cc(=O)ccc-2cc2c(=O)[nH]c(=O)[nH]c21)C(=O)NC(CCC(=O)NC(CCC(=O)O)C(=O)O)C(=O)O,,773.1792959420002,False,[]
972,O=C(O)CC(C(=O)O)C(=O)C(=O)O,,190.01135253200002,False,[]
975,NC(CCC(=O)NC(CSSCC(NC(=O)CCC(N)C(=O)O)C(=O)NCC(=O)O)C(=O)NCC(=O)O)C(=O)O,,612.151962464,False,[]
979,O=C(O)C(=O)Cc1ccc(O)cc1,,180.04225873599998,False,[]
981,Nc1c(C(=O)NC(CC(=O)O)C(=O)O)ncn1C1OC(COP(=O)(O)O)C(O)C1O,,454.0737086779999,False,[]
982,Nc1ncnc2c1ncn2C1OC(COP(=O)(O)OP(=O)(O)OP(=O)(O)OCC2OC(n3cnc4c(N)ncnc43)C(O)C2O)C(O)C1O,,756.0819346739999,False,[]
983,O=P(O)(O)OP(=O)(O)OP(=O)(O)O,,257.90955625000004,False,[]
984,CCCCCCCCCCCCCCCC=O,,240.24531564400002,False,[]
985,CCCCCCCCCCCCCCCC(=O)O,,256.240230264,False,[]
987,CC(C)(COP(=O)(O)O)C(O)C(=O)NCCC(=O)NCCS,,358.096358706,False,[]
988,CC(C)(CO)C(O)C(=O)NCCC(=O)O,,219.110672644,False,[]
990,Nc1ncnc2c1ncn2C1OC(COP(=O)(O)OS(=O)(=O)O)C(OP(=O)(O)O)C1O,,506.98622979999976,False,[]
991,CCOP(=S)(OCC)Oc1ccc([N+](=O)[O-])cc1,,291.033030178,False,[]
992,Oc1c(Cl)c(Cl)c(Cl)c(Cl)c1Cl,,263.847003052,False,[]
993,OCC1OC(O)C(O)C1O,,150.05282342,False,[]
994,NC(Cc1ccccc1)C(=O)O,,165.078978592,False,[]
995,c1ccc2c(c1)ccc1ccccc12,,178.07825032,False,[]
997,O=C(O)C(=O)Cc1ccccc1,,164.04734411599998,False,[]
1002,O=C1NC(=O)C(c2ccccc2)N1,,176.058577496,False,[]
1005,C=C(OP(=O)(O)O)C(=O)O,,167.98237451000003,False,[]
1006,NC(C(=O)[O-])C(O)COP(=O)(O)O,,214.01221183791,False,[]
1007,NC(C(=O)O)C(O)COP(=O)(O)O,,215.01948829,False,[]
1008,Nc1c2ncn(C3OC(COP(=O)(O)O)C(O)C3O)c2nc[n+]1C1OC(COP(=O)(O)O)C(O)C1O,,560.0789501280899,False,[]
1009,Nc1c2ncn(C3OC(COP(=O)(O)OP(=O)(O)OP(=O)(O)O)C(O)C3O)c2nc[n+]1C1OC(COP(=O)(O)O)C(O)C1O,,720.01161117209,False,[]
1010,Nc1c(C(=O)O)ncn1C1OC(COP(=O)(O)O)C(O)C1O,,339.0467656579999,False,[]
1011,NC(=O)c1ncn(C2OC(COP(=O)(O)O)C(O)C2O)c1NC=O,,366.05766469,False,[]
1012,NC(=O)c1ncn(C2OC(COP(=O)(O)O)C(O)C2O)c1NC=NC1OC(COP(=O)(O)O)C(O)C1O,,577.08223836,False,[]
1013,NC(=O)c1ncn(C2OC(COP(=O)(O)O)C(O)C2O)c1N/C=N/CC(=O)C(O)C(O)COP(=O)(O)O,,577.08223836,False,[]
1014,C[N+](C)(C)CCOP(=O)(O)O,,184.07332101008998,False,[]
1016,CC(OP(=O)(O)O)C(N)C(=O)O,,199.02457367000002,False,[]
1017,O=C(O)c1ccccc1C(=O)O,,166.026608672,False,[]
1019,O=[N+]([O-])c1ccc(O)c(OP(=O)(O)O)c1,,234.988188162,False,[]
1020,CC(C)=CCCC=CCOP(=O)(O)OP(=O)(O)O,,300.05277617599995,False,[]
1021,NCc1[nH]cc(CCC(=O)O)c1CC(=O)O,,226.095356928,False,[]
1022,C1=C/C2=C/C3=CC/C(=C/C4=N/C(=C\C5=N/C(=C\C1=N2)CC5)C=C4)N3,,312.13749651200004,False,[]
1023,O=P(O)(O)OP(=O)(O)O,,177.94322572800002,False,[]
1024,O=C(O)c1cc(C(=O)O)c2c(n1)C(=O)C(=O)c1cc(C(=O)O)[nH]c1-2,,330.012415152,False,[]
1025,NC1=NC2NC=C(C(O)C3OP(=O)([O-])OCC3O)NC2C(=O)N1,,348.07145802991005,False,[]
1026,NC1=NC2NC=C(C(O)C3OP(=O)(O)OCC3O)NC2C(=O)N1,,349.078734482,False,[]
1027,CC(=O)C1CCC2C3CC=C4CC(O)CCC4(C)C3CCC12C,,316.240230264,False,[]
1028,O=C(O)C(=O)CC1(C(=O)O)C=CC(O)C=C1,,226.04773803999998,False,[]
1029,NCC(O)CCC(N)C(=O)O,,162.100442308,False,[]
1034,CCC(=O)OP(=O)(O)O,,154.003109954,False,[]
1035,CCCCCC(O)C=CC1C2CC(OO2)C1CC=CCCCC(=O)O,,352.2249741239999,False,[]
1037,C=CC1C2C=C3NC(=CC4=C(CCC(=O)O)C(C)C(=CC5NC(C=C(N2)C1C)C(C=C)C5C)N4)C(CCC(=O)O)C3C,,574.351905952,False,[]
1039,C=CC1C2=NC(=C1C)CC1NC(CC3NC(CC4NC(C2)C(C)C4CCC(=O)O)C(CCC(=O)O)C3C)C(C)C1C=C,,580.3988561439999,False,[]
1040,C=CC1=C(C)/C2=C/C3=N/C(=C\C4=N/C(=C\C5=C(CCC(=O)O)C(C)/C(=C/C1=N2)N5)C(CCC(=O)O)=C4C)C(C)C3C=C,,564.273655632,False,[]
1041,O=P(O)(O)OCC1OC(OP(=O)(O)OP(=O)(O)O)C(O)C1O,,389.9518149859999,False,[]
1042,O=c1[nH]cc(C2OC(COP(=O)(O)O)C(O)C2O)c(=O)[nH]1,,324.03586662600003,False,[]
1050,Cc1ncc(CO)c(C=O)c1O,,167.058243148,False,[]
1051,Cc1ncc(COP(=O)(O)O)c(C=O)c1O,,247.02457367,False,[]
1052,Cc1ncc(CO)c(CN)c1O,,168.089877624,False,[]
1053,Cc1ncc(COP(=O)(O)O)c(CN)c1O,,248.056208146,False,[]
1054,Cc1ncc(CO)c(CO)c1O,,169.073893212,False,[]
1055,Cc1ncc(COP(=O)(O)O)c(CO)c1O,,249.040223734,False,[]
1058,O=P([O-])(O)OP(=O)(O)O,,176.93594927591002,False,[]
1062,COc1c(O)c(C)c(CC=C(C)CCC=C(C)C)c(O)c1OC,,320.19875937599994,False,[]
1063,NC1=NC(=O)C2=C(CNC3C=CC(O)C3O)C=NC2=N1,,275.101839276,False,[]
1064,O=C(O)C1(O)CC(O)C(O)C(O)C1,,192.06338810399998,False,[]
1065,C=CC1CN2CCC1CC2C(O)c1ccnc2ccc(OC)cc12,,324.183778008,False,[]
1066,O=C(O)c1cccnc1C(=O)O,,167.02185764,False,[]
1067,CC(OP(=O)(O)OCC(O)C(O)C(O)CN1c2[nH]c(=O)[nH]c(=O)c2CC2CCC(O)CC21)C(=O)NC(CCC(=O)NC(CCC(=O)O)C(=O)O)C(=O)O,,781.2418961980002,False,[]
1069,CC(C)=CCCC(C)=CCCC(C)=CCCC(C)=CCCC(C)=CCCC(C)=CCCC(C)=CCCC(C)=CCC1=C(C)C(O)c2ccccc2C1O,,720.584531672,False,[]
1070,CC(C=CC=C(C)C=CC1=C(C)CCCC1(C)C)=CC=O,,284.214015516,False,[]
1071,CC(C=CC1=C(C)CCCC1(C)C)=CC=CC(C)=CCO,,286.22966558,False,[]
1072,Cc1cc2nc3c(=O)[nH]c(=O)nc-3n(CC(O)C(O)C(O)CO)c2cc1C,,376.13828435999994,False,[]
1073,O=P(O)(O)OCC1OC(OP(=O)(O)O)C(O)C1O,,309.98548446399997,False,[]
1074,O=P(O)(O)OC1OC(CO)C(O)C1O,,230.019153942,False,[]
1076,CC(=O)SC(CCS)CCCCC(N)=O,,249.085720848,False,[]
1077,C[S+](CCC(=O)C(=O)O)CC1OC(n2cnc3c(N)ncnc32)C(O)C1O,,398.11288078009,False,[]
1078,C[S+](CCCN)CC1OC(n2cnc3c(N)ncnc32)C(O)C1O,,355.15468601608995,False,[]
1079,C[S+](CCC(N)C(=O)O)CC1OC(n2cnc3c(N)ncnc32)C(O)C1O,,399.14451525609,False,[]
1080,NC(CSCC(=O)O)C(=O)O,,179.025228768,False,[]
1082,NC(CCC(=O)NC(CSCO)C(=O)NCC(=O)O)C(=O)O,,337.09437094799995,False,[]
1083,CC(O)C(=O)SCC(NC(=O)CCC(N)C(=O)O)C(=O)NCC(=O)O,,379.104935632,False,[]
1087,NC(CCCCNC(CCC(=O)O)C(=O)O)C(=O)O,,276.13213636,False,[]
1092,OP(O)(O)=[Se],,161.898501886,False,[]
1093,Nc1ncnc2c1ncn2C1OC(COP(=O)(O)OC(=O)C(N)CO)C(O)C1O,,434.0951128179999,False,[]
1094,O=C(O)C1=CC(O)C(O)C(O)C1,,174.05282342,False,[]
1095,O=C(O)C1=CC(OP(=O)(O)O)C(O)C(O)C1,,254.019153942,False,[]
1101,O=C(CO)C(O)C(O)C(O)CO,,180.063388104,False,[]
1103,NCCCNCCCCNCCCN,,202.21574683199998,False,[]
1104,CCCCCCCCCCCCCC=CC(O)C(N)CO,,299.282429424,False,[]
1105,CC(C)=CCCC(C)=CCCC(C)=CCCC=C(C)CCC=C(C)CCC=C(C)C,,410.3912516,False,[]
1107,OC1CCC2C(CCC3C4CCCC4CCC23)C1,,248.214015516,False,[]
1108,C1CCC2C(C1)CCC1C3CCCC3CCC21,,232.219100896,False,[]
1113,Cc1ncc(C[n+]2csc(CCOP(=O)(O)OP(=O)(O)OC(O)CCC(=O)O)c2C)c(N)n1,,527.0761136800899,False,[]
1114,O=C(O)CCC(=O)C1=C(C(=O)O)C(O)CC=C1,,240.063388104,False,[]
1115,OCC1OC(OC2(CO)OC(CO)C(O)C2O)C(O)C(O)C1O,,342.11621152399994,False,[]
1116,O=P(O)(O)OCC1OC(CO)(OC2OC(CO)C(O)C(O)C2O)C(O)C1O,,422.0825420459999,False,[]
1124,Cc1cn(C2CC(O)C(COP(=O)(O)OP(=O)(O)O)O2)c(=O)[nH]c1=O,,402.02293259199985,False,[]
1130,Cc1ncc(C[n+]2csc(CCO)c2C)c(N)n1,,265.11175858409,False,[]
1131,Cc1ncc(C[n+]2csc(CCOP(=O)(O)O)c2C)c(N)n1,,345.07808910609003,False,[]
1132,Cc1ncc(C[n+]2csc(CCOP(=O)(O)OP(=O)(O)O)c2C)c(N)n1,,425.04441962809,False,[]
1134,Cc1cn(C2CC(O)C(CO)O2)c(=O)[nH]c1=O,,242.090271548,False,[]
1137,Cc1ncsc1CCOP(=O)(O)O,,223.00681543,False,[]
1139,Cc1cn(C2CC(O)C(COP(=O)(O)O)O2)c(=O)[nH]c1=O,,322.05660207,False,[]
1143,OCC1OC(OC2OC(CO)C(O)C(O)C2O)C(O)C(O)C1O,,342.11621152399994,False,[]
1144,O=P(O)(O)OCC1OC(OC2OC(CO)C(O)C(O)C2O)C(O)C(O)C1O,,422.0825420459999,False,[]
1148,NC(Cc1c[nH]c2ccccc12)C(=O)O,,204.089877624,False,[]
1149,NC(CCC(=O)NC(CS)C(=O)NCC(=O)NCCCCNCCCNC(=O)CNC(=O)C(CS)NC(=O)CCC(N)C(=O)O)C(=O)O,,723.3043807680002,False,[]
1150,NCCc1c[nH]c2ccccc12,,160.100048384,False,[]
1151,Cc1cn(C2CC(O)C(COP(=O)(O)OP(=O)(O)OP(=O)(O)O)O2)c(=O)[nH]c1=O,,481.9892631139998,False,[]
1152,[O]=[W](=[O])([OH])[OH],,249.94623974400002,False,[]
1153,NC(Cc1ccc(O)cc1)C(=O)O,,181.073893212,False,[]
1155,COC1=C(OC)C(O)C(CC=C(C)CCC=C(C)CCC=C(C)CCC=C(C)CCC=C(C)CCC=C(C)CCC=C(C)CCC=C(C)C)=C(C)C1O,,730.590010976,False,[]
1157,COC1=C(OC)C(=O)C(CC=C(C)CCC=C(C)CCC=C(C)CCC=C(C)CCC=C(C)CCC=C(C)CCC=C(C)CCC=C(C)C)=C(C)C1=O,,726.558710848,False,[]
1158,O=c1ccn(C2OC(COP(=O)(O)OP(=O)(O)O)C(O)C2O)c(=O)[nH]1,,404.0021971479999,False,[]
1162,C=C(OC1C(O)C(CO)OC(OP(=O)(O)OP(=O)(O)OCC2OC(n3ccc(=O)[nH]c3=O)C(O)C2O)C1NC(C)=O)C(=O)O,,677.087048968,False,[]
1163,CC(=O)NC1C(OP(=O)(O)OP(=O)(O)OCC2OC(n3ccc(=O)[nH]c3=O)C(O)C2O)OC(CO)C(O)C1OC(C)C(=O)NC(C)C(=O)O,,750.1398128120001,False,[]
1164,O=c1ccn(C2OC(COP(=O)(O)OP(=O)(O)OC3OC(C(O)CO)C(O)C3O)C(O)C2O)c(=O)[nH]1,,566.0550205679997,False,[]
1165,O=c1ccn(C2OC(COP(=O)(O)OP(=O)(O)OC3OCC(O)C(O)C3O)C(O)C2O)c(=O)[nH]1,,536.0444558839998,False,[]
1166,O=c1ccn(C2OC(COP(=O)(O)OP(=O)(O)OC3OC(CO)C(O)C(O)C3O)C(O)C2O)c(=O)[nH]1,,566.0550205679997,False,[]
1167,CC(=O)NC1C(OP(=O)(O)OP(=O)(O)OCC2OC(n3ccc(=O)[nH]c3=O)C(O)C2O)OC(CO)C(O)C1O,,607.081569664,False,[]
1168,CC(=O)NC1C(OP(=O)(O)OP(=O)(O)OCC2OC(n3ccc(=O)[nH]c3=O)C(O)C2O)OC(C(=O)O)C(O)C1O,,621.0608342200001,False,[]
1169,CC(=O)NC1C(OP(=O)(O)OP(=O)(O)OCC2OC(n3ccc(=O)[nH]c3=O)C(O)C2O)OC(CO)C(O)C1OC(C)C(=O)O,,679.102699032,False,[]
1171,CCCCCCCCCCCC(O)CC(=O)OC1C(N)C(OP(=O)(O)OP(=O)(O)OCC2OC(n3ccc(=O)[nH]c3=O)C(O)C2O)OC(CO)C1O,,791.264285052,False,[]
1172,O=c1ccn(C2OC(COP(=O)(O)O)C(O)C2O)c(=O)[nH]1,,324.03586662600003,False,[]
1175,O=c1[nH]c(=O)c2[nH]c(=O)[nH]c2[nH]1,,168.028339988,False,[]
1177,O=c1ccn(C2OC(CO)C(O)C2O)c(=O)[nH]1,,244.069536104,False,[]
1181,O=c1ccn(C2OC(COP(=O)(O)OP(=O)(O)OP(=O)(O)O)C(O)C2O)c(=O)[nH]1,,483.96852766999984,False,[]
1183,COc1cc(C=O)ccc1O,,152.047344116,False,[]
1184,CC(C)=CCCC(C)=CCCC(C)=CCCC(C)=CCCC(C)=CCCC(C)=CCCC(C)=CCCC(C)=CCC1=C(C)C(=O)c2ccccc2C1=O,,716.553231544,False,[]
1188,O=c1[nH]c(=O)c2[nH]cnc2[nH]1,,152.033425368,False,[]
1189,O=c1[nH]c(=O)c2ncn(C3OC(CO)C(O)C3O)c2[nH]1,,284.075684104,False,[]
1190,O=c1[nH]c(=O)c2ncn(C3OC(COP(=O)(O)O)C(O)C3O)c2[nH]1,,364.04201462599997,False,[]
1191,O=c1[nH]c(=O)c2ncn(C3OC(COP(=O)(O)OP(=O)(O)OP(=O)(O)O)C(O)C3O)c2[nH]1,,523.9746756699998,False,[]
1192,O=C(COP(=O)(O)O)C(O)C(O)COP(=O)(O)O,,309.9854844639999,False,[]
1193,O=C(COP(=O)(O)O)C(O)C(O)C(O)C(O)COP(=O)(O)O,,370.0066138319999,False,[]
1195,C=C(C)CCOP(=O)(O)OP(=O)(O)O,,246.00582598399998,False,[]
1197,NC(CCCC(NC(=O)CCC(=O)O)C(=O)O)C(=O)O,,290.111400916,False,[]
1198,O=C(O)CC(C(=O)O)C(O)C(=O)O,,192.02700259600002,False,[]
1199,Cc1ccc(S(=O)(=O)N(CC(=O)O)c2cccc(Cl)c2)cc1,,339.033206608,False,[]
1200,NC(CCC(=O)NC(CSC1c2c(cc3ccc4cccc5ccc2c3c45)C(=O)C(=O)C1O)C(=O)NCC(=O)O)C(=O)O,,605.146800444,False,[]
1201,CCCc1cc(=O)oc2c3c(c4c(c12)OC(C)(C)C=C4)OC(C)C(C)C3O,,370.178023932,False,[]
1202,CCCCCC(O)C=CC1CC2CC(C2)C1CC=CCCCC(=O)O,,348.26644501199996,False,[]
1203,Oc1cc(O)c2c(c1)OC(c1ccc(O)c(O)c1)C(O)C2,,290.079038168,False,[]
1204,Clc1ccc(C2CC3CCC2N3)cn1,,208.076726096,False,[]
1205,CC1OC(=O)C2CC3CCCCC3C(C=CC3CCCC(C)N3C)C12,,345.26677936000004,False,[]
1207,CC12NC(Cc3ccccc31)c1ccccc12,,221.12044948,False,[]
1208,CC1C2Cc3ccc(O)cc3C1(C)CCN2,,217.146664228,False,[]
1209,NC(Cn1oc(=O)[nH]c1=O)C(=O)O,,189.038570324,False,[]
1210,COc1cc2c3cc1Oc1cc(ccc1O)CC1c4c(cc(OC)c(O)c4Oc4ccc(cc4)CC3[NH+](C)CC2)CC[N+]1(C)C,,610.30318990418,False,[]
1211,COc1cc2c3cc1Oc1cc(ccc1O)CC1c4c(cc(OC)c(O)c4Oc4ccc(cc4)CC3N(C)CC2)CC[N+]1(C)C,,609.29591345209,False,[]
1212,CC(N)(C(=O)O)c1ccc(-c2nn[nH]n2)cc1,,233.091274592,False,[]
1213,CC1CCCC2(C)CCCCC12O,,182.167065324,False,[]
1214,N[C@]1(C(=O)O)C[C@@H](C(=O)O)C1,,159.053157768,False,[]
1215,CC(N)c1cccc(Cl)c1Cl,,189.011204648,False,[]
1216,NC(CCCP(=O)(O)O)C(=O)O,,197.045309114,False,[]
1217,NC(C(=O)O)c1cccc(O)c1,,167.058243148,False,[]
1218,Oc1cc2c(c(Cl)c1O)CCNCC2c1ccccc1,,289.08695643199997,False,[]
1219,CCCN(CCC)C1CCc2ccc(O)cc2C1,,247.19361442,False,[]
1220,CCCN(CCC)C1CCc2cccc(O)c2C1,,247.19361442,False,[]
1221,Cc1o[nH]c(=O)c1CC(N)C(=O)O,,186.0640568,False,[]
1222,CC(N)(C(=O)O)c1ccc(C(=O)O)cc1,,209.068807832,False,[]
1223,CCC12CCN(CC3(O)CC3)C(Cc3ccc(O)cc31)C2(C)C,,315.21982916800005,False,[]
1224,CC(C)(C)C1(O)CCN2CC3c4ccccc4CCc4cccc(c43)C2C1,,361.240564612,False,[]
1225,C=CCN1CCc2c(cc(O)c(O)c2Cl)C(c2ccccc2)C1,,329.11825655999996,False,[]
1226,O=C(O)C1CCCNC1C(=O)O,,173.068807832,False,[]
1227,CN1C(=O)CCC1c1ccccn1,,176.094963004,False,[]
1228,O=C(O)C1CN(CCCP(=O)(O)O)CCN1,,252.087508274,False,[]
1229,COc1cc(CC(C)N)c(OC)cc1I,,321.02257675199996,False,[]
1230,O=C([O-])C1(CCCCCCOc2ccc(Cl)cc2)CO1,,297.08991031590995,False,[]
1231,O=C(O)C1(CCCCCCOc2ccc(Cl)cc2)CO1,,298.09718676800003,False,[]
1233,NC(C(=O)O)c1cc(=O)[nH]o1,,158.032756672,False,[]
1234,COc1ccc(CCN(C)CCCC(C#N)(c2cc(OC)c(OC)c(OC)c2)C(C)C)cc1OC,,484.2937223799999,False,[]
1235,C=CCN1CCC2(C)c3cc(O)ccc3CC1C2C,,257.177964356,False,[]
1236,COC(=O)C1=C(C)NC(C)=C(C(=O)OCCCN2CCC(c3ccccc3)(c3ccccc3)CC2)C1c1cccc([N+](=O)[O-])c1,,609.283885968,False,[]
1237,COc1cc(C(O)CN)ccc1O,,183.089543276,False,[]
1238,CN1CCN(C2Cc3ccccc3Sc3ccc(Cl)cc32)CC1,,344.11139735200004,False,[]
1239,CC1(NCC(O)COc2cccc3[nH]ccc23)CCC(C(C)(C)NC(=O)CBr)CC1,,479.178354048,False,[]
1240,CCCN(CCc1ccccc1)C1CCc2c(O)cccc2C1,,309.209264484,False,[]
1241,C=CCN1CCc2cc(O)c(O)cc2C(c2ccccc2)C1,,295.15722891200005,False,[]
1242,Oc1cc2c(cc1O)C(c1ccccc1)CNCC2,,255.125928784,False,[]
1243,CN1CCc2cc(Br)c(O)cc2C(c2ccccc2)C1,,331.057176296,False,[]
1245,COc1cc(C(O)C(=O)O)ccc1O,,198.05282342,False,[]
1246,COc1ccc2c3c1OC1C(=O)CCC4(O)C(C2)N(CC2CC2)CCC314,,355.17835828,False,[]
1247,CCCc1cc(=O)oc2c3c(c4c(c12)OC(C)(C)CC4)OC(C)C(C)C3O,,372.193673996,False,[]
1248,C[N+]1(C)CCc2cc3c(cc2C1C1OC(=O)c2c1ccc1c2OCO1)OCO3,,382.12851378008986,False,[]
1249,Oc1cc(O)c2c(c1)OC(c1cc(O)c(O)c(O)c1)C(O)C2,,306.073952788,False,[]
1250,CN1CCC2(C)c3cc(O)ccc3N(C)C12,,218.141913196,False,[]
1251,C=C1C(C)CCC2=C(CCCC2(C)C)C1c1cc(O)ccc1O,,312.208930136,False,[]
1252,CC1CCC2=C(CCCC2(C)C)C2=C1COC1(O)C=CC(=O)C=C21,,326.18819469199997,False,[]
1253,CC=C1C2C=C(C)CC1(N)c1ccc(=O)[nH]c1C2,,242.141913196,False,[]
1254,CC1CCC(C(C)C)C(O)C1,,156.15141526,False,[]
1255,COc1ccc2c3c1OC1C(O)C=CC4C(C2)NCCC341,,285.136493468,False,[]
1256,C=C(C)C1CC=C(C(=O)O)CC1,,166.099379688,False,[]
1257,CCCN1CCCC2Cc3[nH]ncc3CC21,,219.17354767199998,False,[]
1258,C[N+]1([O-])C2CC(OC(=O)C(CO)c3ccccc3)CC1C1OC12,,319.141972772,False,[]
1259,CC(C)CCN(CC(O)C1Cc2ccc(cc2)OCCCCCC(=O)NC(C(C)C)C(=O)N1)S(=O)(=O)c1ccc(N)cc1,,616.329456256,False,[]
1260,CCCCOc1ccc(S(=O)(=O)N2CC(NS(C)(=O)=O)CC2C(=O)NO)cc1,,435.1133921399999,False,[]
1261,O=C(Cc1ccccc1)NC(Cc1cccc(C(=O)O)c1)B(O)O,,327.12780307599996,False,[]
1263,O=C(O)/C(=N\C(=O)C(CS)CCc1ccccc1)c1ccc(Cn2cnnn2)s1,,429.09293146800013,False,[]
1264,Cn1cc(NC(=O)c2nc(NC(=O)c3nc(NC=O)cn3C)cn2C)nc1C(=O)NCC[NH+](C)C,,486.2320247960901,False,[]
1265,CN(C)CCNC(=O)c1nc(NC(=O)c2nc(NC(=O)c3nc(NC=O)cn3C)cn2C)cn1C,,485.2247483440001,False,[]
1266,N#Cc1ccc2cc1Oc1ccc3cccc(c3c1)N1CCC(NCc3cncn3C2)C1=O,,435.16952491200004,False,[]
1267,N#Cc1ccc2cc1Oc1ccc3cccc(c3c1)N1CCC(NCCc3cncn3C2)C1=O,,449.18517497600004,False,[]
1268,CC1(C)SC(C(NC(=O)Cc2ccccc2)C(=O)NCc2ccccc2)NC1C(=O)O,,441.172227344,False,[]
1269,CC(C)C(NC(=O)C(Cc1ccccc1)CC(O)C(Cc1ccccc1)NC(=O)OC(C)(C)C)c1ncc[nH]1,,534.320605824,False,[]
1270,CC(C)CC(NC(=O)C(O)C(N)Cc1ccc([N+](=O)[O-])cc1)C(=O)O,,353.15868545599994,False,[]
1271,NC(C(=O)O)C1CC1C(=O)O,,159.053157768,False,[]
1272,CCC(C=O)C(CNS(=O)(=O)c1ccc(C)cc1)C(=O)O,,313.09839370799995,False,[]
1273,CCC(C=O)C(CNS(=O)(=O)c1ccc([N+](=O)[O-])cc1)C(=O)O,,344.06782185199995,False,[]
1274,CCCCCCCCC=CC=CC(C)N,,209.21434986399998,False,[]
1275,CC(C)C(NC(=O)c1ccc2ccccc2c1)C(=O)N1CCCC1C(=O)NC(C=O)CC(=O)NS(C)(=O)=O,,544.1991703639999,False,[]
1276,CCC1C(=O)N(S(=O)(=O)c2ccc(C)cc2)C1C(=O)O,,297.06709358,False,[]
1277,CC(=O)NC1C(O)CC(P(=O)(O)O)OC1C(O)C(O)CO,,329.0875678499999,False,[]
1278,NC(=[NH2+])C1=CC2C=C(C(=O)N3CCC(Cc4ccccc4)CC3)N=C2C=C1,,361.20228784009004,False,[]
1279,[H]/N=C(\N)C1=CC2C=C(C(=O)N3CCC(Cc4ccccc4)CC3)N=C2C=C1,,360.195011388,False,[]
1280,CNC1CC(C)S(=O)(=O)c2sc(S(N)(=O)=O)cc21,,310.011569928,False,[]
1281,NC(=[NH2+])c1ccc2nc(Cc3nc4ccccc4[nH]3)[nH]c2c1,,291.13527090009,False,[]
1282,[H]/N=C(\N)c1ccc2nc(Cc3nc4ccccc4[nH]3)[nH]c2c1,,290.127994448,False,[]
1283,O=C1NCC(I)C(=O)N1,,239.9395754,False,[]
1284,CCCOC(=O)C1=CSC2C(C(C)OC(C)=O)C(=O)N12,,299.08274364400006,False,[]
1285,C=C1C(=O)OC2C=C(C)CCC=C(C(=O)O)CCC=C(C)CCC12,,330.183109312,False,[]
1286,COc1ccc(CC2COC(=O)C2Cc2ccc(OC)c(OC)c2)cc1OC,,386.17293855199995,False,[]
1287,O=C(OC1Cc2c(O)cc(O)cc2OC1c1cc(O)c(O)c(O)c1)c1cc(O)c(O)c(O)c1,,458.0849113959999,False,[]
1288,CC(C)C1C(=O)NC(CO)Cc2c[nH]c3cccc(c23)N1C,,301.17902697600005,False,[]
1289,CNC(=O)C(Cc1ccccc1)NC(=O)C(CC(=O)NO)CC(C)C,,349.200156344,False,[]
1290,O=C(Cc1ccc(I)cc1)NC[PH](=O)O,,338.952127842,False,[]
1291,CCNC1CN(CCOC)S(=O)(=O)c2sc(S(N)(=O)=O)cc21,,369.048683708,False,[]
1292,O=C(O)C(O)c1ccccc1,,152.04734411599998,False,[]
1293,CCCCCC=CCC=CCC=CCC=CCCCC(=O)NC(C)CO,,361.298079488,False,[]
1294,CCC(COc1ccccc1)OP(C)(=O)Cl,,262.05255868200004,False,[]
1295,c1ccc(C(c2ccccc2)C2CCCN2)cc1,,237.151749608,False,[]
1296,CNC1CN(c2cccc(OC)c2)S(=O)(=O)c2sc(S(N)(=O)=O)cc21,,403.033033644,False,[]
1297,NC(C(=O)O)c1ccc(C(=O)O)c(O)c1,,211.048072388,False,[]
1299,NC(Cn1cc(F)c(=O)[nH]c1=O)C(=O)O,,217.049883956,False,[]
1300,NC(Cn1cc(I)c(=O)[nH]c1=O)C(=O)O,,324.9559537359999,False,[]
1301,COc1ccc2cc(C(C)C(=O)[O-])ccc2c1.[Na+],,252.076238556,False,[]
1302,COc1ccc2cc(C(C)C(=O)O)ccc2c1,,230.094294308,False,[]
1303,CC(O)(C(=O)O)c1ccccc1,,166.06299418,False,[]
1304,COC(=O)C(N)CSCC=C(C)CCC=C(C)CCC=C(C)C,,339.223200296,False,[]
1305,O=c1ccc2c([nH]1)CCCC2NCCCCCCCCCCNC1CCCc2[nH]c(=O)ccc21,,466.330776584,False,[]
1306,O=c1ccc2c([nH]1)CCCC2NCCCCCCCCCCCCNC1CCCc2[nH]c(=O)ccc21,,494.362076712,False,[]
1307,CC(NC=O)NC(=O)C(C)NC(=O)OC(C)(C)C,,259.153206152,False,[]
1308,[H]/N=C(\N)c1ccc(CCC(CC(=O)OC)c2cccc(/C(N)=N/[H])c2)cc1,,352.1899260080001,False,[]
1309,COc1ccc2c(c1OC)C(=O)OC2C1c2cc3c(cc2CCN1C)OCO3,,383.136887392,False,[]
1310,NC1(C(=O)O)CCC(C(=O)O)C1,,173.068807832,False,[]
1311,COc1ccc2c(c1OC)C(=O)OC2C1c2ccccc2CCN1C,,339.14705815200006,False,[]
1312,O=P(O)(O)OP(=O)(O)OCC1OC(n2cnc3c2ncn2ccnc32)C(O)C1O,,451.0294149400001,False,[]
1313,OCC(O)C1NCC(O)C1O,,163.084457896,False,[]
1314,CC(=O)NC(Cc1ccccc1)C(=O)C(F)(F)F,,259.082013284,False,[]
1315,Nc1ncnc2c1ncn2C1OC(COP(=O)(O)OP(=O)(O)C(F)(F)CCCC(F)(F)P(=O)(O)O)C(O)C1O,,633.0413939140001,False,[]
1316,C[N+]1(C)CCN(c2ccccc2)CC1,,191.15427502808998,False,[]
1317,NCCCCCCCCCCN,,172.19394876799998,False,[]
1318,c1cnc2c(c1)ccc1cccnc12,,180.068748256,False,[]
1319,OC1Cc2c(cc3ccc4cccc5ccc2c3c45)C(O)C1O,,304.109944372,False,[]
1320,O=C1c2ccc(O)cc2C(=O)c2c1ccc(O)c2O,,256.03717335600004,False,[]
1321,CCCCCCCCCC(=O)OCC(CO)OC(=O)CCCCCCCCC,,400.318874508,False,[]
1323,CCCCCCCC(=O)OCC(CO)OC(=O)CCCCCCC,,344.256274252,False,[]
1324,CCCCCCCCC=CCCCCCCCC(=O)OCC(CO)OC(=O)CCCCCCCC=CCCCCCCCC,,620.5379754039999,False,[]
1325,CC1(OC(=O)c2cc(O)c(O)c(O)c2)CC(OC(=O)c2cc(O)c(O)c(O)c2)C(OC(=O)c2cc(O)c(O)c(O)c2)C(OC(=O)c2cc(O)c(O)c(O)c2)C1,,770.13304336,False,[]
1326,Cn1c(=O)c2ncn(C)c2n(C)c1=O,,194.08037556,False,[]
1327,CC(C)CC(NC(=O)OCc1ccccc1)C(=O)NCC(=O)CNC(=O)C(CC(C)C)NC(=O)OCc1ccccc1,,582.305349684,False,[]
1328,CCn1c(=O)c2[nH]c(-c3ccccc3)nc2n(CC)c1=O,,284.127325752,False,[]
1329,CCCn1c(=O)c2[nH]c(C3CCCC3)nc2n(CCC)c1=O,,304.189926008,False,[]
1330,CCCn1c(=O)c2[nH]c(-c3ccc(S(=O)(=O)O)cc3)nc2n(CCC)c1=O,,392.11544074,False,[]
1331,[H]/N=C(\N)SCCc1cccc(CCS/C(N)=N/[H])c1,,282.097288576,False,[]
1333,[H][O+]=C1C2CCCCC2C(O)C2CCCCC12,,223.16925639609,False,[]
1337,[H]/N=C(\N)SCCc1ccc(CCS/C(N)=N/[H])cc1,,282.097288576,False,[]
1338,C=CC[N+](C)(C)c1ccc(CCC(=O)CCc2ccc([N+](C)(C)CC=C)cc2)cc1,,406.29731667618,False,[]
1339,CC(C)CC(NC(=O)OCc1ccccc1)C(=O)NNC(=O)NNC(=O)C(CC(C)C)NC(=O)OCc1ccccc1,,584.2958476199999,False,[]
1340,O=c1[nH]ccc2c(O)cccc12,,161.047678464,False,[]
1341,C=CC1(C)CC(=O)C2C3(C)CCCC(C)(C)C3C(O)C(OC(C)=O)C2(C)O1,,378.2406241879999,False,[]
1342,c1ccc2c(N3CCNCC3)cccc2c1,,212.131348512,False,[]
1343,O=c1ccn(C2OC(CO)C3OC32)c(=O)[nH]1,,226.05897142,False,[]
1345,CCC(C)N(C)C(=O)c1cc2ccccc2c(-c2ccccc2Cl)n1,,352.13424097200004,False,[]
1346,COc1ccccc1N1CCNCC1,,192.126263132,False,[]
1347,O=C(O)c1cc(C=Cc2cc(O)ccc2O)ccc1O,,272.068473484,False,[]
1348,Clc1cccc(Nc2nnc(-c3ccccc3)c3ccccc23)c1,,331.08762512799996,False,[]
1350,O=C1CC(=O)N(C2OC(COP(=O)(O)O)C(O)C2O)C(=O)N1,,340.030781246,False,[]
1351,CCC(=O)c1ccc(F)c(C2CC2NC(=O)Nc2ccc(Br)cn2)c1O,,421.04373172400005,False,[]
1352,CC1CN(S(=O)(=O)c2cccc3cnccc23)CCN1,,291.1041477840001,False,[]
1353,O=C(Nc1ccccn1)Nc1cccc2c1C1CCCN1C2=O,,308.127325752,False,[]
1354,NC(N)=N/C(N)=N/c1cccc(Cl)c1,,211.06247299999998,False,[]
1355,Clc1cccc(N2CCNCC2)c1,,196.076726096,False,[]
1356,CC(C)CC(NC(=O)OCc1ccccc1)C(=O)NNC(=O)NNC(=O)c1cccc(OCc2ccccc2)c1,,547.243083776,False,[]
1357,CC(C)CC(C(=O)NCC(O)CNS(=O)(=O)c1ccccn1)c1cccc(-c2ccccc2)c1,,481.203527472,False,[]
1358,CCC(C)C(NC(=O)C1CCCN1CC(O)C1Cc2ccc(cc2)OCCCC(=O)NC(CC(N)=O)C(=O)N1)C(=O)NC(C(N)=O)C(C)C,,687.395561656,False,[]
1359,FC(F)(F)c1ccccc1-n1ccnc1,,212.056132884,False,[]
1360,COc1ccc(OCCCCCCn2ccnc2)c(Cl)c1,,308.129155592,False,[]
1361,CC(C)CC(NC(=O)c1ccncc1)C(=O)NCC(O)CNS(=O)(=O)c1ccc(Oc2ccccc2)cc1,,540.204255744,False,[]
1362,CC(C)CC(NC(=O)OCc1ccccc1)C(=O)NC1CN(C(=O)C(CC(C)C)NC(=O)OCc2ccccc2)CC1=O,,594.3053496840001,False,[]
1363,CCCCCCCCCCCCCCCC(=O)OCC(COP(=O)([O-])OCC[N+](C)(C)C)OC(C)=O,,537.3430542539999,False,[]
1364,CCCCCCCCCCCCCCCC(=O)OCC(COP(=O)(O)OCC[N+](C)(C)C)OC(C)=O,,538.3503307060898,False,[]
1365,C=CCn1c(=O)c2c(nc(-c3ccc(S(=O)(=O)O)cc3)n2C)n(C)c1=O,,376.084140612,False,[]
1368,NC1(C(=O)O)CCCC(C(=O)O)C1,,187.084457896,False,[]
1369,O=S(=O)(O)c1cccc2cccc(Nc3ccccc3)c12,,299.061614276,False,[]
1370,O=C(c1ccc2c(c1)OCO2)N1CCCCC1,,233.10519334,False,[]
1371,COc1ccc(S(=O)(=O)N2CN(Cc3ccccc3)C(=O)CC2C(=O)NO)cc1,,419.115106392,False,[]
1372,COc1ccc2c(c1)c(CC(=O)O)c(C)n2Cc1ccccc1,,309.136493468,False,[]
1373,Nc1ccnc2c1ncn2C1OC(CO)C(O)C1O,,266.101504928,False,[]
1374,OCC1NCC(O)C(O)C1O,,163.084457896,False,[]
1375,CCOC(=O)NC(Cc1ccccc1)C(=O)N1CCCC1C(=O)NNCCCCN,,419.2532545360001,False,[]
1376,CCCCCC=CCC=CCC=CCC=CCCCC(=O)OC(CO)COCCCCCCCCCCCCCCCC,,602.5274107199999,False,[]
1377,CCCCCCCCCCCCCCCCOCC(COP(=O)([O-])OCC[N+](C)(C)C)OC,,495.3688750779999,False,[]
1378,CCCCCCCCCCCCCCCCOCC(COP(=O)(O)OCC[N+](C)(C)C)OC,,496.37615153008994,False,[]
1379,CCCCCCCCCCCCCCCCOCC(CO)OC(C)=O,,358.30830982399993,False,[]
1380,CCCCCCCCCCCCCCCCOCC(CO)OC,,330.31339520399996,False,[]
1381,CCCCCCCCCCOCC(COCC(F)(F)F)OP(=O)(O)OC,,408.1888600339999,False,[]
1382,Cc1cc2c(c(O)c1C)C(=O)c1ccccc1C2=O,,252.078644244,False,[]
1385,CC1=C(C(=O)Nc2ccc(Cl)c(C(=O)OC(C)C)c2)SCCO1,,355.064506736,False,[]
1387,Cn1sc(=O)c2cc(S(N)(=O)=O)ccc21,,243.997634116,False,[]
1388,CN1CC=C(c2ccccc2)CC1,,173.12044948,False,[]
1389,CN1C(=O)C(=O)c2cc(S(=O)(=O)N3CCCC3COc3ccccc3)ccc21,,400.10929274,False,[]
1391,Cn1c(N)c2ncn(C3OC(CO)C(O)C3O)c2nc1=O,,297.10731857999997,False,[]
1392,CCCCCCCCCCCCCCCCCCOCC(COP(=O)([O-])OCC[N+](C)(C)C)OC,,523.400175206,False,[]
1393,CCCCCCCCCCCCCCCCCCOCC(COP(=O)(O)OCC[N+](C)(C)C)OC,,524.4074516580899,False,[]
1394,CCCCCCCCC=CCCCCCCCC(=O)OCC(CO)OC(C)=O,,398.3032244439999,False,[]
1396,NS(=O)(=O)c1ccc(-n2nc(C(F)(F)F)cc2-c2ccc(Br)cc2)cc1,,444.97074435200005,False,[]
1397,CCCCCC=CCC=CCC=CCC=CCCCC(=O)OC(CCO)COC(=O)CCCCCCCCCCCCCCCCC,,658.553625468,False,[]
1398,CCCCCC=CCC=CCC=CCC=CCCCC(=O)OC(CO)COC(=O)CCCCCCCCCCCCCCCCC,,644.5379754039999,False,[]
1399,CCCCCC=CCC=CCCCCCCCC(=O)OC(CO)COC(=O)CCCCCCCCCCCCCCCCC,,620.5379754039999,False,[]
1400,Cc1ccc(-c2nn(C(C)(C)C)c3ncnc(N)c23)cc1,,281.164045608,False,[]
1401,CCN(CC)CCCCNc1ncc2cc(-c3cc(OC)cc(OC)c3)c(NC(=O)NC(C)(C)C)nc2n1,,523.327088172,False,[]
1402,N#Cc1cccc(CC(NC(=O)C2CCCN2C(=O)C(N)Cc2ccccc2)B(O)O)c1,,434.212535744,False,[]
1403,CCN(CC)C(C)C(=O)N1c2ccccc2Sc2ccccc21,,326.145284324,False,[]
1406,CCCCCC=CC=CC(O)CC=CCC=CCCCC(=O)O,,320.23514488399996,False,[]
1407,CCCCCC=CCC1OC1CC=CCC=CCCCC(=O)O,,320.23514488399996,False,[]
1408,CC(C)CCNCC(O)C1Cc2ccc(cc2)OCCCC(=O)NC(C(C)C)C(=O)N1,,433.29405672800004,False,[]
1409,CCCCCC(O)C=CC1OC(=O)CC(O)C1CC=CCCCC(=O)O,,368.21988874399995,False,[]
1410,COc1cccc2c1C(=O)c1c(cc3c(c1O)C(OC1CC(N)C(O)C(C)O1)CC(O)(C(C)=O)C3)C2=O,,511.1842315079999,False,[]
1411,CCCCCc1cc(O)c2c(c1)OC(C)(C)C1CC=C(C(=O)O)CC21,,344.19875937599994,False,[]
1412,O=C(O)CCCC=CCC=CC=CC(O)CC=CCCCCCO,,336.23005950399994,False,[]
1413,CCCCCC=CCC(O)C=CC=CCC=CCCCC(=O)O,,320.23514488399996,False,[]
1414,CCCCCC(O)C=CC=CCC=CCCCC(=O)O,,280.203844756,False,[]
1415,CCCCCC=CCC(C=CC=CCC=CCCCC(=O)O)OO,,336.23005950399994,False,[]
1416,CCCCCC1OC1CC=CCCCCCCCC(=O)O,,296.23514488399996,False,[]
1417,CCCc1cc(=O)oc2c3c(c4c(c12)OC(C)(C)C=C4)OC(C)C(C)C3OC(C)=O,,412.18858861599995,False,[]
1418,CCCc1cc(=O)oc2c3c(c4c(c12)OC(C)(C)CC4)OC(C)C(C)C3N,,371.20965840800005,False,[]
1419,CCCc1cc(=O)oc2c3c(c4c(c12)OC(C)(C)C=C4)OC(C)C(C)C3N=[N+]=[N-],,395.1845062800001,False,[]
1420,COCCCCCCCCCCCC(=O)O,,230.188194692,False,[]
1421,CCCc1cc(=O)oc2c3c(c4c(c12)OC(C)(C)C=C4)OC(C)C(C)C3=O,,368.162373868,False,[]
1422,CCCc1cc(=O)oc2c3c(c4c(c12)OC(C)(C)C=C4)OC(C)C(C)C3S,,386.155180312,False,[]
1423,CCCCCCCNC1CCCC1CCCCCCC(=O)O,,311.282429424,False,[]
1424,CCCCCC(O)C=CC=CCCCCCCCC(=O)O,,296.23514488399996,False,[]
1425,CCCCCC(O)C=CC=CCC=CCCCCC(=O)O,,294.21949481999997,False,[]
1426,CCCCCC(C=CC=CCCCCCCCC(=O)O)OO,,312.23005950399994,False,[]
1427,CCCCCC(=O)CCC1C(O)CC(O)C1CC=CCCCC(=O)O,,354.2406241879999,False,[]
1428,CCCCCC(O)CCC1C(O)CC(=O)C1CCCCCCC(=O)O,,356.2562742519999,False,[]
1429,CCCCC(=O)C=CC=CCCCCCCCC(=O)O,,280.203844756,False,[]
1430,CCCCCC#CCC(O)C=CC=CC=CC(O)CCCC(=O)O,,334.21440943999994,False,[]
1431,CCCCCC1OC1CC=CCC=CCC=CCCCC(=O)O,,320.23514488399996,False,[]
1433,C/C(N)=N\Cc1cccc(CN)c1,,177.12659748,False,[]
1434,CCCCCC(O)C=CC=CCCCCCCCCCC(=O)O,,324.26644501199996,False,[]
1435,CCC=CCC(O)C=CC=CCC=CCC=CCCCC(=O)O,,318.21949481999997,False,[]
1436,CCCCCC(O)C=CC=CCC=CCC=CCCCC(=O)O,,320.23514488399996,False,[]
1437,CCCCCC(O)C=CC=CCC=CCCCCCCC(=O)O,,322.25079494799996,False,[]
1438,CCCCCC(C=CC=CCCCCCCCCCC(=O)O)OO,,340.26135963199994,False,[]
1439,CCC=CCC(C=CC=CCC=CCC=CCCCC(=O)O)OO,,334.21440943999994,False,[]
1440,CCCCCC(C=CC=CCC=CCC=CCCCC(=O)O)OO,,336.23005950399994,False,[]
1441,CCCCCC(=O)C=CC1C(O)CC(=O)C1CC=CCCCC(=O)O,,350.2093240599999,False,[]
1442,CCCCCC(=O)C=CC1C(O)CC(O)C1CC=CCCCC(=O)O,,352.2249741239999,False,[]
1443,CCCCCC(=O)C=CC=CCC=CCC=CCCCC(=O)O,,318.21949481999997,False,[]
1444,CCCCCC=CC=C1C(=O)C=CC1CC=CCCCC(=O)O,,316.20384475599997,False,[]
1445,CCCCC(C)(C)C(O)C=CC1C(O)CC(=O)C1CC=CCCCC(=O)O,,380.2562742519999,False,[]
1446,C=CCCCCCC=CC(O)C#CC#CC(O)C=C,,258.161979944,False,[]
1447,C=CCCCCCC=CCC#CC#CC(O)C=C,,242.167065324,False,[]
1448,CC1=CC2OC(=O)C(N(C)C)C2CCC(C)=CCCC(C(=O)O)=CCC1,,361.225308472,False,[]
1449,C#CCCCCCCCCCCCCCCCC(=O)O,,280.240230264,False,[]
1450,O=C(O)CCCC=CCC1C(=O)CC(O)C1C=CC(O)CCc1ccccc1,,386.20932406,False,[]
1451,C#CC1(O)CCC2C3CCc4cc(OC5CCCC5)ccc4C3CCC21C,,364.240230264,False,[]
1452,CC12CCC(=NOCC(=O)O)C=C1CCC1C2CCC2(C)C1CCC2(C)O,,375.240958536,False,[]
1453,CC(O)CCCC(O)C=CC1C(O)CC(=O)C1CC=CCCCC(=O)O,,368.21988874399995,False,[]
1454,CC(O)CCCC(O)C=CC1C(O)CC(O)C1CC=CCCCC(=O)O,,370.23553880799994,False,[]
1455,COc1ccc(OCc2ccc(COc3c(Cl)cccc3Cl)cc2)c(Cl)c1,,422.02432744400005,False,[]
1456,O=c1onc2cnc3ccccc3n12,,187.0381764,False,[]
1457,OC1Cc2c(ccc3cc4ccccc4cc23)C(O)C1O,,280.109944372,False,[]
1458,COC1(C)C(C)(O)C(CO)OC1(C)n1cnc2c(N)ncnc21,,323.15935415200005,False,[]
1459,O=c1ccn(C2CC(F)C(COP(=O)(O)OP(=O)(O)O)O2)c(=O)[nH]1,,390.0029460959999,False,[]
1460,Nc1ncnc2c1ncn2C1CCC(COP(=O)(O)OP(=O)(O)OP(=O)(O)O)O1,,475.0059162219998,False,[]
1461,Nc1ccn(C2CCC(COP(=O)(O)OP(=O)(O)OP(=O)(O)O)O2)c(=O)n1,,450.9946828419998,False,[]
1463,CC1OC(n2cnc3c(N)ncnc32)CC1OP(=O)(O)O,,315.0732551779999,False,[]
1464,CCOc1ccc(-c2nc3ccc(-c4nc5ccc(N6CCN(C)CC6)cc5[nH]4)cc3[nH]2)cc1,,452.23245951600006,False,[]
1465,CC1OC(n2ccc(=O)[nH]c2=O)CC1O,,212.079706864,False,[]
1466,COC1C(O)C(C)OC(OC2CCC3(C)C(CCC4C3CCC3(C)C(C5=CC(=O)OC5)CCC43O)C2)C1OC(C)=O,,576.3298331159999,False,[]
1467,Nc1ncnc2c1ncn2C1CC(OP(=O)(O)O)C(CO)O1,,331.06816979799993,False,[]
1468,Nc1ncnc2c1ncn2C1C=CC(O)C1O,,233.091274592,False,[]
1469,CCCCCCCCC=CCCCCCC(O)Cc1cc(O)ccc1O,,362.28209507599996,False,[]
1470,CC(C)=CCc1c(O)ccc(C2COc3cc(O)ccc3C2=O)c1O,,340.1310737399999,False,[]
1471,C=CC1C(OC2OC(CO)C(O)C(OC(C)=O)C2O)OC=C2C(=O)N3CCC4c5ccccc5NC4C3CC21,,542.226430668,False,[]
1472,OCC1NC(CO)C(O)C1O,,163.084457896,False,[]
1473,NC(CCCC[B-](O)(O)O)C(=O)O,,192.10487655991,False,[]
1474,c1ccc(-c2ccccn2)nc1,,156.068748256,False,[]
1475,O=S(=O)(Nc1cccc(B(O)O)c1)c1cc(S(=O)(=O)c2ccccc2)cs1,,423.0076305679999,False,[]
1477,CCCCCC(O)C=CC1OC(O)CC(O)C1CC=CCC(=O)O,,342.20423867999995,False,[]
1478,CC[n+]1c(C)c(C(=O)OC(C)C)c(-c2ccccc2Cl)c(C(=O)O)c1C(=O)O,,406.10519149208994,False,[]
1479,CCCCCC(O)C=CC1C(O)CC(O)C1CC(=O)CCC(=O)O,,342.20423867999995,False,[]
1480,O=C(O)COc1cc(Cl)c(Cl)cc1Cl,,253.93042705999997,False,[]
1481,CCCCCCC(C)OC(=O)COc1cc(Cl)c(Cl)cc1Cl,,366.055627572,False,[]
1482,COC(=O)COc1cc(Cl)c(Cl)cc1Cl,,267.94607712400006,False,[]
1483,Oc1c(Br)cc(Br)cc1Br,,327.77340101600004,False,[]
1484,Nc1nc(N)c2c(n1)NCC(c1ccccc1)N2,,242.12799444799998,False,[]
1485,NCc1ccc(Cl)cc1Cl,,174.995554584,False,[]
1486,O=C(O)COc1ccc(Cl)cc1Cl,,219.96939941199997,False,[]
1487,CCCCCCC(C)OC(=O)COc1ccc(Cl)cc1Cl,,332.094599924,False,[]
1488,COC(=O)COc1ccc(Cl)cc1Cl,,233.985049476,False,[]
1489,O=C(O)CCCOc1ccc(Cl)cc1Cl,,248.00069954,False,[]
1490,COC(=O)CCCOc1ccc(Cl)cc1Cl,,262.016349604,False,[]
1491,O=C(O)c1ccc(O)cc1O,,154.026608672,False,[]
1492,COc1ccc(S(=O)(=O)Nc2cc([N+](=O)[O-])ccc2OC)cc1,,338.057257168,False,[]
1493,O=[N+]([O-])c1ccc(O)c([N+](=O)[O-])c1,,184.012021228,False,[]
1494,OCC1OC(CO)C(O)C1O,,164.068473484,False,[]
1495,O=P(O)(O)OCC1OC(COP(=O)(O)O)C(O)C1O,,324.0011345279999,False,[]
1496,NC(NC1CCC1)c1ccc(-c2ccc(-c3ccc(C(N)NC4CCC4)cc3)o2)cc1,,416.257611644,False,[]
1497,NC(NC1CCCCC1)c1ccc(-c2ccc(-c3ccc(C(N)NC4CCCCC4)cc3)o2)cc1,,472.3202119,False,[]
1498,Cc1cc(CCCOc2c(C)cc(-c3nnn(C)n3)cc2C)on1,,327.16952491200004,False,[]
1499,[H]/N=C(\N)c1ccc(CC2CCCCC(Cc3ccc(/C(N)=N/[H])cc3)C2=O)cc1,,376.226311516,False,[]
1500,CC1=CC(C(=O)NC2CCC(c3cnc(N)[nH]3)CC2)n2c(=O)n(CC(c3ccccc3)c3ccccc3)c(=O)n2C1,,553.28013798,False,[]
1501,[H]/N=C(\N)C1CCC(CNC(=O)C2C=C(C)Cn3c(=O)n(CC(c4ccccc4)c4ccccc4)c(=O)n32)CC1,,528.284889012,False,[]
1502,COc1ccc(O)c(-c2nc3ccc(C(N)=[NH2+])cc3[nH]2)c1,,283.11895214009,False,[]
1503,[H]/N=C(\N)c1ccc2nc(-c3cc(OC)ccc3O)[nH]c2c1,,282.111675688,False,[]
1504,[H]/N=C(\N)c1ccc2nc(-c3cccc(-c4ccccc4)c3O)[nH]c2c1,,328.132411132,False,[]
1505,NC(=[NH2+])c1ccc2nc(-c3ccccc3O)[nH]c2c1,,253.10838745609,False,[]
1506,[H]/N=C(\N)c1ccc2nc(-c3ccccc3O)[nH]c2c1,,252.101111004,False,[]
1507,NC(=[NH2+])c1ccc2[nH]c(-c3ccccc3O)cc2c1,,252.11313848809,False,[]
1508,[H]/N=C(\N)c1ccc2[nH]c(-c3ccccc3O)cc2c1,,251.105862036,False,[]
1509,NC(=[NH2+])c1ccc2nc(-c3ccc[nH]c3=O)[nH]c2c1,,254.10363642408998,False,[]
1510,[H]/N=C(\N)c1ccc2nc(-c3ccc[nH]c3=O)[nH]c2c1,,253.096359972,False,[]
1511,COc1cccc(-c2nc3c(C(N)=O)cccc3[nH]2)c1,,267.100776656,False,[]
1512,NC(=[NH2+])c1ccc2nc(-c3ncccc3O)[nH]c2c1,,254.10363642408998,False,[]
1513,[H]/N=C(\N)c1ccc2nc(-c3ncccc3O)[nH]c2c1,,253.096359972,False,[]
1514,COc1cccc(N2C=Cc3cc(S(N)(=O)=O)sc3S2(=O)=O)c1,,371.99083448399995,False,[]
1515,Nc1ccc(C2NC(CO)C(O)C2O)cc1,,224.116092372,False,[]
1516,O=C(O)C(Nc1ccc(Br)cc1)C(=O)O,,272.963669836,False,[]
1517,CC(C)(Oc1ccc(CCCN(CCc2c(F)cccc2Cl)C(=O)Nc2cccc(Cl)c2Cl)cc1)C(=O)O,,580.109868636,False,[]
1518,C[N+](C)(C)CCC(=O)c1cccc2ccccc12,,242.15394068009,False,[]
1519,CC1(C)SC(C(NC(=O)Cc2ccccc2)C(=O)NCc2ccccc2)NC1C(=O)NC(CO)Cc1ccccc1,,574.2613766960001,False,[]
1521,O=C(O)C(=O)Nc1sc2c(c1C(=O)O)CCSC2,,286.992214388,False,[]
1522,OCCNc1ncnc2c1nc1ccccn12,,229.096359972,False,[]
1523,Cc1ncc(COP(=O)(O)O)c(CNC(C)(CC(=O)O)C(=O)O)c1O,,378.0828168179999,False,[]
1524,[H]/N=C(\N)C1CCC(CNC(=O)C2C=CCn3c(=O)n(CCS(=O)(=O)c4ccc(Br)cc4)c(=O)n32)CC1,,580.1103511279999,False,[]
1525,CC(C)C(NC(=O)Cn1c(-c2cccs2)ncc(N)c1=O)C(=O)C(F)(F)C(=O)NCCN1CCOCC1,,540.1966454999999,False,[]
1526,CC(C)C(NC(=O)Cn1c(-c2ccc(N)cc2)ncc(NS(C)(=O)=O)c1=O)C(=O)C(F)(F)F,,489.1293744639999,False,[]
1527,CC(=O)NCC1NCC(O)C(O)C1O,,204.111006992,False,[]
1528,CC(=O)NC(C=O)C(O)C(O)C(O)COC1OC(CO)C(O)C(O)C1O,,383.14276061999993,False,[]
1529,CC(=O)NC1C(O)OC(CO)C(O)C1OC1OC(CO)C(O)C(O)C1O,,383.14276061999993,False,[]
1530,Cn1c(N)nc2ncc(-c3ccccc3)cc21,,224.106196384,False,[]
1535,Nc1ncc(S(=O)(=O)c2ccc([N+](=O)[O-])cc2)s1,,284.987797704,False,[]
1536,Cc1cc(C)cc(S(=O)(=O)c2cccc(N)c2C#N)c1,,286.077598688,False,[]
1538,CN(CC1(C)OCCO1)S(=O)(=O)c1ccccc1N,,286.098728056,False,[]
1539,Nc1ccc2c(c1)Cc1ccccc1-2,,181.089149352,False,[]
1540,c1ccc(Nc2nc(OCC3CCCCC3)c3[nH]cnc3n2)cc1,,323.17461029200007,False,[]
1541,CCCCCC=CCC=CCC=CCC=CCCCC(=O)OC(CO)CO,,378.27700969599994,False,[]
1542,O=C(O)C(CI)Cc1ccccc1,,289.980377592,False,[]
1543,Cc1c(-c2ccc(-c3ccccc3)cc2)nc2ccc(F)cc2c1C(=O)O,,357.1165069719999,False,[]
1545,OCC1OC(O)C(Cl)C(O)C1O,,198.029501132,False,[]
1546,Nc1nc(Cl)nc2c1ncn2C1CC(O)C(CO)O1,,285.06286692399993,False,[]
1547,OCC1OC(n2cnc3c(NC4CCCC4)nc(Cl)nc32)C(O)C1O,,369.12038179999996,False,[]
1548,Nc1nc(Cl)nc2c1ncn2C1OC(COP(=O)([O-])OP(=O)([O-])OP(=O)([O-])[O-])C(O)C1O,,536.9276673016398,False,[]
1549,Nc1nc(Cl)nc2c1ncn2C1OC(COP(=O)(O)OP(=O)(O)OP(=O)(O)O)C(O)C1O,,540.9567731099997,False,[]
1550,CC(O)C(C#N)C(=O)Nc1ccc(C(F)(F)F)cc1,,272.077262252,False,[]
1551,NCC(O)C1CCCCCCC1,,171.162314292,False,[]
1552,C=CC(Cl)(CBr)CCC(Br)C(C)(C)Cl,,363.899580072,False,[]
1553,CC(=O)NC1C(O)C=C(C(=O)O)OC1C(O)C(O)CO,,291.095416504,False,[]
1554,NC(CO)C(O)C(O)C(O)COP(=O)(O)O,,261.06135310200006,False,[]
1555,CCCCCC=CCC=CCC=CCCCCCCC(=O)OC(COCCCCCCCCCCCCCCCC)COP(=O)([O-])OCC[N+](C)(C)C,,769.598540658,False,[]
1556,CCCCCC=CCC=CCC=CCCCCCCC(=O)OC(COCCCCCCCCCCCCCCCC)COP(=O)(O)OCC[N+](C)(C)C,,770.6058171100901,False,[]
1557,CCC=CCC=CCC=CCC=CCC=CCCC(=O)OC(COCCCCCCCCCCCCCCCC)COP(=O)([O-])OCC[N+](C)(C)C,,751.5515904660001,False,[]
1558,CCC=CCC=CCC=CCC=CCC=CCCC(=O)OC(COCCCCCCCCCCCCCCCC)COP(=O)(O)OCC[N+](C)(C)C,,752.5588669180902,False,[]
1559,CCOC(=O)CN(c1ccccc1C(=O)OC)S(=O)(=O)c1ccc(C)cc1,,391.108958392,False,[]
1560,CCCCCCCCCCCCCCC(F)C(=O)O,,274.230808452,False,[]
1561,CCCCCCCc1cc(=O)c2ccccc2n1O,,259.157228912,False,[]
1562,CC(C)CC(C(=O)O)C(=O)NO,,175.084457896,False,[]
1563,CCCCCCCCCCCCC(O)C(=O)O,,244.203844756,False,[]
1564,NCC(O)(CS(=O)(=O)O)c1ccc(Cl)cc1,,265.017556544,False,[]
1565,NC1=NC2C(CSC2CCCCC(=O)O)N1,,243.104147784,False,[]
1566,COC(=O)C=Cc1ccc(C(=O)NCC(=O)NC(CCC(=O)OC)C(=O)NC(CC(C)C)C(N)=O)cc1,,518.2376640479999,False,[]
1571,CCCCCCCCCCCCCCCC(=O)NCC(CC(C[N+](C)(C)C)OP(=O)([O-])O)OC,,508.3641240459999,False,[]
1572,CCCCCCCCCCCCCCCC(=O)NCC(CC(C[N+](C)(C)C)OP(=O)(O)O)OC,,509.3714004980899,False,[]
1573,COc1cc2c(cc1O)CCC1C2CCC2(C)C(O)CCC12,,302.18819469199997,False,[]
1574,Cc1[nH]c2ccc(O)cc2c1CCN,,190.110613068,False,[]
1576,CNC(C)C(=O)c1ccccc1,,163.099714036,False,[]
1577,C[n+]1ccc2c(c1)[nH]c1ccc(O)c(Br)c12,,276.99710146009,False,[]
1578,C[n+]1ccc2c(c1)[nH]c1cc(Br)c(O)cc12,,276.99710146009,False,[]
1579,CSc1nc(N)c2ncn(C3OC(COP(=O)([O-])OP(=O)([O-])[O-])C(O)C3O)c2n1,,469.9953066477298,False,[]
1580,CSc1nc(N)c2ncn(C3OC(COP(=O)(O)OP(=O)(O)O)C(O)C3O)c2n1,,473.01713600399984,False,[]
1581,CSc1nc(N)c2ncn(C3OC(COP(=O)([O-])OP(=O)([O-])OP(=O)([O-])[O-])C(O)C3O)c2n1,,548.9543607176398,False,[]
1582,CSc1nc(N)c2ncn(C3OC(COP(=O)(O)OP(=O)(O)OP(=O)(O)O)C(O)C3O)c2n1,,552.9834665259998,False,[]
1583,O=C(O)c1ccc(OC(=O)N(c2ccccc2)c2ccccc2)c([N+](=O)[O-])c1,,378.08518616799995,False,[]
1584,O=c1[nH]n(CCc2ccccc2)c(=O)c2ccccc12,,266.105527688,False,[]
1585,Nc1nc(Nc2ccccc2)nc2c1ncn2C1OC(CO)C(O)C1O,,358.1389530559999,False,[]
1587,CC(C)CCNCC(O)C1Cc2ccc(cc2)OCCCC(=O)NC(CC(N)=O)C(=O)N1,,448.268570252,False,[]
1588,O=C(O)CCCCC=CCC(O)C=CC=CC=CC(O)CCCC(=O)O,,366.20423867999995,False,[]
1589,O=C(O)CCCC(O)C=CC=CC=CC(O)CC=CCCCCCO,,352.22497412399997,False,[]
1590,C=C1CCC(O)CC1=CC=C1CCCC2(C)C1CCC2C(C)CCC(O)C(C)(C)O,,416.32904526799996,False,[]
1591,CC(C)C(C)CCC(C)C1CCC2C3CC(OS(=O)(=O)[O-])C4CC(OS(=O)(=O)[O-])C(OS(=O)(=O)[O-])CC4(C)C3CCC12C,,671.2246106837297,False,[]
1592,CC(C)C(C)CCC(C)C1CCC2C3CC(OS(=O)(=O)O)C4CC(OS(=O)(=O)O)C(OS(=O)(=O)O)CC4(C)C3CCC12C,,674.2464400399999,False,[]
1593,C=C1CCC(O)CC1=CC=C1CCCC2(C)C1CCC2C(C)CCCC(C)(C)O,,400.334130648,False,[]
1594,CCC(C)(C)C(C)CCC(C)C1CCC2C3CC(OS(=O)(=O)[O-])C4CC(OS(=O)(=O)[O-])C(OS(=O)(=O)[O-])CC4(C)C3CCC12C,,699.2559108117298,False,[]
1595,CCC(C)(C)C(C)CCC(C)C1CCC2C3CC(OS(=O)(=O)O)C4CC(OS(=O)(=O)O)C(OS(=O)(=O)O)CC4(C)C3CCC12C,,702.2777401679999,False,[]
1596,CC(=O)OC1CCC2(C)C3CC(=O)C(=C(C)C=CC=C(C)C(O)CC=C(C)C)C3(C)CCC2C1(C)CO,,512.3501746359999,False,[]
1597,CC(=O)OC(CC=C(C)C)C(C)=CC=CC(C)=C1C(=O)CC2C1(C)CCC1C(C)(CO)C(OC(C)=O)CCC21C,,554.3607393199999,False,[]
1598,NCCOB(c1ccccc1)c1ccccc1,,225.132494532,False,[]
1599,CN(C)c1ncnc2c1ncn2C1OC(CO)C(N)C1O,,294.14403843599996,False,[]
1600,Cc1cn(C2CC(N=[N+]=[N-])C(COP(=O)(O)O)O2)c(=O)[nH]c1=O,,347.06308441799996,False,[]
1601,Nc1ncnc2c1ncn2C1OC(COP(=O)(O)OP(=O)(O)OP(=O)(O)O)CC1O,,491.0008308419998,False,[]
1602,CC(=O)OC1CC(n2cc(C)c(=O)[nH]c2=O)OC1COP(=O)(O)OP(=O)(O)Oc1ccccc1,,520.0647974039999,False,[]
1603,Nc1ncnc2c1ncn2C1OC(COP(=O)(O)OP(=O)(O)O)C(OP(=O)(O)O)C1O,,506.9957454619998,False,[]
1604,COc1cccc(N2CCc3cc(S(N)(=O)=O)sc3S2(=O)=O)c1,,374.00648454799995,False,[]
1605,CNC1CC2OC(C)(C1OC)n1c3c(O)cccc3c3c4c(c5c6cc(O)ccc6n2c5c31)C(=O)NC4,,498.190319932,False,[]
1607,CN(N=O)c1ccc(O)c(O)c1,,168.053492116,False,[]
1608,NCc1ccc(Cl)c(Cl)c1,,174.995554584,False,[]
1609,O=c1oc(Cl)c(Cl)c2ccccc12,,213.958834728,False,[]
1610,O=C1NCC=CN1C1OC(CO)C(O)C1O,,230.090271548,False,[]
1611,NS(=O)(=O)c1cc2c(s1)S(=O)(=O)N(Cc1cccs1)CC2O,,379.96290548400003,False,[]
1612,COc1ccc(N2CC(O)c3cc(S(N)(=O)=O)sc3S2(=O)=O)cc1,,390.001399168,False,[]
1613,O=C(O)Cc1nn(Cc2nc3cc(C(F)(F)F)ccc3s2)c(=O)c2ccccc12,,419.05514690399997,False,[]
1614,CC(N)Cc1ccc2c(c1)OCO2,,179.094628656,False,[]
1615,CNC(C)Cc1ccc2c(c1)OCO2,,193.11027872,False,[]
1616,Nc1cc(N)c2c(=O)[nH][nH]c(=O)c2c1,,192.064725496,False,[]
1618,Cc1cn(C2CC(OP(=O)(O)O)C(COP(=O)(O)O)O2)c(=O)[nH]c1=O,,402.0229325919999,False,[]
1620,CC(C)CC(CC(=O)NO)C(=O)NC(C(=O)NC(C)C(=O)NCCN)C(C)(C)C,,415.2794692840001,False,[]
1621,CC(N)C(CCCCCC(=O)O)CC(=O)O,,231.147058152,False,[]
1622,O=C(O)C(Cc1c[nH]c2ccccc12)NS(=O)(=O)c1ccc(N2CCC(c3ccccc3)CC2)cc1,,503.187877408,False,[]
1623,Oc1ccc2c(Cc3ccc(CN4CCCC4)c(Br)c3)c(-c3ccc(OCCN4CCCC4)cc3)sc2c1,,590.16026146,False,[]
1626,CCCCN(CCCC)CCCN,,186.20959883199998,False,[]
1627,CC1CN1C1=CC(=O)c2c(c(CO)c(-c3ccccc3)n2C)C1=O,,322.13174243599997,False,[]
1628,O=C(O)C(=O)Nc1cc2ccccc2cc1C(=O)O,,259.04807238800004,False,[]
1629,O=C(O)c1ncccc1CP(=O)(O)O,,217.014008986,False,[]
1630,C=CCS(=O)CC=CS,,162.01730694,False,[]
1631,[H]/N=C(\N)c1cccc(C(=O)NC(C(=O)N2CCC(C(=O)c3ccccc3)CC2)c2ccccc2)c1,,468.216140756,False,[]
1633,O=CN1CCN(c2ccc(CC3C(=O)Nc4ccccc43)cc2)CC1,,335.163376912,False,[]
1634,Oc1ccc2c(Cc3ccc(OCCN4CCCC4)cc3)c(-c3ccc(OCCN4CCCC4)nc3)sc2c1,,543.255563044,False,[]
1635,c1ccc2c(Cc3ccc(OCCN4CCCC4)cc3)c(-c3ccc(OCCN4CCCC4)cc3)sc2c1,,526.2653994560001,False,[]
1636,CNS(=O)(=O)Nc1ccc(-c2ccccc2)n(CC(=O)NC(C(=O)C(F)(F)F)C(C)C)c1=O,,488.13412549599997,False,[]
1637,CC(=O)OC1CCC2(C)C3CCC4(C)C(C(C=O)CC(=O)C=C(C)C)C(O)CC4(C)C3=CCC2C1(C)C(=O)O,,542.3243538119999,False,[]
1638,CC1CCC2N(C1)CC1C3CC4C(CC(=O)C5CC(Cl)CCC54C)C3CCC1C2(C)O,,447.29040726399995,False,[]
1640,NC(Cc1ccccc1)C(=O)CCl,,197.060741684,False,[]
1641,NCC(CP(=O)(O)O)c1ccc(Cl)cc1,,249.03215758599998,False,[]
1642,NC1(Cc2ccccc2)CCN2CCC(C=O)N2C1=O,,273.147726848,False,[]
1643,CCN(c1ccccc1)S(=O)(=O)c1ccc(Oc2ccccc2)c(N)c1,,368.1194635,False,[]
1644,Cc1cccc(C)c1OCC(=O)NC(Cc1ccccc1)C(O)CC(CC(C)C)NC(=O)c1ccc(N)cc1,,531.309706792,False,[]
1648,CC1CCC2N(C1)CC1C3CC4C(CC(=O)C5CC(Br)CCC54C)C3CCC1C2(C)O,,491.239891684,False,[]
1649,O=[N+]([O-])c1cccc2c(Br)[nH]nc12,,240.948688468,False,[]
1650,CC(C)C1CNC(C(=O)O)C1CC(=O)O,,215.115758024,False,[]
1651,Nc1nccc2c1ncn2C1OC(CO)C(O)C1O,,266.101504928,False,[]
1652,Nc1ccn(C2OC(CO)C(O)C2O)c(=O)c1,,242.090271548,False,[]
1653,O=C(O)C1C=C(O)C(O)C(O)C1,,174.05282342,False,[]
1654,CC12CCC3c4ccc(OS(=O)(=O)[O-])cc4CCC3C1CCC2O,,351.12716841591,False,[]
1655,CC12CCC3c4ccc(OS(=O)(=O)O)cc4CCC3C1CCC2O,,352.134444868,False,[]
1658,C#CC(O)C=CCCCCCCCCC(C)CCCCCCCC,,334.323565964,False,[]
1659,C#CC(O)C=CCCCCCCCCCCC(C)CCCC,,306.292265836,False,[]
1660,C#CC(O)C=CCCCCCCCCCCCCCC(C)C,,306.292265836,False,[]
1661,C#CC(O)C=CCCCCCCCCCC=CCCCCC(C)C,,332.3079159,False,[]
1662,CC(O)(CC(=O)O)CC(=O)O,,162.05282342,False,[]
1664,C#CC(O)C=CCCCCCCCCCC=CCCCCCC,,318.292265836,False,[]
1665,C#CC(O)C=CCCCCCCCCCCCCCCC,,292.276615772,False,[]
1666,C#CC(O)C=CCCCCCCCCCCCCCCCC,,306.292265836,False,[]
1667,Cn1c(CCCO)c(CO)c2c1C(=O)C=C(N1CC1)C2=O,,290.126657056,False,[]
1669,COc1cc(CCN)ccc1O,,167.094628656,False,[]
1670,COc1cc(CC(N)C(=O)O)ccc1O,,211.084457896,False,[]
1671,COc1ccc2c(c1)C13CCCCC1C(C2)NCC3,,257.177964356,False,[]
1674,Cc1ccc2cc3c(ccc4ccccc43)c3c2c1CC3,,268.125200512,False,[]
1675,Cc1cn(C2CC(O)C(CO)O2)c(=O)n(C)c1=O,,256.10592161200003,False,[]
1676,CCCn1c(=O)[nH]c(=O)c2[nH]cnc21,,194.08037556,False,[]
1677,O=[N+]([O-])c1cccc(B(O)O)c1,,167.038988072,False,[]
1679,NC(=O)c1cccc(N=O)c1,,150.042927432,False,[]
1680,COc1cc2c(cc1CC=C(C)C)C1Oc3cc(O)ccc3C1CO2,,338.15180918399994,False,[]
1682,O=C(O)CCP(=O)(O)O,,154.003109954,False,[]
1683,CN1C2CCC1CC(OC(=O)c1cc(Cl)cc(Cl)c1)C2,,313.06363414400005,False,[]
1684,Cc1cc(CCCOc2c(C)cc(-c3noc(C(F)(F)F)n3)cc2C)on1,,381.13002609600005,False,[]
1685,Nc1ccc(OC2OC(CO)C(O)C(O)C2O)cc1,,271.105587264,False,[]
1686,O=c1cc(-c2ccc(Br)cc2)oc2ccccc12,,299.978591628,False,[]
1687,CN1C2CCC1CC(OC(c1ccccc1)c1ccc(Cl)cc1)C2,,341.154642068,False,[]
1688,CN1C(=O)CN=C(c2ccc(Cl)cc2)c2cc(Cl)ccc21,,318.03266836399996,False,[]
1689,COc1cc(C2c3cc4c(cc3CC3COC(=O)C32)OCO4)cc(OC)c1O,,384.1209029799999,False,[]
1690,COc1cccc2c1C(=O)c1c(O)c3c(c(O)c1C2=O)CC(O)(C(=O)CO)CC3OC1CC([NH3+])C(O)C(C)O1,,544.18133720009,False,[]
1691,COc1cccc2c1C(=O)c1c(O)c3c(c(O)c1C2=O)CC(O)(C(=O)CO)CC3OC1CC(N)C(O)C(C)O1,,543.1740607479999,False,[]
1692,COC1C(N)CC2OC1(C)n1c3c(O)cccc3c3c4c(c5c6ccccc6n2c5c31)C(=O)NC4,,468.17975524800005,False,[]
1693,CCCCCC(O)C=CC=O,,156.115029752,False,[]
1694,Brc1c(Br)c(Br)c2n[nH]nc2c1Br,,430.69039543200006,False,[]
1696,OCC1C(O)C(O)C(O)c2cn[nH][n+]21,,202.08223228409,False,[]
1697,O=C1NC(=O)c2cc(Nc3ccccc3)c(Nc3ccccc3)cc21,,329.11642672,False,[]
1698,O=C(O)CCC(=O)CCC(=O)CCC(=O)O,,230.079038168,False,[]
1699,CC(=O)NC1C(N)C=C(C(=O)O)OC1C(O)C(O)CN,,289.12738532800006,False,[]
1700,NS(=O)(=O)c1ccc(C(=O)NCc2cccc(F)c2F)cc1,,326.053669684,False,[]
1701,NCCc1ccc(S(=O)(=O)F)cc1,,203.04162778,False,[]
1702,Nc1ccccc1SCCCCP(=O)(O)O,,261.05885100200004,False,[]
1703,O=P(O)(O)C=CCCSc1cc(F)ccc1O,,278.017794714,False,[]
1704,O=S(CCCCP(=O)(O)O)c1ccccc1O,,278.03778121,False,[]
1705,O=P(O)(O)C=CCCSc1ccccc1O,,260.027216526,False,[]
1706,NC1=NC(=C2CCC(N)CC2)C=N1,,178.12184644799999,False,[]
1707,NS(=O)(=O)c1ccc(/N=N/C2=c3cc(Br)ccc3=NC2=O)cc1,,391.95787324800006,False,[]
1708,CCC(CC)C(=O)Nc1cc(C(=O)O)ccc1NC(C)=O,,292.14230712,False,[]
1709,O=C(O)CCC(CSc1ccc(Cc2ccccc2)cc1)NC(=O)CCCCCCc1ccccc1,,503.249415044,False,[]
1710,C[Si](C)(C)c1ccc(B(O)O)cc1,,194.09343665,False,[]
1711,CC1(C)CCC(c2cnc3ccccc3c2)c2cc(C(=O)Nc3ccc(C(=O)O)cc3)ccc21,,450.19434269199996,False,[]
1712,O=C1N=c2ccc3ncsc3c2=C1CNc1ccc(S(=O)(=O)Nc2ccccn2)cc1,,449.06163134,False,[]
1713,COc1ccc2ncnc(NCc3ccc4c(c3)OCO4)c2c1,,309.11134134,False,[]
1714,COc1cc2ncnc(Nc3cccc(SC)c3)c2cc1OC,,327.10414778399996,False,[]
1715,COc1ccc2c(c1)CN(C(=O)CCN1CCC(Cc3ccccc3)CC1)CCS2,,424.218449264,False,[]
1716,O=C(O)CCC(NC(=O)c1ccc(S(=O)(=O)N2CCCC2C(=O)O)cc1)C(=O)O,,428.0889512199999,False,[]
1717,CC(C)CC(CN1CC(=O)C(NC(=O)C(CC(C)C)NC(=O)OCc2ccncc2)C1)NC(=O)OCc1ccccc1,,581.3213340959999,False,[]
1718,CC(=O)Nc1ccc(OC(=O)c2ccc(N=C(N)N)cc2)cc1,,312.12224037199996,False,[]
1719,[H]/N=C(\N)c1ccc(CS(=O)(=O)F)cc1,,216.036876748,False,[]
1720,Nc1ccc2c3c(cccc13)C(=O)NC2=O,,212.058577496,False,[]
1721,CC(=O)NC1C(N)C=C(C(=O)O)OC1C(O)C(O)CO,,290.111400916,False,[]
1722,Nc1nc(C(F)(F)F)ncc1COP(=O)(O)OP(=O)(O)O,,352.9789575159999,False,[]
1723,Cc1nc2cccc(F)c2c(N)c1CSCc1cccc(C(O)(O)C(F)(F)F)c1,,426.1025116959999,False,[]
1724,Cc1cccc(C)c1OCC(=O)NC(Cc1ccccc1)C(O)CC(CC(C)C)NC(=O)c1cccc(N)c1,,531.309706792,False,[]
1726,NCCCCP(=O)(O)O,,153.05547987399999,False,[]
1728,CC(=O)OC1=C2CCC3C4CCC(=O)C4(C)CCC3C2(C)CCC1=O,,344.19875937599994,False,[]
1729,COC1=C2CCC3C4CCC(=O)C4(C)CCC3C2(C)CCC1=O,,316.20384475599997,False,[]
1730,O=C(O)c1cc[c]([Hg][Cl])cc1,,357.96845008,False,[]
1733,Cc1ncc2ccccc2c1C#N,,168.068748256,False,[]
1734,C[N+]1(C)CCC(OC(=O)C(c2ccccc2)c2ccccc2)CC1,,324.19580549208996,False,[]
1735,CC1OC(O)C(O)C(O)C1NC1C=C(CO)C(O)C(O)C1O,,321.142366696,False,[]
1736,O=C([O-])C(O)CC(O)C(O)C(=O)[O-],,192.02809975582,False,[]
1737,O=C(O)C(O)CC(O)C(O)C(=O)O,,194.04265266,False,[]
1738,COc1cc(CC(=O)O)ccc1O,,182.0579088,False,[]
1740,O=C([O-])C=C(C(=O)[O-])C(O)C(=O)[O-],,186.98952317573003,False,[]
1741,O=C(O)C=C(C(=O)O)C(O)C(=O)O,,190.01135253200002,False,[]
1742,NNC(=O)c1ccc(O)cc1,,152.058577496,False,[]
1743,CC12CCC3c4ccc(O)c(O)c4CCC3C1CCC2O,,288.17254462799997,False,[]
1744,CC(C=CC1=C(C)CCCC1(C)C)=CC=CC(C)=CC(=O)Nc1ccc(O)cc1,,391.251129296,False,[]
1746,NC(=[NH2+])c1cc2c(I)cccc2s1,,302.94474367608996,False,[]
1747,[H]/N=C(\N)c1cc2c(I)cccc2s1,,301.93746722400005,False,[]
1748,COc1ccc(CCN)cc1O,,167.094628656,False,[]
1749,[H]N=S(C)(CC(CC(C)C)C(=O)NC1Cc2cn(c3ccccc23)CCCCCCNC1=O)=N[H],,473.282446488,False,[]
1750,O=C1C=Cc2c1cccc2[N+](=O)[O-],,175.02694302,False,[]
1752,CCCCCCCCCc1ccc(O)cc1,,220.182715388,False,[]
1753,COC1(C(=O)O)CC(OC(C)=O)C(NC(C)=O)C(C(O)C(O)CO)O1,,365.13219593599996,False,[]
1754,CCCCCCCCCCOCCC(=O)O,,230.188194692,False,[]
1755,O=C(O)CCCCCC(=O)CCC(=O)O,,216.099773612,False,[]
1756,N#Cc1c(-c2ccccc2)no[n+]1[O-],,187.0381764,False,[]
1757,O=P(O)(O)Oc1ccc(Cc2ccc(OP(=O)(O)O)cc2)cc1,,360.01639066799993,False,[]
1758,NCCCCNC(=O)c1ccc(S(N)(=O)=O)cc1,,271.099062404,False,[]
1759,NS(=O)(=O)c1ccc(C(=O)NCCCCNCS)cc1,,317.086783468,False,[]
1761,Nc1ncnc2c1ncn2C1OC(C(=O)NC2CC2)C(O)C1O,,320.12330299199994,False,[]
1762,COc1ccc(C2c3cc4c(c(OC5OC(CO)C(O)C(O)C5O)c3CC3COC(=O)C32)OCO4)cc1OC,,546.1737263999999,False,[]
1763,NCCSCC1OC(n2cnc3c(N)ncnc32)C(O)C1O,,326.11610943599993,False,[]
1765,NC(=O)CCC(N)C(=O)NS(=O)(=O)OCC1OC(n2cnc3c(N)ncnc32)C(O)C1O,,474.1281306640001,False,[]
1766,CCC=CCC=CCC=CCC=CC=CC(O)CCCC(=O)O,,318.21949481999997,False,[]
1767,CCCCCC=CCC=CCC=CC=CC1CCCC(=O)O1,,302.2245802,False,[]
1768,CCCCCCCCC=CCC=CC=CC(O)CCCC(=O)O,,322.25079494799996,False,[]
1769,CCCCCC(O)C=CC=CC=CC=CC(O)CCCC(=O)O,,322.21440943999994,False,[]
1770,CCCCCC=CCC=CC=CC=CC(O)C(O)CCCC(=O)O,,336.23005950399994,False,[]
1771,CCCCCC=CCC=CCC=CC=CC(O)CCCC(=O)O,,320.23514488399996,False,[]
1772,CCCCCC=CCC=CCC=CC=CC(CCCC(=O)O)OO,,336.23005950399994,False,[]
1775,O=C1NC(=O)C(c2ccccc2)(c2ccccc2)N1,,252.089877624,False,[]
1777,CCCCCC=CCC=CCC=CCC#CCCCC(=O)O,,302.2245802,False,[]
1778,CCCCCC=CCC=CCC=CCC1OC1CCCC(=O)O,,320.23514488399996,False,[]
1779,O=C(O)c1cc(=O)c2c(Cl)cc(Cl)cc2[nH]1,,256.96464838,False,[]
1780,CCCCCC#CCC#CCC#CCC#CCCCC(=O)O,,296.177630008,False,[]
1781,CCCCCCCCC#CCC#CCC#CCCCC(=O)O,,300.208930136,False,[]
1782,Oc1ccc(-c2nc3ccc(-c4nc5ccc(C6NCCN6)cc5[nH]4)cc3[nH]2)cc1,,396.16985926000007,False,[]
1783,CC(C)c1nc(COC(N)=O)n(Cc2ccncc2)c1Sc1cc(Cl)cc(Cl)c1,,450.06840223999995,False,[]
1784,COc1ccc(C2=C(OC(C)=O)c3cccn3-c3ccccc3S2)cc1,,363.092914404,False,[]
1785,COc1ccc(C2=C(OC(=O)N(C)C)c3cccn3-c3ccccc3S2)cc1,,392.11946350000005,False,[]
1786,Cc1cc(CCCCCOc2ccc(C3=NCCO3)cc2)on1,,314.163042564,False,[]
1787,Cc1cc(CCCCCOc2ccc(C3=NC(C)CO3)cc2)on1,,328.178692628,False,[]
1788,Cc1cc(CCCCCOc2ccc(C3=NCCO3)cc2Cl)on1,,348.12407021200005,False,[]
1789,O=c1[nH]c(NCC(O)C(O)C(O)CO)c(CCCCCP(=O)(O)O)c(=O)[nH]1,,411.1406660419999,False,[]
1790,Cc1cc(CCCCCCCOc2ccc(C3=NC(C)CO3)cc2)on1,,356.20999275599996,False,[]
1791,Cc1cc(CCCCCCCOc2ccc(C3=NC(C)CO3)cc2Cl)on1,,390.171020404,False,[]
1792,CN(C)c1cccc2c(S(=O)(=O)O)cccc12,,251.061614276,False,[]
1793,CN(C)c1nc(N)c(C(=O)N=C(N)N)nc1Cl,,257.079185684,False,[]
1794,NC(N)=NC(=O)c1nc(Cl)c(N2CCCCCC2)nc1N,,311.12613587600003,False,[]
1795,CCN(c1nc(N)c(C(=O)N=C(N)N)nc1Cl)C(C)C,,299.126135876,False,[]
1796,CN(c1nc(N)c(C(=O)N=C(N)N)nc1Cl)C(C)(C)C,,299.126135876,False,[]
1797,CCCCCCCCCOc1ccc2[nH]cc(CCN)c2c1,,302.23581357999996,False,[]
1798,CC(=O)Nc1sc(S(N)(=O)=O)n[n+]1C,,237.01105856809,False,[]
1799,CCCN(CCc1ccccc1)C(=O)C1OC(C(=O)O)=CC(N)C1NC(C)=O,,389.195070964,False,[]
1800,NC(=[NH2+])c1ccc2nc[nH]c2c1,,161.08217270808998,False,[]
1801,[H]/N=C(\N)c1ccc2nc[nH]c2c1,,160.074896256,False,[]
1802,NC(=O)c1cnn(-c2ccccc2)c1N,,202.08546094,False,[]
1803,Nc1cn(C2CC(O)C(CO)O2)c(=O)[nH]c1=O,,243.085520516,False,[]
1804,CCOC(=O)c1nn(-c2ccc(C)cc2)c(=O)c2c(N)sc(Br)c12,,406.99392440800005,False,[]
1805,Nc1ncn(C2OC(CO)C(O)C2O)c(=O)n1,,244.080769484,False,[]
1806,O=c1[nH]c(=O)n(C2CC(O)C(COP(=O)(O)O)O2)cc1Br,,385.951464074,False,[]
1807,O=[N+]([O-])C1(Br)COCOC1,,210.948019772,False,[]
1808,NC(=O)c1cncc(Br)c1,,199.95852488,False,[]
1809,NCCc1c[nH]c2ccc(C(N)=O)cc12,,203.105862036,False,[]
1810,Nc1ccn(C2OC(CCl)C(O)C2O)c(=O)n1,,261.051633544,False,[]
1811,O=C([O-])C(=O)CC(O)C(O)C(=O)[O-],,190.01244969182,False,[]
1812,CC1(C)C=Cc2c(O)ccc(C3COc4cc(O)ccc4C3=O)c2O1,,338.1154236759999,False,[]
1813,Nc1ncnc2c1ncn2C1OC(COP(=O)(O)OP(=O)(O)O)C(O)C1OP(=O)(O)O,,506.9957454619998,False,[]
1814,CCc1cn(C2CC(O)C(CO)O2)c(=O)[nH]c1=O,,256.10592161200003,False,[]
1815,Nc1ccc(OP(=O)(O)OCC2OC(n3cc(F)c(=O)[nH]c3=O)CC2O)cc1,,417.07372935399997,False,[]
1816,O=c1[nH]c(=O)n(C2CC(O)C(COP(=O)(O)O)O2)cc1F,,326.031530194,False,[]
1817,O=c1cc(F)n(C2OC(CO)C(O)C2O)c(=O)[nH]1,,262.06011429200004,False,[]
1818,CN(C)CCNC(=O)c1cccc2c(N)c3cccc(F)c3nc12,,326.15428944800004,False,[]
1819,O=P(O)(O)OCCCc1c[nH]c2ccc(F)cc12,,273.056622746,False,[]
1820,O=C(O)c1cc2cc(F)ccc2[nH]1,,179.038256652,False,[]
1821,O=c1[nH]c(=O)n(C2OC(CO)C(O)C2O)cc1F,,262.06011429200004,False,[]
1823,C#CC=CC(O)CCCCCCCCCCC(C)CCCC,,306.292265836,False,[]
1824,CCCCCC(O)CCCC(=O)[O-],,187.13396804791,False,[]
1825,CCCCCC(O)CCCC(=O)O,,188.1412445,False,[]
1826,O=C(O)Cc1c[nH]c2ccc(O)cc12,,191.058243148,False,[]
1827,CC1(CO)OC(C)(n2cc(CO)c(=O)[nH]c2=O)C(C)(C)C1(C)O,,328.16343648799995,False,[]
1828,O=c1[nH]c(=O)n(C2OC(CO)C(O)C2O)cc1O,,260.06445072400004,False,[]
1829,O=C(O)C(=O)Nc1ccc(I)cc1C(=O)O,,334.92907029199995,False,[]
1830,Nc1ncnc2c1c(I)cn2C1OC(CO)C(O)C1O,,391.9981528959999,False,[]
1831,CCCCCC=CCC=CCC=CC=CC(=O)CCCC(=O)O,,318.21949481999997,False,[]
1832,COc1ccc2[nH]cc(CCN(C)C)c2c1,,218.141913196,False,[]
1833,COc1ccc2[nH]cc(CCN)c2c1,,190.110613068,False,[]
1834,Cc1cn(C2CC(O)C(COP(=O)(O)O)O2)c(=O)nc1N,,321.072586482,False,[]
1835,Cc1cn(C2CC(O)C(CO)O2)c(=O)nc1N,,241.10625596,False,[]
1836,CC1(c2ccc(Oc3ccccc3)cc2)C(=O)NC(=O)NC1=O,,310.095356928,False,[]
1837,Cc1ccc2[nH]cc(CCN(C)C)c2c1,,202.146998576,False,[]
1838,Cc1cn(C2(C)OC(C)(CO)C(C)(O)C2(C)O)c(=O)nc1N,,313.1637708360001,False,[]
1839,NC(=O)NN=Cc1ccc([N+](=O)[O-])o1,,198.038904672,False,[]
1840,O=Nc1c(NCC(O)C(O)C(O)CO)[nH]c(=O)[nH]c1=O,,290.086248788,False,[]
1841,O=CC(O)C(O)C(O)C(S)CO,,196.040544484,False,[]
1842,Cc1ccc(S(=O)(=O)OCC2OC(n3cnc4c(N)ncnc43)CC2O)cc1,,405.11068970800005,False,[]
1843,CC12CCC(=O)CC1CCC1C2CCC2(C)C(OC(=O)CBr)CCC12,,410.145656952,False,[]
1844,CC(=O)NC(CCC(=O)C(=O)O)C(O)C(O)C(O)CO,,293.111066568,False,[]
1845,O=c1[nH]c2cc(Cl)c(Cl)cc2[nH]c1=O,,229.964982728,False,[]
1848,CC(C)=CCc1c(O)c(CC=C(C)C)c2c(c1O)C(=O)C(O)C(c1ccc(O)cc1)O2,,424.1885886159999,False,[]
1849,CC(C)=CCc1c(O)c(CC=C(C)C)c2oc(-c3ccc(O)cc3)c(O)c(=O)c2c1O,,422.1729385519999,False,[]
1850,[H]/N=C(\N)N(O)c1ncnc2c1ncn2C1OC(CO)C(O)C1O,,325.11346657999997,False,[]
1851,C=C1C2=C(CC1(C)CC=CC(C)=CC(=O)O)C(C)(C)CCC2,,300.208930136,False,[]
1852,CCCCCCCCCCCC(CC(=O)O)c1c(C)c(C)cc2c1nc1c(=O)[nH]c(=O)nc-1n2CC(O)C(O)C(O)COP(=O)(O)O,,682.2978949540001,False,[]
1853,O=c1[nH]c2ccccc2c2ccccc12,,195.068413908,False,[]
1854,O=C(O)c1ccc2cc(C(F)(F)P(=O)(O)O)ccc2c1,,302.0155664580001,False,[]
1855,Cc1c(CC(CO)CO)[nH]c(=O)[nH]c1=O,,214.095356928,False,[]
1856,O=c1cnn(C2OC(COP(=O)(O)O)C(O)C2O)c(=O)[nH]1,,325.03111559399997,False,[]
1857,CC(Sc1nc(N)cc(Cl)n1)c1cc2ccoc2cn1,,306.034209652,False,[]
1858,COc1cc2c(CCNC(C)=O)c[nH]c2cc1Cl,,266.0822054,False,[]
1861,CN(C)c1ncnc2[nH]ccc12,,162.09054632,False,[]
1862,NCC(O)c1cc(O)c(O)cc1F,,187.0644714,False,[]
1863,O=Cc1c2[nH]c3ccccc3c2cc2[nH]c3ccccc3c12,,284.09496300399996,False,[]
1864,COc1cc2c(CCNC(C)=O)c[nH]c2cc1O,,248.116092372,False,[]
1865,Cc1c(CCCO)[nH]c(=O)[nH]c1=O,,184.084792244,False,[]
1866,CCCCCC(O)C=CC1C(O)CC(O)C1CC(=O)CCCCC(=O)O,,370.23553880799994,False,[]
1868,COc1ccc2[nH]c3c(c2c1)CCNC3,,202.110613068,False,[]
1869,CNc1ncnc2c1ncn2C1OC(CO)C(O)C1O,,281.11240396,False,[]
1870,CCCCCCNc1ncnc2nc[nH]c12,,219.14839554399998,False,[]
1871,O=Nc1ccc2oc(=O)ccc2c1,,175.02694302,False,[]
1872,C=CCN1CC(C(=O)N(CC)CC)C=C2c3cccc4[nH]cc(c34)CC21,,349.215412484,False,[]
1873,CC(=O)NC1C(OCC(O)C(O)C(O)C(O)C=O)OC(CO)C(O)C1O,,383.14276061999993,False,[]
1874,O=P(O)(O)OCC1OC(n2cnc3c(OP(=O)(O)O)ncnc32)C(O)C1O,,428.0134305279999,False,[]
1875,CC1CC2C(C(O)CC3(C)C2CCC3(O)C(=O)COC(=O)CCC(=O)O)C2(C)C=CC(=O)C=C12,,474.2253680479999,False,[]
1876,C=CC1(C)CC(=O)C2C(C)(CC(O)C3C(C)(C)CCCC32C)O1,,320.23514488399996,False,[]
1877,CCCCCCCCCCCC=CC(C)(C)C=CCCCC(=O)O,,336.30283051999993,False,[]
1878,CCCc1cc(=O)oc2c3c(c4c(c12)OC(C)(C)CC4)OC(C)C(C)C3=O,,370.178023932,False,[]
1880,O=c1cc(-c2ccccc2)oc2c(O)c(O)ccc12,,254.0579088,False,[]
1881,CCC(CC)n1ccc2c3c(N)nc(N)nc3ccc21,,269.164045608,False,[]
1882,Cn1c(=O)c2c(ncn2CCCl)n(C)c1=O,,242.057053272,False,[]
1883,CC1=C(C(=O)O)N2C(=O)C(N)C2SC1,,214.04121318,False,[]
1884,O=C(O)c1cc(=O)c2ccc(Cl)cc2[nH]1,,223.003620732,False,[]
1885,CC1(C)C(=O)C=CC2(C)C1CC(O)C1(C)C2CCC2(C)C(c3ccoc3)OC(=O)C3OC321,,440.2198887439999,False,[]
1886,CC1(C)C(=O)C=CC2(C)C1CC(=O)C1(C)C2CCC2(C)C(c3ccoc3)OC(=O)C3OC321,,438.2042386799999,False,[]
1887,C=CC1(C)CC(=O)C2C3(C)CCCC(C)(C)C3C(O)C(O)C2(C)O1,,336.23005950399994,False,[]
1888,C=CC1(C)CC(=O)C2(O)C3(C)CCCC(C)(C)C3C(O)C(O)C2(C)O1,,352.2249741239999,False,[]
1889,O=C1CC(c2ccc(O)cc2)Oc2cc(O)ccc21,,256.073558864,False,[]
1890,O=C1CC(c2ccccc2)Oc2cc(O)ccc21,,240.078644244,False,[]
1892,Cn1c(=O)c2c(ncn2CCO)n(C)c1=O,,224.090940244,False,[]
1893,O=[N+]([O-])c1cccc2cn[nH]c12,,163.0381764,False,[]
1894,[H]/N=C(\N)n1cc2cccc([N+](=O)[O-])c2n1,,205.059974464,False,[]
1897,CCCCCC(O)C=CC=CC=CC(O)CC=CCCCC(=O)O,,336.23005950399994,False,[]
1898,CCCCCC=CCC=CC=CC(O)CC=CCCCC(=O)O,,320.23514488399996,False,[]
1899,CCCCCCCCC#CCC#CCCCCCCC(=O)O,,304.240230264,False,[]
1900,OC1Cc2cc3c(ccc4ccccc43)cc2C(O)C1O,,280.109944372,False,[]
1901,CCCCCC=CCC=CCC1OC1CC=CCCCC(=O)O,,320.23514488399996,False,[]
1902,Cn1c(=O)c2c(nc(C=Cc3cccc(Cl)c3)n2C)n(C)c1=O,,330.0883534,False,[]
1903,Nc1ncnc2c1nc(Sc1ccc(Cl)cc1)n2C1OC2COP(=O)([O-])OC2C1O,,470.00964205790984,False,[]
1904,Nc1ncnc2c1nc(Sc1ccc(Cl)cc1)n2C1OC2COP(=O)(O)OC2C1O,,471.01691850999987,False,[]
1905,Nc1ncnc2c1nc(Sc1ccc(Cl)cc1)n2C1OC2COP(=O)([O-])OC2C1O.[Na+],,492.99886275799986,False,[]
1906,NCCCCCCNc1nc2c(N)ncnc2n1C1OC2COP(=O)(O)OC2C1O,,443.16821818199986,False,[]
1907,NCCCCCCNc1nc2c(N)ncnc2n1C1OC(COP(=O)(O)O)C(O)C1O,,461.17878286599984,False,[]
1908,Cn1c(=O)c2[nH]c(-c3ccc(S(=O)(=O)O)cc3)nc2n(C)c1=O,,336.052840484,False,[]
1909,Nc1nc2c3ncnc2n1C1OC(COP(=O)(OP(=O)(O)O)OCC2OC(N3)C(O)C2O)C(O)C1O,,556.0720080239998,False,[]
1912,Nc1ncnc2c1nc(Br)n2C1OC2COP(=O)([O-])OC2C1O,,405.9557553499099,False,[]
1913,Nc1ncnc2c1nc(Br)n2C1OC2COP(=O)(O)OC2C1O,,406.96303180199993,False,[]
1914,O=P(O)(O)OP(=O)(O)OCC1OC(n2cnc3c(NBr)ncnc32)C(O)C1O,,504.9399270080001,False,[]
1917,Cn1c(=O)c2[nH]c(C3CCCC3)nc2n(C)c1=O,,248.127325752,False,[]
1921,CCCCN1C(=O)C(C)C(=O)c2[nH]c(COC)nc21,,265.142641468,False,[]
1922,Cn1c(=O)c2[nH]c(-c3ccccc3)nc2n(C)c1=O,,256.096025624,False,[]
1924,Nc1ncnc2c1nc(CS)n2C1OC2COP(=O)(O)OC2C1O,,375.0402407979999,False,[]
1926,CCCCCC=CCC=CCC(O)C=CC=CCCCC(=O)O,,320.23514488399996,False,[]
1927,CCCCCC=CC=CC(O)CCCCCCCC(=O)O,,296.23514488399996,False,[]
1928,CCCCCC=CC=CC(CCCCCCCC(=O)O)OO,,312.23005950399994,False,[]
1929,CCCCCC=CCC1OC1CCCCCCCC(=O)O,,296.23514488399996,False,[]
1930,CCCCCCCCC=CCCCCCCCC(N)=O,,281.27186474,False,[]
1931,CCCCCC#CCC#CCCCCCCCC(=O)O,,276.208930136,False,[]
1932,Nc1ncnc2c1ncn2C1CCCCO1,,219.112010036,False,[]
1933,c1ccc(CNc2c3c(nc4ccccc24)CCCC3)cc1,,288.16264864,False,[]
1934,CC(C=Cc1c(C)cc(O)cc1C)=CC=CC(C)CC(=O)O,,300.17254462799997,False,[]
1935,Nc1c2c(nc3ccccc13)CCCC2,,198.115698448,False,[]
1936,CC(=O)NC1C(O)C=C(C(=O)O)OC1C(O)C(O)CN,,290.11140091600004,False,[]
1937,CN(C)CCNC(=O)c1cccc2nc3cccc(Br)c3nc12,,372.058573264,False,[]
1939,COC1(C(=O)O)CC(O)C(NC(C)=O)C(C(O)C(O)CN)O1,,322.137615664,False,[]
1940,C=CC1(C)CC(=O)C2C(C)(O1)C(OC(C)=O)C(O)C1C(C)(C)CCC(O)C12C,,394.235538808,False,[]
1941,COc1c(O)ccc2c1cc([N+](=O)[O-])c1c(C(=O)O)cc3c(c12)OCO3,,357.048466312,False,[]
1942,CC(O)Cn1cnc2c(N)ncnc21,,193.096359972,False,[]
1943,CC(C)=CCCC(C)=CCCC(C)=CCONC(=O)CP(=O)(O)O,,359.1861596899999,False,[]
1944,Cc1ccccc1CC(=O)Nc1cc(C)c(S(=O)(=O)NCC(=O)O)c(C)c1,,390.12494280399994,False,[]
1946,CN(C)CCCOc1ccc(-c2nc3ccc(-c4ccc5nc(-c6ccc(OCCCN(C)C)cc6)[nH]c5c4)cc3[nH]2)cc1,,588.32127452,False,[]
1947,Cc1ncc(COP(=O)(O)O)c(CNC(CO)C(=O)O)c1O,,336.07225213399994,False,[]
1948,O=C(O)CNS(=O)(=O)c1ccc(N2CCC(c3ccccc3)CC2)cc1,,374.13002818399997,False,[]
1949,C=CCN(C)CCCCCCOc1ccc(C(=O)c2ccc(Br)cc2)c(F)c1,,447.1209194240001,False,[]
1950,O=C(NCP(=O)(O)O)OCc1ccccc1,,245.045309114,False,[]
1951,CNC(Cc1ccccc1)C(=O)N1CCCC1C(=O)NC(Cc1c[nH]c2ccccc12)C(=O)C(F)(F)C(F)(F)F,,564.215981888,False,[]
1952,C[Se]CC(=O)[O-],,152.94602427991,False,[]
1953,C[Se]CC(=O)O,,153.953300732,False,[]
1954,C[Te]CC(=O)[O-],,202.93572737991002,False,[]
1955,C[Te]CC(=O)O,,203.94300383200002,False,[]
1956,[H]/N=C(\N)c1ccc(C(NC(=O)OCc2ccccc2)P(=O)(O)O)cc1,,363.09840730599996,False,[]
1957,NC(Cc1ccccc1)C(=O)N1CCCC1C(=O)NCCNc1ccncc1,,381.21647510400004,False,[]
1958,Nc1ncnc2c1c(I)cn2C1CC(N)C(O)C1O,,375.01922268799996,False,[]
1959,CNc1ccc2oc(CC3OC4(CCC3C)OC(C(C)C(=O)c3ccc[nH]3)C(C)CC4C)nc2c1C(=O)O,,523.268235904,False,[]
1960,NCCNS(=O)(=O)c1cccc2c(Cl)cccc12,,284.038626336,False,[]
1961,NCC1OC(C23CC4CC(CC(C4)C2)C3)Cc2c1ccc(O)c2O,,329.19909372399997,False,[]
1962,c1cncc(OCC2CCN2)c1,,164.094963004,False,[]
1963,OCc1nnc2n1-c1ccc(Cl)cc1C(c1ccccc1Cl)=NC2,,358.038816364,False,[]
1964,CC1OC(=O)c2c(O)cc(O)cc2C=CCC2CC(=O)CCC21,,316.13107374,False,[]
1965,CNc1ccc2oc(CC3OC4(CCC3C)OC(C(C)C(=O)c3ccc[nH]3)C(C)CC4C)nc2c1C(=O)[O-],,522.26095945191,False,[]
1967,CC1=C(C)C(=O)C(CCCCC#CCCCC#CCO)=C(C)C1=O,,326.18819469199997,False,[]
1968,NC1=CN(C2OC(COP(=O)(O)OP(=O)(O)OCC3OC(n4cnc5c(N)ncnc54)C(OP(=O)(O)O)C3O)C(O)C2O)C=CC1,,717.0961877700003,False,[]
1969,[H]/N=C(\N)C(C)(C)/N=N/C(C)(C)/C(N)=N/[H],,198.15929457599998,False,[]
1970,CNC(=O)C1OC(n2cnc3c(NCc4ccc(N)cc4)ncnc32)C(O)C1O,,399.16550215200004,False,[]
1971,Nc1nc(NC2CC2)c2ncn(C3C=CC(CO)C3)c2n1,,286.154209196,False,[]
1973,Nc1ncnc2nc(-c3ccc(N4CCOCC4)nc3)cc(-c3cccc(Br)c3)c12,,462.080371328,False,[]
1974,CCCCCc1ccc(C=CC(=O)Nc2ccccc2C(=O)O)cc1,,337.16779359599997,False,[]
1976,CC1OC(NC2C(CO)OC(NC3C(CO)OC(O)C(O)C3O)C(O)C2O)C(O)C(O)C1NC1C=C(CO)C(O)C(O)C1O,,643.27998236,False,[]
1977,CCCCCC=CCC=CCC=CCC=CCCCC(=O)NCCCl,,365.248542452,False,[]
1978,CCCC(=O)Nc1ccc(OCC(O)CNC(C)C)c(C(C)=O)c1,,336.204907376,False,[]
1979,CC(=O)OC1CN2CCC1CC2,,169.11027872,False,[]
1980,CC(=O)OC1C(=O)OC2C(OC(C)=O)C(=O)OC12,,258.03756728,False,[]
1981,COc1ccc2c(c1)c(CC(=O)OCC(=O)O)c(C)n2C(=O)c1ccc(Cl)cc1,,415.082264976,False,[]
1982,COP(=O)(NC(C)=O)SC,,183.01190081,False,[]
1983,CC(=O)Nc1ccc(O)cc1,,151.063328528,False,[]
1984,CC(=O)Nc1ccc(OC(=O)c2ccccc2O)cc1,,271.084457896,False,[]
1985,CC(=O)Nc1cc([As](=O)(O)O)ccc1O,,274.97749392000003,False,[]
1986,CC(=O)Nc1nnc(S(N)(=O)=O)s1,,221.988132052,False,[]
1987,CCc1nc(N)nc(N)c1-c1ccc(Cl)c(/N=N/N(CCOC(C)=O)Cc2ccccc2)c1,,467.18365075199995,False,[]
1988,CCOCN(C(=O)CCl)c1c(C)cccc1CC,,269.11825656,False,[]
1989,CC(=O)c1ccc(S(=O)(=O)NC(=O)NC2CCCCC2)cc1,,324.11437811999997,False,[]
1991,CC(=O)NC(C(=O)NC(C(=O)NC(CC(C)C)C(O)CC(=O)NC(C)C(=O)NC(CC(C)C)C(O)CC(=O)O)C(C)C)C(C)C,,643.415628404,False,[]
1992,CC(=O)NC(CC(=O)O)C(=O)NC(CCC(=O)O)C(=O)NC(C(=O)NC(CC(=O)O)C(=O)Nc1ccc2c(C)cc(=O)oc2c1)C(C)C,,675.238786244,False,[]
1993,CC(=O)OC(C)C[N+](C)(C)C,,160.13320523609,False,[]
1994,CC(=O)NC(CSCC=C(C)CCC=C(C)CCC=C(C)C)C(=O)O,,367.218114916,False,[]
1995,CC(=O)NC(CC(C)C)C(=O)O,,173.10519334,False,[]
1996,CC(=O)OC(CC(=O)O)[N+](C)(C)C,,190.10738441209,False,[]
1999,CCC(C(=O)NC(=O)NC(C)=O)c1ccccc1,,248.116092372,False,[]
2000,CC(=O)NC(Cc1ccccc1)C(=O)O,,207.089543276,False,[]
2002,CC(=O)NC(Cc1c[nH]c2ccccc12)C(=O)O,,246.100442308,False,[]
2003,CC(=O)NC(Cc1c[nH]c2ccccc12)C(N)=O,,245.11642672,False,[]
2004,CCOC(=O)C(Cc1ccc(O)cc1)NC(C)=O,,251.115758024,False,[]
2005,CC(=O)NCCCCCC(=O)O,,173.10519334,False,[]
2006,O=C(O)C(=O)Nc1cccc(-c2nn[nH]n2)c1,,233.054889084,False,[]
2007,NC(C(=O)O)C1CC(Cl)=NO1,,178.014519764,False,[]
2009,CC(=O)OC(C)C(=O)OCC[N+](C)(C)C,,218.13868454009,False,[]
2010,CC(=O)c1ccc[n+](C2OC(COP(=O)([O-])OP(=O)(O)OCC3OC(n4cnc5c(N)ncnc54)C(O)C3O)C(O)C2O)c1,,662.1138728360002,False,[]
2011,CC(=O)c1ccc[n+](C2OC(COP(=O)(O)OP(=O)(O)OCC3OC(n4cnc5c(N)ncnc54)C(O)C3O)C(O)C2O)c1,,663.1211492880901,False,[]
2012,CCN1CC2(COC)C(O)CC(OC)C34C5CC6(O)C(OC)C(O)C(OC(C)=O)(C5C6OC(=O)c5ccccc5)C(C(OC)C23)C14,,645.3149113239998,False,[]
2013,CCCCCC=CCC=CCC=CCC=CCCCC(=O)NCCC1CC1,,371.318814932,False,[]
2014,[H]/N=C(\N)c1ccc(NC(=O)Nc2ccc(Cl)cc2)cc1,,288.077788716,False,[]
2015,O=c1c2ccccc2[nH]c2ccccc12,,195.068413908,False,[]
2016,C[n+]1c2cc(N)ccc2cc2ccc(N)cc21,,224.11822386808998,False,[]
2017,CCOc1ccc2nc3cc(N)ccc3c(N)c2c1,,253.1215121,False,[]
2018,CC(=O)Nc1ccc(CC(=O)O)cc1,,193.073893212,False,[]
2020,CCCCCC(CC(=O)NO)C(=O)NC(C(=O)N1CCCC1CO)C(C)C,,385.25767122,False,[]
2021,CNC1C(O)C(NC)C2OC3(O)C(=O)CC(C)OC3OC2C1O,,332.158351108,False,[]
2023,Nc1ncnc2c1ncn2C1OC(CO)C(OC2OC(CO)C(OP(=O)(O)O)C(OP(=O)(O)O)C2O)C1OP(=O)(O)O,,669.0485688819999,False,[]
2024,Nc1ncnc2c1ncn2C1OC(CO)C2OP(=O)(O)OC21,,329.05251973399993,False,[]
2026,NCCNC(=O)Cc1ccc(NC(=O)Cc2ccc(Nc3ncnc4c3ncn4C3OC(CO)C(O)C3O)cc2)cc1,,576.2444807439999,False,[]
2027,Nc1ncnc2c1ncn2C1OC(COP(=O)(O)O)C(O)C1OP(=O)(O)O,,427.02941493999987,False,[]
2028,Nc1ncnc2c1ncn2C1OC(COP(=O)(O)OP(=O)(O)OP(O)(O)=S)C(O)C1O,,522.9729018419998,False,[]
2029,Nc1ncnc2c1ncn2C1OC(COP(=O)(O)OP(=O)(O)OC2CC(n3ccc(=O)[nH]c3=O)OC2COP(=O)(O)O)C(OP(=O)(O)O)C1O,,797.0261327840002,False,[]
2030,Nc1ncnc2c1ncn2C1OC(CO)C(OP(=O)(O)OCC2OC(n3ccc(=O)[nH]c3=O)C(O)C2OP(=O)(O)O)C1O,,653.0883863600001,False,[]
2031,CCN(CC)CCOC(=O)C(c1ccccc1)c1ccccc1,,311.18852904000005,False,[]
2032,CCCCCCCCCCN(C)c1cc(CO)cc(NC(C)=O)c1,,334.26202832799993,False,[]
2033,CCCCCC=CCC=CCC=CCC=CCCCCCC(=O)O,,332.27153039199993,False,[]
2034,[H]/N=C(N)/N=N/c1cc2c(cc1O)N(C)CC2O,,235.106924656,False,[]
2035,CCCCCC=CCC=CCC=CCC=CCCCC(=O)OCCO,,348.26644501199996,False,[]
2036,COC1=C(Br)C(O)C(O)(CC#N)C=C1Br,,336.89491734800004,False,[]
2037,CCC(C)C(NC(=O)C(O)Cc1ccc(O)cc1)C(=O)N1C(C(=O)NCCCCN=C(N)N)CC2CCC(OS(=O)(=O)O)CC21,,654.3046980520002,False,[]
2040,Cc1ccccc1-n1c(CF)nc2ccc(N)cc2c1=O,,283.112090288,False,[]
2041,N#CC(C#N)=Cc1ccc([N+](=O)[O-])cc1,,199.0381764,False,[]
2042,N#CC(=Cc1ccc2[nH]ccc2c1)C(N)=C(C#N)C#N,,259.085795288,False,[]
2044,CC(C)(C)c1cc(C=C(C#N)C#N)cc(Br)c1O,,304.02112513599997,False,[]
2045,N#CC(=Cc1ccc(O)cc1)C(N)=C(C#N)C#N,,236.069810876,False,[]
2046,N#CC(C#N)=Cc1ccc([N+](=O)[O-])c(O)c1,,215.03309102,False,[]
2048,Cc1cc2ncc(-c3ccccc3)nc2cc1C,,234.115698448,False,[]
2049,COc1cc2ncc(-c3ccccc3)nc2cc1OC,,266.105527688,False,[]
2050,Cc1cc2ncc(-c3ccc(O)c(O)c3)nc2cc1C,,266.105527688,False,[]
2051,COc1cc2ncnc(Nc3cccc(Cl)c3)c2cc1OC,,315.07745436799996,False,[]
2052,N#CC(C#N)=Cc1ccc(O)c(O)c1,,186.042927432,False,[]
2054,N#CC(=Cc1ccc(O)c(O)c1)C(=O)O,,205.037507704,False,[]
2055,N#CC(=Cc1ccc(O)c(O)c1)C(=O)Nc1ccccc1,,280.084792244,False,[]
2056,CC(NC(=O)C(C#N)=Cc1ccc(O)c(O)c1)c1ccccc1,,308.116092372,False,[]
2057,N#CC(=Cc1ccc(O)c(O)c1)C(=O)c1ccc(O)c(O)c1,,297.063722452,False,[]
2058,N#CC(=Cc1ccc(O)c(O)c1)C(=O)NCCCc1ccccc1,,322.131742436,False,[]
2059,N#CC(=Cc1ccc(O)c(O)c1)C(=O)NCCCCc1ccccc1,,336.1473925,False,[]
2060,CCOC(=O)CCC(CC1CCNC1=O)NC(=O)C(CC(=O)C(NC(=O)c1cc(C)on1)C(C)C)Cc1ccc(F)cc1,,600.295927872,False,[]
2061,N#CC(C#N)=Cc1cc(O)c(O)c(O)c1,,202.037842052,False,[]
2062,COc1cc(C=C(C#N)C(N)=O)cc(CSc2nc3ccccc3s2)c1O,,397.05548334,False,[]
2063,COc1ccc(C=C(C#N)C#N)cc1,,184.063662876,False,[]
2064,COC(=O)c1ccc(NCc2cc(O)ccc2O)cc1,,273.10010796,False,[]
2065,N#CC(=Cc1ccc(O)c(O)c1)C(N)=O,,204.053492116,False,[]
2066,CC(=O)NC(CSCC=C(C)CCC=C(C)C)C(=O)O,,299.15551466,False,[]
2067,CC(=O)NC(CSCC=C(C)CCC=C(C)CCC=C(C)CCC=C(C)C)C(=O)O,,435.280715172,False,[]
2068,CC(C)C1C2CCC(C2)C1N,,153.151749608,False,[]
2069,O=C1N(Cc2ccccc2)C(COc2ccccc2)C(O)C(O)C(COc2ccccc2)N1Cc1ccccc1,,538.246772188,False,[]
2070,COC(O)c1ccc(CN2C(COc3ccccc3)C(O)C(O)C(COc3ccccc3)N(Cc3ccc(CO)cc3)S2(=O)=O)cc1,,664.24545186,False,[]
2071,NC1(C(=O)O)CCc2cc(C(=O)O)ccc21,,221.068807832,False,[]
2072,Nc1cccc2c(=O)[nH]ccc12,,160.063662876,False,[]
2073,CCC1C2CC3C4N(C)c5ccccc5C45CC(C2C5O)N3C1O,,326.199428072,False,[]
2074,CCC1(O)CC(OC2CC(N(C)C)C(O)C(C)O2)c2c(cc3c(c2O)C(=O)c2c(O)cccc2C3=O)C1C(=O)OC,,569.2260963199998,False,[]
2075,NC(=O)c1ccc([N+](=O)[O-])cc1Cl,,199.9988697,False,[]
2076,CCCCCCCCCCCCCCCCCCOCC(COC(=O)OC1C(O)C(O)C(O)C(CO)C1O)OC,,578.4029980559999,False,[]
2077,CC(=O)SCC(C)C(=O)N1CCCC1C(=O)NC(Cc1ccccc1)C(=O)O,,406.15624293199994,False,[]
2078,CCc1cccc(CC)c1N(COC)C(=O)CCl,,269.11825656,False,[]
2079,CC(C)CC(NC(=O)CCN)C(=O)O,,202.131742436,False,[]
2080,CC(N)C(=O)NC(Cc1ccccc1)C(=O)O,,236.116092372,False,[]
2081,CC(N)C(=O)OC(C)(C)Cc1ccc(Cl)cc1,,255.102606496,False,[]
2082,CCCSc1ccc2nc(NC(=O)OC)[nH]c2c1,,265.08849772,False,[]
2083,CC(C)(C)NCC(O)c1ccc(O)c(CO)c1,,239.152143532,False,[]
2084,CCCOc1ccc(CC(=O)O)cc1Cl,,228.055321956,False,[]
2085,CCC(=O)OCC(=O)C1(OC(=O)CC)C(C)CC2C3C(Cl)CC4=CC(=O)C=CC4(C)C3C(O)CC21C,,520.222781204,False,[]
2086,CNC(=O)ON=CC(C)(C)SC,,190.077598688,False,[]
2087,ClC1=C(Cl)C2(Cl)C3C4C=CC(C4)C3C1(Cl)C2(Cl)Cl,,361.875716336,False,[]
2088,NCCCC(O)(P(=O)(O)O)P(=O)(O)O,,249.016725016,False,[]
2089,C=C1C(=O)C(CC2C(=O)CC3C4CCC(C)C23CC4(C)C)C2C3CCC(C)C12CC3(C)C,,436.334130648,False,[]
2090,CCCCC(CC)C/N=C(\N)N/C(N)=N/CCCCCC/N=C(\N)N/C(N)=N/CC(CC)CCCC,,508.46894179200007,False,[]
2091,C=C1C(=CC=C2CCCC3(C)C2CCC3C(C)CCCC(C)C)CC(O)CC1O,,400.3341306479999,False,[]
2092,COc1cc2nc(N(C)CCCNC(=O)C3CCCO3)nc(N)c2cc1OC,,389.20630434400005,False,[]
2093,CC=C(C)C=CC=C(C)C=CC1=C(C)CCCC1(C)C,,270.23475096,False,[]
2095,CN(C)C1=NC2C(O)C(O)C(CO)C2O1,,216.111006992,False,[]
2096,C=CCC1(O)CCC2C3CCC4=CCCCC4C3CCC21C,,300.245315644,False,[]
2097,C=C(C)CNc1ccc(C(C)C(=O)O)cc1,,219.125928784,False,[]
2098,O=C1c2c(O)cccc2C(OC2OC(CO)C(O)C(O)C2O)c2cc(CO)cc(O)c21,,434.1212969039999,False,[]
2099,Cc1[nH]cnc1CN1CCc2c(c3ccccc3n2C)C1=O,,294.14806119599996,False,[]
2101,N#CC(=Cc1cccc(O)c1)C(=O)O,,189.042593084,False,[]
2102,N#CC(=Cc1ccc(O)cc1)C(=O)O,,189.042593084,False,[]
2105,NC(N)=NC(CCC(=O)O)C(=O)O,,189.074955832,False,[]
2106,CC(C)=CCCC(C)=CCCC(C)=CC(O)P(=O)(O)O,,302.164695974,False,[]
2107,CC(N)Cc1c[nH]c2ccc(O)cc12,,190.110613068,False,[]
2108,COC1OC(CO)C(O)C(O)C1O,,194.079038168,False,[]
2110,CC(N)(Cc1cccc(O)c1)C(=O)O,,195.089543276,False,[]
2111,CSCCC(C)(N)C(=O)O,,163.066699656,False,[]
2112,COC(=O)C(C)(N)Cc1ccc(O)cc1,,209.10519334,False,[]
2114,O=P([O-])(O)Oc1cccc2ccccc12.[Na+],,246.005789646,False,[]
2115,O=P(O)(O)Oc1cccc2ccccc12,,224.02384539800002,False,[]
2116,Cc1c(C)c2c(c(C)c1O)CCC(C)(CCCC(C)CCCC(C)CCCC(C)C)O2,,430.38108084,False,[]
2117,CC(=O)Oc1c(C)c(C)c2c(c1C)CCC(C)(CCCC(C)CCCC(C)CCCC(C)C)O2,,472.39164552399996,False,[]
2118,Cc1nnc2n1-c1ccc(Cl)cc1C(c1ccccc1)=NC2,,308.082874096,False,[]
2119,C=CCc1ccccc1OCC(O)CNC(C)C,,249.172878976,False,[]
2120,O=C(O)CN1C(=O)c2cccc3cccc(c23)C1=O,,255.053157768,False,[]
2122,C=CCSCC1Nc2cc(Cl)c(S(N)(=O)=O)cc2S(=O)(=O)N1,,382.983496608,False,[]
2123,CN(C)c1nc(N(C)C)nc(N(C)C)n1,,210.15929457599998,False,[]
2125,Cc1c(C(=O)NN2CCCCC2)nn(-c2ccc(Cl)cc2Cl)c1-c1ccc(I)cc1,,554.013714652,False,[]
2126,CC1(C)CCC(C)(C)c2cc(C(=O)Nc3ccc(C(=O)O)cc3)ccc21,,351.18344366,False,[]
2127,CCCCCC=CCC=CCC=CCC=CCCCC(=O)Nc1ccc(O)cc1,,395.282429424,False,[]
2128,C[NH+](CCc1ccc(Cl)c(Cl)c1)CC(O)COc1ccc(NS(C)(=O)=O)cc1,,447.09066006008993,False,[]
2129,CN(CCc1ccc(Cl)c(Cl)c1)CC(O)COc1ccc(NS(C)(=O)=O)cc1,,446.08338360799996,False,[]
2130,NC12CC3CC(CC(C3)C1)C2,,151.136099544,False,[]
2131,CC[N+](CC)(CCNC(=O)C(=O)NCC[N+](CC)(CC)Cc1ccccc1Cl)Cc1ccccc1Cl,,536.26738478418,False,[]
2132,Nc1c(Br)cc(Br)cc1CNC1CCC(O)CC1,,375.97858739599997,False,[]
2133,CC(=O)OCC(=O)C12OC3(CCCC3)OC1CC1C3CCC4=CC(=O)C=CC4(C)C3(F)C(O)CC12C,,502.23668168,False,[]
2134,O=C1c2ccccc2C(=O)c2c(NCCNCCO)ccc(NCCNCCO)c21,,412.21105537600005,False,[]
2135,COc1c[n+](-c2ccccc2)ncc1N,,202.09748842409,False,[]
2136,Nc1c(CC(=O)O)cccc1C(=O)c1ccccc1,,255.089543276,False,[]
2137,CCn1cc(C(=O)O)c(=O)c2ccc(Cc3ccccc3)nc21,,308.116092372,False,[]
2138,[H]/N=C(\N)c1ccc(CC(=O)C(=O)O)cc1,,206.06914218,False,[]
2139,CC(C)(COP(=O)(O)OP(=O)(O)OCC1OC(n2cnc3c(N)ncnc32)C(O)C1OP(=O)(O)O)C(O)C(=O)NCCC(=O)NCCCC(N)=O,,792.164601678,False,[]
2140,CC(=O)Nc1c(I)c(NC(C)=O)c(I)c(C(=O)O)c1I,,613.769650768,False,[]
2141,NCCCNCCSP(=O)(O)O,,214.05409996999998,False,[]
2142,NCCC(O)C(=O)NC1CC(N)C(OC2OC(CN)C(O)C(O)C2O)C(O)C1OC1OC(CO)C(O)C(N)C1O,,585.2857364359998,False,[]
2143,CN1C2CCC1CC(OC(c1ccccc1)c1ccccc1N)C2,,322.204513452,False,[]
2144,NCCOCCOCCNC(=O)c1ccc(S(N)(=O)=O)cc1,,331.120191772,False,[]
2145,CCC1(c2ccc(N)cc2)CCC(=O)NC1=O,,232.121177752,False,[]
2147,NC12CCCCC1Cc1ccccc12,,187.136099544,False,[]
2148,Nc1ccc(C(=O)NCC(=O)O)cc1,,194.06914218,False,[]
2150,NCC(=O)NCCOCCOCCNC(=O)c1ccc(S(N)(=O)=O)cc1,,388.141655488,False,[]
2151,Cc1c(N)c(=O)n(-c2ccccc2)n1C,,203.105862036,False,[]
2153,Cn1c(=O)c2[nH]cnc2n(C)c1=O,,180.064725496,False,[]
2154,Nc1nc(N)c2nc(CNc3ccc(C(=O)NC(CCC(=O)O)C(=O)O)cc3)cnc2n1,,440.1556657399999,False,[]
2156,CCCCc1oc2ccccc2c1C(=O)c1cc(I)c(OCC[NH+](CC)CC)c(I)c1,,646.03096624009,False,[]
2157,CCCCc1oc2ccccc2c1C(=O)c1cc(I)c(OCCN(CC)CC)c(I)c1,,645.0236897880001,False,[]
2158,CN(C)CCCOC1C(C(O)CO)OC2OC(C)(C)OC21,,305.183837584,False,[]
2159,CCN1CCCC1CNC(=O)c1cc(S(=O)(=O)CC)c(N)cc1OC,,369.172227344,False,[]
2160,CN(C)CCC=C1c2ccccc2CCc2ccccc21,,277.183049736,False,[]
2161,CC(C)c1ccc2oc3nc(N)c(C(=O)O)cc3c(=O)c2c1,,298.095356928,False,[]
2162,CCOC(=O)C1=C(COCCN)NC(C)=C(C(=O)OC)C1c1ccccc1Cl,,408.14519958,False,[]
2163,CCC1(CCC(C)C)C(=O)NC(=O)N=C1[O-],,225.12446598391,False,[]
2164,CCC1(CCC(C)C)C(=O)NC(=O)NC1=O,,226.131742436,False,[]
2165,CCN(CC)Cc1cc(Nc2ccnc3cc(Cl)ccc23)ccc1O,,355.1451400039999,False,[]
2166,CCN(CC)Cc1ccc(Nc2ccnc3cc(Cl)ccc23)cc1O,,355.1451400039999,False,[]
2167,CCC(C)(C)OC(=O)NC(Cc1c[nH]c2ccccc12)C(=O)NC(CCSC)C(=O)NC(CC(=O)O)C(=O)NC(Cc1ccccc1)C(N)=O,,710.309783432,False,[]
2168,CCC(C)(C)c1ccc(CC(C)CN2CC(C)OC(C)C2)cc1,,317.27186474,False,[]
2169,COc1ccccc1OCCNCC(O)c1ccc(C)c(S(N)(=O)=O)c1,,380.14059286799994,False,[]
2170,Clc1ccc2c(c1)C(N1CCNCC1)=Nc1ccccc1O2,,313.09818981199993,False,[]
2171,CC1(C)SC2C(NC(=O)C(N)c3ccc(O)cc3)C(=O)N2C1C(=O)O,,365.104541708,False,[]
2172,O=C(O)C1C(=CCO)OC2CC(=O)N21,,199.048072388,False,[]
2173,CC1(C)SC2C(NC(=O)C(N)c3ccccc3)C(=O)N2C1C(=O)[O-],,348.10235063590994,False,[]
2174,CC1(C)SC2C(NC(=O)C(N)c3ccccc3)C(=O)N2C1C(=O)O,,349.10962708799997,False,[]
2175,CC1(C)SC2C(NC(=O)C(N)c3ccccc3)C(=O)N2C1C(=O)OCOC(=O)C1N2C(=O)CC2S(=O)(=O)C1(C)C,,594.1454205399999,False,[]
2176,CCOC(=O)OC(C)OC1=C(C(=O)Nc2ccccn2)N(C)S(=O)(=O)c2ccccc21,,447.11002101200006,False,[]
2177,CC(C)CN(CC(O)C(Cc1ccccc1)NC(=O)OC1CCOC1)S(=O)(=O)c1ccc(N)cc1,,505.22465683999997,False,[]
2178,CCCc1ncc(C[n+]2ccccc2C)c(N)n1,,243.16042302808998,False,[]
2179,COc1cc(NS(C)(=O)=O)ccc1Nc1c2ccccc2nc2ccccc12,,393.11471246800005,False,[]
2180,N#CC(OC1OC(COC2OC(CO)C(O)C(O)C2O)C(O)C(O)C1O)c1ccccc1,,457.15841068399993,False,[]
2181,c1cncc(C2CCCCN2)c1,,162.115698448,False,[]
2183,CCCCCC=CCC=CCCCCCCCC(=O)NCCO,,323.282429424,False,[]
2184,CCCCCC=CCC=CCC=CCCCCCCC(=O)NCCO,,349.298079488,False,[]
2185,CCCCCC=CCC=CCC=CCC=CCCCC(=O)NCCO,,347.282429424,False,[]
2186,CCCCCC=CCC=CCC=CCC=CCCCCCC(=O)NCCO,,375.313729552,False,[]
2187,CC(C)(C#N)c1cc(Cn2cncn2)cc(C(C)(C)C#N)c1,,293.16404560800004,False,[]
2188,O=S(=O)([O-])Oc1cc2c(ccn2S(=O)(=O)[O-])c(Cl)c1O,,340.90778292782,False,[]
2189,O=S(=O)(O)Oc1cc2c(ccn2S(=O)(=O)O)c(Cl)c1O,,342.922335832,False,[]
2190,O=S(=O)([O-])n1ccc2c(Cl)c(O)c(O)cc21,,261.95824451991007,False,[]
2191,O=S(=O)(O)n1ccc2c(Cl)c(O)c(O)cc21,,262.965520972,False,[]
2192,CC12C=CC(=O)C=C1CCC1C2CCC2(C)C(=O)CCC12,,284.177630008,False,[]
2193,CC12CCC3C(CCC4=CC(=O)CCC43C)C1CCC2=O,,286.193280072,False,[]
2194,COc1ccc(-c2cc(=S)ss2)cc1,,239.973727876,False,[]
2195,COC(CCC(C)C1OC23CC(OC(=O)CC(C(C)O)OC(=O)CC(=C(C)CC2(C)C)O3)C1C)c1cccc(O)c1,,574.314183052,False,[]
2196,COc1ccc(C(=O)N2CCCC2=O)cc1,,219.089543276,False,[]
2197,COc1ccc(C2C(=O)c3ccccc3C2=O)cc1,,252.078644244,False,[]
2198,CN1C2CC(OC(=O)C(CO)c3ccccc3)CC1C(O)C2,,305.162708216,False,[]
2199,COc1ccc(CC2NCC(O)C2OC(C)=O)cc1,,265.131408088,False,[]
2200,c1ccc(CN(CC2=NCCN2)c2ccccc2)cc1,,265.157897608,False,[]
2201,O=C(O)c1c2ccccc2cc2ccccc12,,222.06807956,False,[]
2202,O=C1c2c(O)cccc2Cc2cccc(O)c21,,226.06299418,False,[]
2203,COc1cc(C2c3cc4c(cc3CC3COC(=O)C32)OCO4)cc(OC)c1OC,,398.1365530439999,False,[]
2204,CCCCCC1C(=O)OC(C)C(NC(=O)c2cccc(NC=O)c2O)C(=O)OC(C)C1OC(=O)CC(C)C,,534.2577307959999,False,[]
2205,CC(C)C(NC(=O)C(CCCN=C(N)N)NC(=O)NC(Cc1ccccc1)C(=O)O)C(=O)NC(C=O)CCCN=C(N)N,,604.3445291279999,False,[]
2206,Cc1cc(=O)n(-c2ccccc2)n1C,,188.094963004,False,[]
2207,NC(CCP(=O)(O)O)C(=O)O,,183.02965905,False,[]
2208,CC(=O)NC(Cc1ccc(P(=O)(O)O)c(P(=O)(O)O)c1)C(=O)NC1CCCCc2cc(OCC3CCCCC3)c(C(N)=O)cc21,,665.2267177719999,False,[]
2209,NSC(=S)N1CCCC1,,162.02854032,False,[]
2210,CC1(CO)C(O)CCC2(C)C1CCC1CC3CC12CCC3(O)CO,,338.24570956799994,False,[]
2211,CCCCC#CCSc1ccccc1OC(C)=O,,262.102750816,False,[]
2212,CCC(=O)CCCCCC1NC(=O)C2CCCCN2C(=O)C(C(C)CC)NC(=O)C(c2cn(OC)c3ccccc23)NC1=O,,609.3526342239999,False,[]
2214,COc1cc(C(C)=O)ccc1O,,166.06299418,False,[]
2215,CN1CCc2cccc3c2C1Cc1ccc(O)c(O)c1-3,,267.125928784,False,[]
2216,Nc1cc(Cl)c(NC2=NCCN2)c(Cl)c1,,244.02825167999998,False,[]
2217,CNC1C(OC2(C)OC(CO)C(N)C(O)C2O)OC2CC(N)C(OC3C(N)CC(N)C(O)C3O)OC2C1O,,553.2959071959999,False,[]
2218,CCN(CC)CCCN(c1ccccc1)C1Cc2ccccc2C1,,322.24089896,False,[]
2219,O=P(O)(O)OCC(O)C(O)C(O)CO,,232.034804006,False,[]
2220,CCCCCC=CCC=CCC=CCC=CCCCC(N)=O,,303.256214676,False,[]
2221,CCCCCC=CCC=CCC=CCC=CCCCC(=O)OC(C)C,,346.287180456,False,[]
2222,CCCCCC=CCC=CCC=CCC=CCCCC(=O)OC(COCCCCCCCCCCCCCCCC)COP(=O)([O-])OCC[N+](C)(C)C,,767.5828905940001,False,[]
2223,CCCCCC=CCC=CCC=CCC=CCCCC(=O)OC(COCCCCCCCCCCCCCCCC)COP(=O)(O)OCC[N+](C)(C)C,,768.5901670460902,False,[]
2224,CCCCCC=CCC=CCC=CCC=CCCCC(=O)C(F)(F)F,,356.23270027200005,False,[]
2225,COC(=O)C1=C(C)NC(C)=C(C(=O)OCC(C)=O)C1c1ccccc1[N+](=O)[O-],,388.12705098,False,[]
2226,NCCC(O)C(=O)NC1CC(N)C(OC2OC(CN)CCC2N)C(O)C1OC1OC(CO)C(O)C(N)C1O,,552.3118916079999,False,[]
2227,NC(N)=NCCCCN=C(N)N,,172.14364451199998,False,[]
2229,C#CCOC(=O)C1=CCCN(C)C1,,179.094628656,False,[]
2230,COC(=O)C1=CCCN(C)C1,,155.094628656,False,[]
2232,CC1CNc2c(cccc2S(=O)(=O)NC(CCCN=C(N)N)C(=O)N2CCC(C)CC2C(=O)O)C1,,508.246789252,False,[]
2233,NC(=O)C(N)CCC[NH+]=C(N)N,,174.13493655208998,False,[]
2234,NC(=O)C(N)CCCN=C(N)N,,173.12766009999999,False,[]
2235,Nc1ncnc2c1ncn2C1CC(CO)C(O)C1O,,265.11748934,False,[]
2236,COc1cccc2c1cc([N+](=O)[O-])c1c(C(=O)O)cc3c(c12)OCO3,,341.053551692,False,[]
2237,C=C(C)C1CC=C2CCCC(C)C2(C)C1,,204.187800768,False,[]
2238,O=c1c2ccccc2oc2c(Cn3ccnc3)ccc([N+](=O)[O-])c12,,321.074955832,False,[]
2239,CC(C)(C)NCC(O)CSc1nc(-c2ccc(C(N)=O)s2)cs1,,371.0795899120001,False,[]
2240,CC1CCC2C(C)C(=O)OC3OC4(C)CCC1C32OO4,,282.146723804,False,[]
2241,CCC1C=C(C)CC(C)CC(OC)C2OC(O)(C(=O)C(=O)N3CCCCC3C(=O)OC(C(C)=CC3CCC(O)C(OC)C3)C(C)C(O)CC1=O)C(C)CC2OC,,791.4819766480001,False,[]
2242,COC(=O)C(Cc1ccccc1)NC(=O)C(N)CC(=O)O,,294.121571676,False,[]
2243,Nc1ncnc2c1ncn2C1OC(COP(=O)(O)OC(=O)C(N)CC(=O)O)C(O)C1O,,462.0900274379999,False,[]
2244,CC(=O)Oc1ccccc1C(=O)O,,180.042258736,False,[]
2245,CNC(=O)CC(N)C(=O)NC(C(=O)NC1C(=O)N2C1SC(C)(C)C2C(=O)O)c1ccc(O)cc1,,493.16311920399994,False,[]
2246,CC(C=CC=C(C)C=CC1=C(C)C(=O)C(O)CC1(C)C)=CC=CC=C(C)C=CC=C(C)C=CC1=C(C)C(=O)C(O)CC1(C)C,,596.3865601439999,False,[]
2247,COc1ccc(CCN2CCC(Nc3nc4ccccc4n3Cc3ccc(F)cc3)CC2)cc1,,458.24818983200004,False,[]
2248,COC1C(O)C(N)C(OC2OC(C(C)N)CCC2N)C(O)C1N(C)C(=O)CN,,405.25873384000005,False,[]
2249,CC(C)NCC(O)COc1ccc(CC(N)=O)cc1,,266.163042564,False,[]
2250,CC(C)c1c(C(=O)Nc2ccccc2)c(-c2ccccc2)c(-c2ccc(F)cc2)n1CCC(O)CC(O)CC(=O)O,,558.2530004399999,False,[]
2251,Nc1ncnc2c1ncn2C1OC(COP(=O)([O-])OP(=O)([O-])OP(=O)([O-])O)C(O)C1O,,503.9739161057298,False,[]
2252,CC(C)(C)c1o[nH]c(=O)c1CC([NH3+])C(=O)[O-],,228.111006992,False,[]
2253,CC(C)(C)c1o[nH]c(=O)c1CC(N)C(=O)O,,228.111006992,False,[]
2254,C=C1C2CCC3C4(C)CC(OC5OC(CO)C(OS(=O)(=O)[O-])C(OS(=O)(=O)[O-])C5OC(=O)CC(C)C)CC(C(=O)O)C4CCC3(C2)C1O,,724.2081744878199,False,[]
2255,C=C1C2CCC3C4(C)CC(OC5OC(CO)C(OS(=O)(=O)O)C(OS(=O)(=O)O)C5OC(=O)CC(C)C)CC(C(=O)O)C4CCC3(C2)C1O,,726.222727392,False,[]
2256,CCNc1nc(Cl)nc(NC(C)C)n1,,215.09377312799998,False,[]
2257,[NH3+]OC(=O)C1=CC(=C(c2ccc(O)c(C(=O)O[NH3+])c2)c2ccc(O)c(C(=O)O[NH3+])c2)C=CC1=O,,470.1183084802699,False,[]
2258,NOC(=O)C1=CC(=C(c2ccc(O)c(C(=O)ON)c2)c2ccc(O)c(C(=O)ON)c2)C=CC1=O,,467.0964791239999,False,[]
2259,O=C(O)C1=CC(=C(c2ccc(O)c(C(=O)O)c2)c2ccc(O)c(C(=O)O)c2)C=CC1=O,,422.06378202799993,False,[]
2261,CCC1OC2(C)C(O)C(C=CC=CC=Cc3oc(=O)cc(OC)c3C)OC1(C)C2OC(C)=O,,460.2097179839999,False,[]
2263,CC=C(C)C(=O)OC1CC(OC(C)=O)C2(C(=O)OC)COC3C2C12COC(O)(C(=O)OC)C2C(C)(C12OC1(C)C1CC2OC2OC=CC21O)C3O,,720.262935328,False,[]
2264,CN1C(=O)COc2c(C(=O)NC3CN4CCC3CC4)cc(Cl)cc21,,349.11931918,False,[]
2265,Cn1cnc([N+](=O)[O-])c1Sc1ncnc2nc[nH]c12,,277.038193464,False,[]
2266,O=C(O)CCCCCCCC(=O)O,,188.104858992,False,[]
2267,CN1CCCC(n2nc(Cc3ccc(Cl)cc3)c3ccccc3c2=O)CC1,,381.1607900679999,False,[]
2268,COP(=S)(OC)SCn1nnc2ccccc2c1=O,,317.005769874,False,[]
2269,CCC1OC(=O)C(C)C(OC2CC(C)(OC)C(O)C(C)O2)C(C)C(OC2OC(C)CC(N(C)C)C2O)C(C)(O)CC(C)CN(C)C(C)C(O)C1(C)O,,748.5085257439999,False,[]
2270,CC1(C)SC2C(NC(=O)C(NC(=O)N3CCNC3=O)c3ccccc3)C(=O)N2C1C(=O)[O-],,460.12962800390994,False,[]
2271,CC1(C)SC2C(NC(=O)C(NC(=O)N3CCNC3=O)c3ccccc3)C(=O)N2C1C(=O)O,,461.13690445599997,False,[]
2272,c1ccc(/N=N/c2ccccc2)cc1,,182.08439832,False,[]
2273,NS(=O)(=O)c1cc(-c2nn[nH]n2)c(NCc2cccs2)cc1Cl,,370.00734327200007,False,[]
2274,CC1C(NC(=O)C(=NOC(C)(C)C(=O)O)c2csc(N)n2)C(=O)N1S(=O)(=O)O,,435.051854504,False,[]
2275,Cc1cc(S(=O)(=O)O)c2c(C)ccc(C(C)C)cc1-2,,278.097665436,False,[]
2277,CCN1CCc2nc(N)oc2CC1,,181.1215121,False,[]
2278,O=C(Oc1cccc(CO[N+](=O)[O-])c1)c1ccccc1O,,289.058637072,False,[]
2279,CSCCC(NC(=O)C(Cc1ccccc1)NCC(NCC(N)CS)C(C)C)C(=O)O,,470.238533076,False,[]
2280,NC(=[NH2+])c1ccc2nc(C(=O)c3nc4ccc(C(N)=[NH2+])cc4[nH]3)[nH]c2c1,,348.14360997218006,False,[]
2281,[H]/N=C(\N)c1ccc2nc(C(=O)c3nc4ccc(/C(N)=N/[H])cc4[nH]3)[nH]c2c1,,346.12905706800007,False,[]
2282,CCOC(=O)OC(C)OC(=O)C1N2C(=O)C(NC(=O)C(N)c3ccccc3)C2SC1(C)C,,465.15697120400006,False,[]
2284,NCC(CC(=O)O)c1ccc(Cl)cc1,,213.055656304,False,[]
2285,O=C(O)OCc1ccccc1,,152.04734411599998,False,[]
2286,CC(C)(c1ccc(OCC2CO2)cc1)c1ccc(OCC2CO2)cc1,,340.16745924799994,False,[]
2287,COC1=CC(C)=CC(C)C(O)C(C)CC(C)=CC=CC(OC)C(C(C)C(O)C(C)C2(O)CC(O)C(C)C(C(C)C)O2)OC1=O,,622.408083436,False,[]
2289,Oc1ccc(C2Oc3cc(O)cc4c3C2c2cc(O)cc(O)c2C(c2ccc(O)cc2)C4O)cc1,,470.1365530439999,False,[]
2290,O=C(NC1CNCCCC1OC(=O)c1cc(O)c(C(=O)c2c(O)cccc2C(=O)O)c(O)c1)c1ccc(O)cc1,,550.1587450319998,False,[]
2292,CCCCNCC(O)c1ccc(O)cc1,,209.141578848,False,[]
2293,CC(=O)OCOC(=O)CN(CC(=O)OCOC(C)=O)c1ccccc1OCCOc1ccccc1N(CC(=O)OCOC(C)=O)CC(=O)OCOC(C)=O,,764.2276124400001,False,[]
2294,CCC1(CC)C(=O)NC(=O)NC1=O,,184.084792244,False,[]
2295,COC(=O)c1ccc(C=Cc2ccc([N+](=O)[O-])o2)o1,,263.042987008,False,[]
2296,COC(=O)C1=C(C)NC(C)=C(C(=O)OC2CCN(Cc3ccccc3)C2)C1c1cccc([N+](=O)[O-])c1,,491.205635648,False,[]
2299,CNC(=O)C(Cc1ccccc1)NC(=O)C(CC(C)C)C(CSc1cccs1)C(=O)NO,,477.17559847200005,False,[]
2300,Cn1cc2c3c1C(=O)C(=O)C(Cl)=C3NCC2,,236.035255208,False,[]
2301,Cc1ccc(S(=O)(=O)C=CC#N)cc1,,207.035399528,False,[]
2302,CC(C)(C)c1ccc(S(=O)(=O)C=CC#N)cc1,,249.08234972,False,[]
2303,COC(=O)C1=C(C)NC(C)=C([N+](=O)[O-])C1c1ccccc1C(F)(F)F,,356.09839162000003,False,[]
2304,CCCCC(CN(O)C=O)C(=O)NC(C(=O)N(C)C)C(C)(C)C,,329.23145647200005,False,[]
2305,CCCCOC(=O)C(O)C(NC(=O)c1ccc2n1C(=O)CN(S(=O)(=O)Cc1ccccc1)C2)C1CCC(N)CC1,,574.2461205559999,False,[]
2306,NC(CSCCB(O)O)C(=O)O,,193.058009264,False,[]
2307,CCC(=O)OCC(=O)C1(OC(=O)CC)C(C)CC2C3CCC4=CC(=O)C=CC4(C)C3(Cl)C(O)CC21C,,520.222781204,False,[]
2308,CC1CC2C3CCC4=CC(=O)C=CC4(C)C3(Cl)C(O)CC2(C)C1(O)C(=O)CO,,408.17035170799994,False,[]
2309,CC(=O)c1cc2cccc(OCC(O)CNC(C)C)c2o1,,291.147058152,False,[]
2310,CCC1(C)CC(=O)NC(=O)C1,,155.094628656,False,[]
2311,CCOC(=O)C(CCc1ccccc1)NC1CCc2ccccc2N(CC(=O)O)C1=O,,424.19982199599997,False,[]
2312,CN(C)CCCOC1(Cc2ccccc2)CCCCCC1,,289.240564612,False,[]
2313,O=C(O)COc1nn(Cc2ccccc2)c2ccccc12,,282.10044230799997,False,[]
2314,CNC(=O)Oc1cccc2c1OC(C)(C)O2,,223.084457896,False,[]
2315,NS(=O)(=O)c1cc2c(cc1C(F)(F)F)NC(Cc1ccccc1)NS2(=O)=O,,421.03778258799997,False,[]
2316,NC(N)=NCC1CCC(C(=O)Oc2ccccc2C(=O)OCc2ccccc2)CC1,,409.200156344,False,[]
2317,COc1ccccc1CNCCCCCCNCCSSCCNCCCCCCNCc1ccccc1OC,,590.3688189680001,False,[]
2318,CC(Cc1cccc(C(F)(F)F)c1)NCCOC(=O)c1ccccc1,,351.14461353999997,False,[]
2319,CCCCN(CC)c1c([N+](=O)[O-])cc(C(F)(F)F)cc1[N+](=O)[O-],,335.10929065199997,False,[]
2320,CC(=C(CCOP(=O)(O)O)SC(=O)c1ccccc1)N(C=O)Cc1cnc(C)nc1N,,466.10759208600007,False,[]
2321,CCCCCCCCCCCCCC(=O)OC1CCC(NC(=O)C(OC)C(O)C(O)C(O)C=CC(C)C)C(=O)N(C)C1,,598.4193168159999,False,[]
2322,COC(C(=O)NC1CCC(O)CNC1=O)C(O)C(O)C(O)C=CC(C)C,,374.2053013,False,[]
2323,COC(C(=O)NC1CCC(O)CN(C)C1=O)C(O)C(O)C(O)C=CC(C)C,,388.220951364,False,[]
2324,COC(=O)C1=C(C)NC(C)=C(C(=O)OC2CCCN(Cc3ccccc3)C2)C1c1cccc([N+](=O)[O-])c1,,505.221285712,False,[]
2325,COc1cccc(OC)c1OCCNCC1CSc2ccccc2O1,,361.13477921599997,False,[]
2326,CC(COc1ccccc1Cc1ccccc1)N1CCCCC1,,309.209264484,False,[]
2327,NC(CO)C(=O)NNCc1ccc(O)c(O)c1O,,257.10117058000003,False,[]
2328,CC(C)N1C(=O)c2ccccc2NS1(=O)=O,,240.056863244,False,[]
2329,O=C(O)c1ccc(NC(=O)C(Cc2ccc(O)cc2)NC(=O)c2ccccc2)cc1,,404.13722174,False,[]
2330,CCCCCCCCCCCCC[N+](C)(C)Cc1ccccc1,,318.31552670009,False,[]
2333,CCc1oc2ccccc2c1C(=O)c1cc(Br)c(O)c(Br)c1,,421.9153184439999,False,[]
2334,O=C(O)c1c(C(=O)O)c(C(=O)O)c(C(=O)O)c(C(=O)O)c1C(=O)O,,341.9859256319999,False,[]
2335,CC(C)(C)CC(C)(C)c1ccc(OCCOCC[N+](C)(C)Cc2ccccc2)cc1,,412.32100600408995,False,[]
2336,c1ccc2c(c1)cc1ccc3cccc4ccc2c1c34,,252.093900384,False,[]
2337,CCOC(=O)c1ccc(N)cc1,,165.078978592,False,[]
2338,CC(=O)C(C)NC(=O)C(CCCNC(N)N)NC(=O)OCc1ccccc1,,379.221954408,False,[]
2339,CC(=O)C(C)NC(=O)C(Cc1ccc(O)cc1)NC(=O)OCc1ccccc1,,384.16852186799997,False,[]
2340,CN1C2CCC1C(C(=O)O)C(OC(=O)c1ccccc1)C2,,289.131408088,False,[]
2341,CC(Cc1ccccc1)N(C)Cc1ccccc1,,239.167399672,False,[]
2342,CCN(CC)C(=O)C1CN2CCc3cc(OC)c(OC)cc3C2CC1OC(C)=O,,404.23112212399997,False,[]
2343,NS(=O)(=O)c1cc2c(cc1Cl)NC(CSCc1ccccc1)=NS2(=O)=O,,430.98349660799994,False,[]
2344,CN1C2CCC1CC(OC(c1ccccc1)c1ccccc1)C2,,307.19361442,False,[]
2345,O=C(OCc1ccccc1)c1ccccc1,,212.083729624,False,[]
2347,CCCCOC(=O)c1ccccc1C(=O)OCc1ccccc1,,312.13615912,False,[]
2348,NS(=O)(=O)c1cc2c(cc1Cl)NC(Cc1ccccc1)NS2(=O)=O,,387.0114256079999,False,[]
2349,CC1(C)SC2C(NC(=O)Cc3ccccc3)C(=O)N2C1C(=O)O,,334.09872805599997,False,[]
2350,O=C(O)CCCN1CCC(OC(c2ccc(Cl)cc2)c2ccccn2)CC1,,388.15537034000005,False,[]
2351,CC(C)COCC(CN(Cc1ccccc1)c1ccccc1)N1CCCC1,,366.267113708,False,[]
2352,CC#CCC(C)C(O)C=CC1C(O)CC2Oc3c(CCCC(=O)O)cccc3C21,,398.2093240599999,False,[]
2353,COc1ccc2cc3[n+](cc2c1OC)CCc1cc2c(cc1-3)OCO2,,336.1230344760899,False,[]
2354,[H]/N=C(\N)c1ccc(/N=N/Nc2ccc(/C(N)=N/[H])cc2)cc1,,281.13889348,False,[]
2355,COc1c2ccoc2cc2oc(=O)ccc12,,216.042258736,False,[]
2356,COc1c(O)cc2c(c1O)C1OC(CO)C(O)C(O)C1OC2=O,,328.07943209199993,False,[]
2357,NC(=O)C1=CN(C2OC(COP(=O)(O)OP(=O)(O)OCC3OC(n4cnc5c(N)ncnc54)C(O)C3O)C(O)C2O)C(O)CC1,,683.1353365520001,False,[]
2358,COc1ccc2c(c1)OC(O)C(=O)N2O,,211.048072388,False,[]
2359,OB(O)c1cc2ccccc2s1,,178.025980864,False,[]
2360,NC(CNC(=O)C(=O)O)C(=O)O,,176.043321356,False,[]
2361,O=c1cc(-c2ccccc2)oc2ccc3ccccc3c12,,272.083729624,False,[]
2362,NC(=O)c1ccc[n+](C2OC(COP(=O)([O-])OP(=O)(O)OCC3OC(n4cnc5c(N)ncnc54)C(OP(=O)([O-])O)C3O)C(O)C2O)c1,,742.0681758739101,False,[]
2363,COc1cc(C2c3cc4c(c(O)c3CC3COC(=O)C32)OCO4)cc(OC)c1OC,,414.1314676639999,False,[]
2364,COc1cc(C2c3cc4c(c(OC5OC(CO)C(O)C(O)C5O)c3CC3COC(=O)C32)OCO4)cc(OC)c1OC,,576.1842910839999,False,[]
2367,CC1CC2C3CCC4=CC(=O)C=CC4(C)C3(F)C(O)CC2(C)C1(O)C(=O)COP(=O)(O)O,,472.16623276999985,False,[]
2368,C/N=C(\NC)NCc1ccccc1,,177.12659748,False,[]
2369,CC(C)NCC(O)COc1ccc(CCOCC2CC2)cc1,,307.214743788,False,[]
2370,CC(C[N+](C)(C)C)OC(N)=O,,161.12845420409,False,[]
2371,C=C(C)C1CCC2(C(=O)O)CCC3(C)C(CCC4C5(C)CCC(O)C(C)(C)C5CCC43C)C12,,456.36034539599996,False,[]
2372,COc1ccc(CCNCC(O)COc2cccc(C)c2)cc1OC,,345.194008344,False,[]
2374,CC(C)(C)c1cc(O)c(C(C)(C)C)cc1O,,222.161979944,False,[]
2375,CC(O)(CS(=O)(=O)c1ccc(F)cc1)C(=O)Nc1ccc(C#N)c(C(F)(F)F)c1,,430.06104080800003,False,[]
2376,CN1CCc2cc3c(cc2C1C1OC(=O)c2c1ccc1c2OCO1)OCO3,,367.10558726399995,False,[]
2377,CNCCCCOc1ccccc1Cc1ccccc1,,269.177964356,False,[]
2378,c1ccc(-c2ccc(C(c3ccccc3)n3ccnc3)cc2)cc1,,310.146998576,False,[]
2381,OC(CCN1CCCCC1)(c1ccccc1)C1CC2C=CC1C2,,311.224914548,False,[]
2382,Cc1ccc(S(=O)(=O)N(CC(=O)O)c2ccccc2-c2ccccc2)cc1,,381.10347908800003,False,[]
2384,NC(=[NH2+])c1ccc2nc(C(O)(O)c3nc4ccc(C(N)=[NH2+])cc4[nH]3)[nH]c2c1,,366.1541746561801,False,[]
2385,[H]/N=C(\N)c1ccc2nc(C(O)(O)c3nc4ccc(/C(N)=N/[H])cc4[nH]3)[nH]c2c1,,364.1396217520001,False,[]
2386,NC(=[NH2+])c1ccc2nc(Cc3nc4ccc(C(N)=[NH2+])cc4[nH]3)[nH]c2c1,,334.16434541618,False,[]
2387,[H]/N=C(\N)c1ccc2nc(Cc3nc4ccc(/C(N)=N/[H])cc4[nH]3)[nH]c2c1,,332.14979251200003,False,[]
2389,N#CC(=Cc1ccc(O)c(O)c1)C(=O)NCCCNC(=O)C(C#N)=Cc1ccc(O)c(O)c1,,448.13828435999994,False,[]
2390,N#CC(=Cc1ccc(O)c(O)c1)C(=O)NCc1ccccc1,,294.100442308,False,[]
2391,CC(=O)Oc1ccc(C(c2ccc(OC(C)=O)cc2)c2ccccn2)cc1,,361.13140808800006,False,[]
2392,CN1CCN(c2ccc3nc(-c4ccc5nc(-c6ccc(O)cc6)[nH]c5c4)[nH]c3c2)CC1,,424.201159388,False,[]
2395,CC(=C(S)CCOC(=O)C(C)C)N(C=O)Cc1cnc(C)nc1N,,352.15691162800005,False,[]
2396,CN(C)CCCn1cc(C2=C(c3c[nH]c4ccccc34)C(=O)NC2=O)c2ccccc21,,412.189926008,False,[]
2397,CN1CCCC1CCn1cc(C2=C(c3c[nH]c4ccccc34)C(=O)NC2=O)c2ccccc21,,438.205576072,False,[]
2398,NCCCn1cc(C2=C(c3c[nH]c4ccccc34)C(=O)NC2=O)c2ccccc21,,384.15862588,False,[]
2399,O=C1NC(=O)C(c2c[nH]c3ccccc23)=C1c1c[nH]c2ccccc12,,327.100776656,False,[]
2400,CN1C(=O)C(c2c[nH]c3ccccc23)=C(c2c[nH]c3ccccc23)C1=O,,341.11642672,False,[]
2401,O=C1NC(=O)C(c2cn(CCC3CCCCN3)c3ccccc23)=C1c1c[nH]c2ccccc12,,438.205576072,False,[]
2402,O=C1NC(=O)C(c2cn(CCCN3CCNCC3)c3ccccc23)=C1c1c[nH]c2ccccc12,,453.21647510400004,False,[]
2403,Cn1cc(C2=C(c3cn(CCCN)c4ccccc34)C(=O)NC2=O)c2ccccc21,,398.174275944,False,[]
2404,Cn1cc(C2=C(c3c4n(c5ccccc35)CCC(CN)C4)C(=O)NC2=O)c2ccccc21,,424.189926008,False,[]
2405,CC(C)NCC(O)COc1ccc(COCCOC(C)C)cc1,,325.225308472,False,[]
2406,Oc1c(Cl)cc(Cl)cc1Sc1cc(Cl)cc(Cl)c1O,,353.88426115199997,False,[]
2407,[O-]c1c(Cl)cc(Cl)cc1Sc1cc(Cl)cc(Cl)c1[O-],,351.86970824782,False,[]
2408,O=C1c2cc(Cl)ccc2N=C2N(c3ccccc3)CCC12O,,312.066555336,False,[]
2409,CC=C(C)C=C1CN=C2N(c3ccccc3)CCC2(O)C1=O,,296.15247787999994,False,[]
2413,Cc1cccc(C23SCCN2C(=O)c2ccccc23)c1,,281.08743510000005,False,[]
2414,COC(=O)C1CSC2(c3ccccc3)c3ccccc3C(=O)N12,,325.07726434,False,[]
2415,COc1ccc2c(c1)c(CC(=O)N1CCOCC1)c(C)n2C(=O)c1ccc(Cl)cc1,,426.134634896,False,[]
2416,NC(N)=NCCCC(=O)NCC1CCCN1C(=O)C(CO)NS(=O)(=O)c1ccc2ccccc2c1,,504.215489124,False,[]
2417,[H]/N=C(\N)N1CCCC(C(=O)NCC2CCCN2C(=O)C(CO)NS(=O)(=O)c2ccc3ccccc3c2)C1,,530.2311391879999,False,[]
2418,CC1(C)CCC(C)(C)c2cc(C(O)C(=O)Nc3ccc(C(=O)O)cc3F)ccc21,,399.18458653199997,False,[]
2419,COc1ccccc1N1CCN(CCN2C(=O)CC3(CCCC3)CC2=O)CC1,,385.23654185199996,False,[]
2420,CC(N=O)c1ccc(C(C)N=O)cc1,,192.089877624,False,[]
2421,COC(=O)CN(N=O)c1ccc(N(CC(=O)OC)N=O)cc1,,310.091334168,False,[]
2422,CC(C)n1cnc2c(NCc3ccccc3)nc(NCCCO)nc21,,340.20115938799995,False,[]
2423,COC(CC=CC=CCCC=CCC(C)C=CC(=CC(=O)O)CC(=O)O)C(C)=CC=C(C)C(=O)O,,486.26175355599986,False,[]
2424,Cc1cc2c(CCC(CNC(C)(C)C)OC(=O)c3ccccc3)cccc2[nH]1,,378.23072820000004,False,[]
2425,O=CCCCC(=O)NC(Cc1ccccc1)C(=O)N1CCCC1C(=O)NC(CCC(Br)Br)B(O)O,,615.0750903440002,False,[]
2426,Nc1cc2ncnc(Nc3cccc(Br)c3)c2cc1N,,329.02760748400004,False,[]
2427,Cn1cnc2cc3c(Nc4cccc(Br)c4)ncnc3cc21,,353.02760748400004,False,[]
2428,Brc1cccc(Nc2ncnc3cc4nc[nH]c4cc23)c1,,339.01195742000004,False,[]
2429,CC1(C)N=C(N)N=C(N)N1OCCCOc1ccc(Br)cc1,,369.08003698,False,[]
2430,CC1CCCC=CC2CC(O)CC2C(O)C=CC(=O)O1,,280.167459248,False,[]
2431,CC[N+](C)(C)Cc1ccccc1Br,,242.05388806409,False,[]
2435,Brc1c(NC2=NCCN2)ccc2nccnc12,,291.01195742,False,[]
2436,CC(Cc1ccc(OCC(=O)[O-])cc1)NCC(O)c1cccc(Cl)c1.[Na+],,385.1056801120001,False,[]
2437,CC(Cc1ccc(OCC(=O)O)cc1)NCC(O)c1cccc(Cl)c1,,363.12373586399997,False,[]
2438,CN1CCC(c2c[nH]c3ccc(O)cc23)CC1,,230.141913196,False,[]
2439,COc1cc(Cc2c[nH+]c(N)nc2N)cc(OCCCC(CCC(=O)[O-])C(=O)[O-])c1Br,,495.0884701679099,False,[]
2440,COc1cc(Cc2cnc(N)nc2N)cc(OCCCC(CCC(=O)O)C(=O)O)c1Br,,496.0957466199999,False,[]
2441,O=C1CN=C(c2ccccn2)c2cc(Br)ccc2N1,,315.00072404,False,[]
2442,CN(Cc1cc(Br)cc(Br)c1N)C1CCCCC1,,373.99932284000005,False,[]
2443,CC(C)CC1C(=O)N2CCCC2C2(O)OC(NC(=O)C3C=C4c5cccc6[nH]c(Br)c(c56)CC4N(C)C3)(C(C)C)C(=O)N12,,653.2212814800001,False,[]
2444,CN(C)CCOC(c1ccccc1)c1ccc(Br)cc1,,333.07282636,False,[]
2445,O=C1OC(=CBr)CCC1c1cccc2ccccc12,,316.009891756,False,[]
2446,CCN(CC)CCNC(=O)c1cc(Br)c(N)cc1OC,,343.089539044,False,[]
2447,CC(C)C(Br)C(=O)NC(N)=O,,222.000389692,False,[]
2448,O=C(CCCN1CCC(O)(c2ccc(Br)cc2)CC1)c1ccc(F)cc1,,419.089619296,False,[]
2449,CC1=C(C)C(=O)C(C(CCCCCC(=O)O)c2ccccc2)=C(C)C1=O,,354.18310931199994,False,[]
2450,O=[N+]([O-])C(Br)(CO)CO,,198.948019772,False,[]
2451,Cc1nnc2n1-c1sc(Br)cc1C(c1ccccc1Cl)=NC2,,391.9498071,False,[]
2452,CCC12CCCN3CCc4c(n(c5cc(Br)ccc45)C(O)(C(=O)OC)C1)C32,,432.1048547599999,False,[]
2453,Oc1c(Br)cc(Br)c2cccnc12,,300.87378798000003,False,[]
2454,COC(=O)C(=CNc1ccc(Oc2ccccc2OC(C)C)nc1)NC(=O)c1ccccc1,,447.1794209,False,[]
2455,Cc1nnsc1C(=O)Nc1ccc(-n2nc(C(F)(F)F)cc2C(F)(F)F)cc1,,421.04320022800005,False,[]
2456,Cc1ccc(S(=O)(=O)Nc2ccccc2)cc1,,247.066699656,False,[]
2457,c1ccc2nc(C3=NCCN3)ccc2c1,,197.095297352,False,[]
2458,C=CC(C)(C)C1(CCC=C(C)C)C(=O)Nc2ccccc2C1=O,,311.18852904,False,[]
2459,CC(C)(S)C(=O)NC(CS)C(=O)O,,223.033685276,False,[]
2460,CCCC(=O)Nc1ncnc2c1ncn2C1OC2COP(=O)(O)OC2C1OC(=O)CCC,,469.1362493579999,False,[]
2461,CCCCC1C(=O)NC(=O)N(C2CCCCC2)C1=O,,266.163042564,False,[]
2462,CCCC1OC2CC3C4CCC5=CC(=O)C=CC5(C)C4C(O)CC3(C)C2(C(=O)CO)O1,,430.2355388079999,False,[]
2463,CC(C)=CC(C)=NNc1nncc2ccccc12,,240.13749651199998,False,[]
2464,CC12CCC(O)CC1CCC1C2CCC2(C)C(c3ccc(=O)oc3)CCC12O,,386.24570956799994,False,[]
2465,CC(C)(C)NCC(O)COc1ccccc1OCC1CCCO1,,323.209658408,False,[]
2466,CCCCOc1ccc(CC(=O)NO)cc1,,223.120843404,False,[]
2467,COc1cc(OC)c(C(=O)CCCN2CCCC2)c(OC)c1,,307.17835828,False,[]
2468,CCCC/N=C(\N)N=C(N)N,,157.13274547999998,False,[]
2469,CC(=O)NC1C(OC2CC(C(=O)NCCS(=O)(=O)O)[NH2+]C2CO)OC(CO)C(OS(=O)(=O)O)C1O,,552.1163710600898,False,[]
2470,CC(=O)NC1C(OC2CC(C(=O)NCCS(=O)(=O)O)NC2CO)OC(CO)C(OS(=O)(=O)O)C1O,,551.1090946079999,False,[]
2471,CCCCNc1cc(C(=O)O)cc(S(N)(=O)=O)c1Oc1ccccc1,,364.10929274,False,[]
2472,CCCC(=O)N1CCCN(c2nc(N)c3cc(OC)c(OC)cc3n2)CC1,,373.211389724,False,[]
2473,CC(C)(C)NCC(O)COc1ccccc1C#N,,248.15247788,False,[]
2474,CCCCN1CCCCC1C(=O)Nc1c(C)cccc1C,,288.22016351599996,False,[]
2475,Cc1ccc(Cl)c(OCC(O)CNC(C)(C)C)c1,,271.133906624,False,[]
2476,COC12CCC3(CC1C(C)(O)C(C)(C)C)C1Cc4ccc(O)c5c4C3(CCN1CC1CC1)C2O5,,467.303558792,False,[]
2477,O=C1CC2(CCCC2)CC(=O)N1CCCCN1CCN(c2ncccn2)CC1,,385.24777523200004,False,[]
2478,CS(=O)(=O)OCCCCOS(C)(=O)=O,,246.023180168,False,[]
2479,CCC(C)C1(CC)C(=O)NC(=O)NC1=O,,212.116092372,False,[]
2480,CCCCN(CCCC)CCCOC(=O)c1ccc(N)cc1,,306.2307282,False,[]
2481,C=CCC1(CC(C)C)C(=O)NC(=O)NC1=O,,224.116092372,False,[]
2482,CCCCOC(=O)c1ccc(N)cc1,,193.11027872,False,[]
2483,O=C(C=Cc1ccc(O)c(O)c1)c1ccc(O)cc1O,,272.068473484,False,[]
2484,CN(Cc1ccc(C(C)(C)C)cc1)Cc1cccc2ccccc12,,317.214349864,False,[]
2485,NCCC(O)C(=O)NC1CC(N)C(OC2OC(CN)C(O)C(O)C2N)C(OC2OC(CO)C(O)C2O)C1O,,555.2751717519999,False,[]
2486,CCCCC(CC)CNC(=O)CC(C)OC(=O)CCC(=O)O,,315.20457302799997,False,[]
2487,Oc1ccc2c(c1)C13CCCCC1(O)C(C2)N(CC1CCC1)CC3,,327.21982916800005,False,[]
2488,CCCCOc1ccc(C[N+]2(C)C3CCC2CC(OC(=O)C(CO)c2ccccc2)C3)cc1,,452.27953511608996,False,[]
2490,COC(=O)C1(Cc2ccc(O)c(CC=C(C)C)c2)OC(=O)C(O)C1c1ccc(O)cc1,,426.1678531719999,False,[]
2491,CC(C=Cc1cccc(Oc2ccc(F)cc2)c1)N(O)C(N)=O,,316.122320624,False,[]
2494,C=CCN1CC(C)N(C(c2ccc(C(=O)N(CC)CC)cc2)c2cccc(O)c2)CC1C,,435.288577424,False,[]
2495,CCCCCCCCCCCCCCCCOCC(COP(=O)([O-])OCC[N+](C)(C)C)OC(=O)NC,,538.3746887299999,False,[]
2496,CCCCCCCCCCCCCCCCOCC(COP(=O)(O)OCC[N+](C)(C)C)OC(=O)NC,,539.38196518209,False,[]
2497,Cc1cc(N)c2ccccc2[n+]1CCCCCCCCCCCCCC[n+]1c(C)cc(N)c2ccccc21,,512.3868003761801,False,[]
2498,CCCCCCCCCCCCCC=CC(O)C(CO)NC(=O)CCCCCCCCCCCCCCC,,537.512095004,False,[]
2499,CCCCCCCCCCCCCCCCOCC(COP(=O)([O-])OCC[N+](C)(C)C)OC(C)=O,,523.3637896979999,False,[]
2500,CCCCCCCCCCCCCCCCOCC(COP(=O)(O)OCC[N+](C)(C)C)OC(C)=O,,524.3710661500899,False,[]
2501,CCCCCCCCCCCCCCCCCCOCC(COP(=O)([O-])OCC[N+](C)(C)C)OC(C)=O,,551.3950898259999,False,[]
2502,CCCCCCCCCCCCCCCCCCOCC(COP(=O)(O)OCC[N+](C)(C)C)OC(C)=O,,552.4023662780899,False,[]
2503,CCCCCCCCC=CCCCCCCCCOCC(COP(=O)([O-])OCC[N+](C)(C)C)OC(C)=O,,549.379439762,False,[]
2504,CCCCCCCCC=CCCCCCCCCOCC(COP(=O)(O)OCC[N+](C)(C)C)OC(C)=O,,550.3867162140899,False,[]
2505,CCCCCCCCCCCCCC=CC(O)C(CO)NC(C)=O,,341.292994108,False,[]
2506,CCCCCCCCCCCCCCCC(O)C(CO)NC(C)=O,,343.308644172,False,[]
2507,O=C1N2C=C(c3ccc(O)cc3)N=C(Cc3ccccc3)C2=NC1(Cc1ccc(O)cc1)OO,,455.14812077199997,False,[]
2508,CCCCCCCCCCCCCC=CC(O)C(CO)NC(=O)CCCCCCC,,425.386894492,False,[]
2509,CCCCCCCCCCCCCC=CC(O)C(CO)NCCCCCCCC,,411.40762993600003,False,[]
2510,CCCCCCCCCCCCCCCC(O)C(CO)NC(=O)CCCCCCC,,427.402544556,False,[]
2511,CCOC(=O)CCCCCCCCCCCN(C)C(=O)COC(C)C(C)OCC(=O)N(C)CCCCCCCCCCCC(=O)OCC,,684.5288672639999,False,[]
2512,C=CCN1CC(C(=O)N(CCCN(C)C)C(=O)NCC)CC2c3cccc4[nH]cc(c34)CC21,,451.29472542400003,False,[]
2514,CC(=O)O.CC(=O)O.[Cd],,233.945617236,False,[]
2515,CCOC(=O)NNc1ccc(N(CC)CC(C)O)nn1,,283.164439532,False,[]
2516,CC12CCc3occc3C1CCC13CC(CCC12)C(O)(CO)C3,,316.20384475599997,False,[]
2517,CC(=O)OCC1(O)CC23CCC4c5ccoc5CCC4(C)C2CCC1C3,,358.21440944,False,[]
2518,O=C(O)C=Cc1ccc(O)c(O)c1,,180.042258736,False,[]
2519,Cn1c(=O)c2c(ncn2C)n(C)c1=O,,194.08037556,False,[]
2520,COc1ccc(CCN(C)CCCC(C#N)(c2ccc(OC)c(OC)c2)C(C)C)cc1OC,,454.28315769599993,False,[]
2521,O=C(O)CN(CC(=O)O)Cc1cc2c(-c3ccccc3C(=O)O)c3cc(CN(CC(=O)O)CC(=O)O)c(=O)cc-3oc2cc1O,,622.1434888919999,False,[]
2522,C=C1C(=CC=C2CCCC3(C)C2CCC3C(C)C=CC(O)C2CC2)CC(O)CC1O,,412.29774513999996,False,[]
2523,C=C1C(=CC=C2CCCC3(C)C2CCC3C(C)C=CC(O)C2CC2)CC(O)CC1(C)O,,426.31339520399996,False,[]
2524,C=C1C(=CC=C2CCCC3(C)C2CCC3C(C)CCCC(C)(C)O)CC(O)CC1O,,416.3290452679999,False,[]
2525,CCCCCCC(I)CCC(I)CCCCCCCC(=O)O,,536.064826328,False,[]
2526,O=P(O)(O)OC(CO)CO,,172.013674638,False,[]
2527,CC(C)(CO)C(O)C(=O)NCCCC(=O)O,,233.126322708,False,[]
2528,CC(=O)Nc1c(I)c(C(=O)O)c(I)c(N(C)C(C)=O)c1I,,627.785300832,False,[]
2529,CC(C)(CO)C(O)C(=O)NCCC(=O)[O-].CC(C)(CO)C(O)C(=O)NCCC(=O)[O-].[Ca+2],,476.1682862039999,False,[]
2530,Cc1ccc(O)c(/N=N/c2c(O)cc(S(=O)(=O)O)c3ccccc23)c1,,358.062342548,False,[]
2531,Clc1ccc(C(c2ccc(Cl)cc2)n2cc[n+](CC(OCc3ccc(Cl)cc3Cl)c3ccc(Cl)cc3Cl)c2)cc1,,648.99360585609,False,[]
2532,CCCCC(C=O)NC(=O)C(CC(C)C)NC(=O)OCc1ccccc1,,362.22055744,False,[]
2533,COc1c(O)c2c(=O)cc(OC)c3c4c(OC)cc(=O)c5c(O)c(OC)c(CC(C)OC(=O)c6ccccc6)c(c(c1CC(C)OC(=O)Oc1ccc(O)cc1)c23)c54,,790.226155896,False,[]
2535,COc1ccc(C(=O)C=Cc2ccc(O)c(O)c2)c(O)c1,,286.084123548,False,[]
2536,CN(C)C(=O)COC(=O)Cc1ccc(OC(=O)c2ccc(N=C(N)N)cc2)cc1,,398.1590198040001,False,[]
2537,CC12CCC(CC1=O)C2(C)C,,152.120115132,False,[]
2538,CCC1(O)C(=O)OCc2c1cc1n(c2=O)Cc2cc3ccccc3nc2-1,,348.111006992,False,[]
2539,CCC1(OC2OC(CO)C(O)C(O)C2O)C(=O)OCc2c1cc1n(c2=O)Cc2cc3ccccc3nc2-1,,510.16383041200004,False,[]
2540,CCOc1nc2cccc(C(=O)OC(C)OC(=O)OC3CCCCC3)c2n1Cc1ccc(-c2ccccc2-c2nn[nH]n2)cc1,,610.253982808,False,[]
2541,CCOc1nc2cccc(C(=O)O)c2n1Cc1ccc(-c2ccccc2-c2nn[nH]n2)cc1,,440.15968850000013,False,[]
2542,C=C(C)C1CC=C(C)CC1c1c(O)cc(CCCCC)cc1O,,314.2245802,False,[]
2543,CCCCCc1cc(O)c2c(c1)OC(C)(C)c1ccc(C)cc1-2,,310.193280072,False,[]
2544,CC1(C(=O)O)C2CCC(O2)C1(C)C(=O)O,,214.084123548,False,[]
2545,CC12C(=O)OC(=O)C1(C)C1CCC2O1,,196.073558864,False,[]
2546,CC(CSN=O)C(=O)N1CCCC1C(=O)O,,246.067427928,False,[]
2547,NCCCC(N)CC(=O)NCC1NC(=O)C(CO)NC(=O)C(N)CNC(=O)C(C2CCN=C(N)N2)NC(=O)C(=CNC(N)=O)NC1=O,,668.346654368,False,[]
2548,COc1cc(CNC(=O)CCCCC=CC(C)C)ccc1O,,305.199093724,False,[]
2550,CC(CS)C(=O)N1CCCC1C(=O)O,,217.07726434,False,[]
2552,CCCCCC(O)C=CC1C(O)CC2CC(=CCCCC(=O)O)CC21,,350.24570956799994,False,[]
2554,NC(=O)N1c2ccccc2C=Cc2ccccc21,,236.094963004,False,[]
2555,NC(=O)N1c2ccccc2C2OC2c2ccccc21,,252.089877624,False,[]
2556,O=C(O)C1(O)CC(O)C(O)C(CP(=O)(O)O)C1,,270.05045407,False,[]
2557,CN1CC(O)c2cc(/N=N/C(N)=O)c(O)cc21,,236.090940244,False,[]
2558,CN1C2=CC(=O)C(=NC(N)=O)C=C2CC1S(=O)(=O)O,,285.041941452,False,[]
2559,CC1(C)SC2C(NC(=O)C(C(=O)[O-])c3ccccc3)C(=O)N2C1C(=O)[O-],,376.07400439182,False,[]
2560,CC1(C)SC2C(NC(=O)C(C(=O)O)c3ccccc3)C(=O)N2C1C(=O)O,,378.0885572959999,False,[]
2561,CC1(C(=O)O)CCC2(C)CCC3(C)C(=CC(=O)C4C5(C)CCC(OC(=O)CCC(=O)O)C(C)(C)C5CCC43C)C2C1,,570.3556539399999,False,[]
2562,CCN(CC)CCOCCOC(=O)C1(c2ccccc2)CCCC1,,333.230393852,False,[]
2563,CC(Cc1ccc(O)c(O)c1)(NN)C(=O)O,,226.095356928,False,[]
2564,CN(C)CCOC(c1ccc(Cl)cc1)c1ccccn1,,290.11859090800004,False,[]
2565,CC(C)CC(CO)NC(=O)C(CC(C)C)NC(=O)C(CC(C)C)NC(=O)OCc1ccccc1,,477.320271476,False,[]
2566,CNC(=O)Oc1cccc2c1OC(C)(C)C2,,221.10519334,False,[]
2567,O=C(O)C1(C(=O)O)CCC1.[Pt],,339.007049836,False,[]
2569,COC(COC(N)=O)C1=C(N2CC2)C(=O)C(C)=C(N2CC2)C1=O,,321.132470708,False,[]
2570,CC1(C)N(O)C(c2ccc(C(=O)O)cc2)=[N+]([O-])C1(C)C,,278.126657056,False,[]
2572,O=C(O)CCCNCCC(=O)O,,175.084457896,False,[]
2573,CC(C)(COP(=O)(O)OP(=O)(O)OCC1OC(n2cnc3c(N)ncnc32)C(O)C1OP(=O)(O)O)C(O)C(=O)NCCC(=O)NCCCC(=O)O,,793.1486172660002,False,[]
2574,NCCC(=O)NCCc1cnc[nH]1,,182.116761068,False,[]
2575,CC1(C)SC2C(NC(=O)C(C(=O)Oc3ccc4c(c3)CCC4)c3ccccc3)C(=O)N2C1C(=O)O,,494.1511575519999,False,[]
2576,CCCC(C)(COC(N)=O)COC(=O)NC(C)C,,260.173607248,False,[]
2577,CCCCCCNC(=O)n1cc(F)c(=O)[nH]c1=O,,257.117569592,False,[]
2578,O=NN(CCCl)C(=O)NCCCl,,213.007181888,False,[]
2579,CC(C)c1cc2c(c(O)c1O)C13CCCC(C)(C)C1CC2OC3=O,,330.18310931199994,False,[]
2580,NC(=O)C1(N2CCCCC2)CCN(CCCN2c3ccccc3CCc3ccccc32)CC1,,446.304561836,False,[]
2581,CC(C(=O)O)c1ccc2c(c1)[nH]c1ccc(Cl)cc12,,273.05565630399997,False,[]
2582,COC(=O)CCC[N+](C)(C)C,,160.13320523609,False,[]
2583,CC(C)(C)NCC(O)COc1cccc2c1CCC(=O)N2,,292.178692628,False,[]
2584,NC(=O)OCC1C(NC(=O)C(=NOCC(=O)O)c2csc(N)n2)C(=O)N1S(=O)(=O)O,,466.021282648,False,[]
2585,COc1ccccc1OCCNCC(O)COc1cccc2[nH]c3ccccc3c12,,406.189257312,False,[]
2586,C=CC(C)=CCC1(C)C(C)CCC23C(=CC(OC(=O)c4ccc(O)cc4)CC12)C(OC(C)=O)OC3OC(C)=O,,538.2566681759998,False,[]
2587,C=CC(C)=CCC1(C)C(C)CCC23C(=CC(OC(=O)c4ccc(O)c(OC)c4)CC12)C(OC(C)=O)OC3OC(C)=O,,568.2672328599998,False,[]
2588,C=CC(C)=CCC1(C)C(C)CC(OC(=O)c2ccc(O)cc2)C23C(=CC(O)CC12)C(OC(C)=O)OC3OC(C)=O,,554.2515827959999,False,[]
2589,C=CC(C)=CCC1(C)C(C)CC(O)C23C(=CC(OC(=O)c4ccc(O)cc4)CC12)C(OC(C)=O)OC3OC(C)=O,,554.2515827959999,False,[]
2590,C=CC(C)=CCC1(C)C(C)CC(OC(=O)c2ccc(O)cc2)C23C(=CC(OC(C)=O)CC12)C(OC(C)=O)OC3OC(C)=O,,596.2621474799998,False,[]
2591,COCC1CCCN1S(=O)(=O)c1ccc2c(c1)C(=O)C(=O)N2,,324.077992612,False,[]
2592,OC1CN2CCC(O)C2C(O)C1O,,189.10010796,False,[]
2593,NCC1OC(OC2C(CO)OC(OC3C(N)C(O)CC(N)C3OC3OC(CO)C(O)C(O)C3N)C2O)C(N)C(O)C1O,,615.29630112,False,[]
2594,CC(C)C(NC(=O)OC(C)(C)C)C(=O)NC(Cc1ccccc1)C(=O)NOC(=O)c1ccc(Cl)cc1,,517.197963424,False,[]
2595,CNC1=CC(=O)c2ccncc2C1=O,,188.058577496,False,[]
2596,CNC1=C(Br)C(=O)c2ccncc2C1=O,,265.969089564,False,[]
2597,CNC1=C(Cl)C(=O)c2ccncc2C1=O,,222.019605144,False,[]
2598,O=C1C=C(NCCO)C(=O)c2cnccc21,,218.06914218,False,[]
2599,C/N=C1\C=C(N)c2ccncc2C1=O,,187.074561908,False,[]
2600,C/N=C1\C=C(NCCO)c2ccncc2C1=O,,231.100776656,False,[]
2601,CCOC(=O)c1ccc(/N=N/c2ccc(O)c(CC(=O)O)c2)cc1,,328.105921612,False,[]
2602,O=C(C=Cc1cccc(C(=O)NO)c1)NO,,222.0640568,False,[]
2603,N#CC(C#N)=NNc1cccc(Cl)c1,,204.02027384,False,[]
2604,N#CC(=Cc1cc2c3c(c1)CCCN3CCC2)C(=O)O,,268.121177752,False,[]
2605,CC1(C)CCC(C)(C)c2cc(C(=O)c3ccc4cc(C(=O)O)ccc4c3)ccc21,,386.18819469199997,False,[]
2606,C#CCOC(=O)C1CN=CNC1,,166.07422756,False,[]
2607,O=C1Nc2ccccc2C1=Cc1c(Cl)[nH]c2ccccc12,,294.05599065200005,False,[]
2608,Nc1cc(Nc2ccc(S(N)(=O)=O)cc2)ncn1,,265.063345592,False,[]
2609,NC(C(=O)NC1C(=O)N2C(C(=O)O)=C(Cl)CSC12)c1ccccc1,,367.039354608,False,[]
2610,CC1=C(C(=O)O)N2C(=O)C(NC(=O)C(N)c3ccc(O)cc3)C2SC1,,363.088891644,False,[]
2611,O=C(Cc1cccs1)NC1C(=O)N2C(C(=O)O)=C(C[n+]3ccccc3)CSC12,,416.07332447609,False,[]
2612,CC(=O)OCC1=C(C(=O)O)N2C(=O)C(NC(=O)Cc3cccs3)C2SC1,,396.04497823200006,False,[]
2613,Cn1nnnc1SCC1=C(C(=O)[O-])N2C(=O)C(NC(=O)C(O)c3ccccc3)C2SC1,,461.07073322391,False,[]
2614,Cn1nnnc1SCC1=C(C(=O)O)N2C(=O)C(NC(=O)C(O)c3ccccc3)C2SC1,,462.0780096759999,False,[]
2615,Cn1nnnc1SCC1=C(C(=O)O)N2C(=O)C(NC(=O)C(OC=O)c3ccccc3)C2SC1,,490.07292429599994,False,[]
2616,CC(=O)OCC1=C(C(=O)O)N2C(=O)C(NC(=O)CSc3ccncc3)C2SC1,,423.05587726400006,False,[]
2617,Cc1nnc(SCC2=C(C(=O)[O-])N3C(=O)C(NC(=O)Cn4cnnn4)C3SC2)s1,,453.02273747591016,False,[]
2618,Cc1nnc(SCC2=C(C(=O)O)N3C(=O)C(NC(=O)Cn4cnnn4)C3SC2)s1,,454.0300139280001,False,[]
2619,CCN1CCN(C(=O)NC(C(=O)NC2(OC)C(=O)N3C(C(=O)O)=C(CSc4nnnn4C)CSC32)C(C)O)C(=O)C1=O,,627.1529655080002,False,[]
2621,CON=C(C(=O)NC1C(=O)N2C(OC(=O)COC(=O)C(C)(C)C)=C(C=Cc3scnc3C)CSC12)c1coc(N)n1,,604.141003856,False,[]
2622,CON=C(C(=O)NC1C(=O)N2C(C(=O)[O-])=C(C[N+]3(C)CCCC3)CSC12)c1csc(N)n1,,480.12495986800013,False,[]
2623,CON=C(C(=O)NC1C(=O)N2C(C(=O)O)=C(C[N+]3(C)CCCC3)CSC12)c1csc(N)n1,,481.1322363200901,False,[]
2624,CON=C(C(=O)NC1C(=O)N2C(C(=O)O)=C(CSc3nnnn3C)CSC12)c1csc(N)n1,,511.0514776440002,False,[]
2625,COC1(NC(=O)CSCC#N)C(=O)N2C(C(=O)[O-])=C(CSc3nnnn3C)CSC21,,470.0380531919101,False,[]
2626,COC1(NC(=O)CSCC#N)C(=O)N2C(C(=O)O)=C(CSc3nnnn3C)CSC21,,471.04532964400016,False,[]
2627,COC1(NC(=O)CSCC(N)C(=O)O)C(=O)N2C(C(=O)O)=C(CSc3nnnn3C)CSC21,,519.0664590120001,False,[]
2628,CON=C(C(=O)NC1C(=O)N2C(C(=O)O)=C(CSc3nc(C)c(CC(=O)O)s3)CSC12)c1csc(N)n1,,584.0276309799999,False,[]
2629,CCN1CCN(C(=O)NC(C(=O)NC2C(=O)N3C(C(=O)[O-])=C(CSc4nnnn4C)CSC23)c2ccc(O)cc2)C(=O)C1=O,,644.1351243719103,False,[]
2630,CCN1CCN(C(=O)NC(C(=O)NC2C(=O)N3C(C(=O)O)=C(CSc4nnnn4C)CSC23)c2ccc(O)cc2)C(=O)C1=O,,645.1424008240001,False,[]
2631,CON=C(C(=O)NC1C(=O)N2C(C(=O)[O-])=C(COC(C)=O)CSC12)c1csc(N)n1,,454.04966343191006,False,[]
2632,CON=C(C(=O)NC1C(=O)N2C(C(=O)O)=C(COC(C)=O)CSC12)c1csc(N)n1,,455.05693988400003,False,[]
2633,COC1(NC(=O)C2SC(=C(C(N)=O)C(=O)O)S2)CN2C(C(=O)O)=C(CSc3nnnn3C)CSC21,,561.0228799480001,False,[]
2634,Cn1nnnc1SCC1=C(C(=O)O)N2C(=O)C(NC(=O)C3SC(=C(C(N)=O)C(=O)O)S3)C2SC1,,544.99157982,False,[]
2635,CN(C)CCn1nnnc1SCC1=C(C(=O)O)N2C(=O)C(NC(=O)Cc3csc(N)n3)C2SC1,,525.103513216,False,[]
2636,CC(OC(=O)OC1CCCCC1)OC(=O)C1=C(CSc2nnnn2CCN(C)C)CSC2C(NC(=O)Cc3csc(N)n3)C(=O)N12,,695.1978075240002,False,[]
2637,COC1(NC(=O)Cc2cccs2)C(=O)N2C(C(=O)[O-])=C(COC(N)=O)CSC21,,426.04351543191,False,[]
2638,COC1(NC(=O)Cc2cccs2)C(=O)N2C(C(=O)O)=C(COC(N)=O)CSC21,,427.050791884,False,[]
2639,CON=C(C(=O)NC1C(=O)N2C(C(=O)[O-])=C(C[n+]3ccn4ncccc43)CSC12)c1nsc(N)n1,,515.0794066440002,False,[]
2640,CON=C(C(=O)NC1C(=O)N2C(C(=O)O)=C(C[n+]3ccn4ncccc43)CSC12)c1nsc(N)n1,,516.0866830960902,False,[]
2641,O=C(O)C1=C(C[n+]2ccc(CCS(=O)(=O)O)cc2)CSC2C(NC(=O)C(NC(=O)c3nc[nH]c3C(=O)O)c3ccccc3)CN12,,657.1431949280901,False,[]
2642,Cc1cc(=O)c(C(=O)NC(C(=O)NC2C(=O)N3C(C(=O)O)=C(CSc4nnnn4C)CSC23)c2ccc(O)cc2)c[nH]1,,612.1209371080001,False,[]
2643,CON=C(C(=O)NC1C(=O)N2C(C(=O)O)=C([n+]3cccc4c3CCC4)CSC12)c1csc(N)n1,,501.1009361920901,False,[]
2644,COCC1=C(C(=O)OC(C)OC(=O)OC(C)(C)C)N2C(=O)C(NC(=O)C(=NOC)c3csc(N)n3)C2SC1,,571.1406695080001,False,[]
2645,COCC1=C(C(=O)OC(C)OC(=O)OC(C)C)N2C(=O)C(NC(=O)C(=NOC)c3csc(N)n3)C2SC1,,557.125019444,False,[]
2646,CC=CC1=C(C(=O)O)N2C(=O)C(NC(=O)C(N)c3ccc(O)cc3)C2SC1,,389.104541708,False,[]
2647,COC1=C(C(=O)O)N2C(=O)C(NC(=O)C(N)C3=CCC=CC3)C2SC1,,365.104541708,False,[]
2648,NC(=O)c1cc[n+](CC2=C(C(=O)[O-])N3C(=O)C(NC(=O)C(c4ccccc4)S(=O)(=O)[O-])C3SC2)cc1,,531.0649791479099,False,[]
2649,NC(=O)c1cc[n+](CC2=C(C(=O)O)N3C(=O)C(NC(=O)C(c4ccccc4)S(=O)(=O)O)C3SC2)cc1,,533.0795320520899,False,[]
2650,CC(C)(ON=C(C(=O)NC1C(=O)N2C(C(=O)[O-])=C(C[n+]3ccccc3)CSC12)c1csc(N)n1)C(=O)O,,546.0991390440001,False,[]
2651,CC(C)(ON=C(C(=O)NC1C(=O)N2C(C(=O)O)=C(C[n+]3ccccc3)CSC12)c1csc(N)n1)C(=O)O,,547.10641549609,False,[]
2652,CON=C(C(=O)NC1C(=O)N2C(C(=O)OCOC(=O)C(C)(C)C)=C(Cn3nnc(C)n3)CSC12)c1csc(N)n1,,593.1474862040001,False,[]
2653,O=C(Cn1cnnn1)NC1C(=O)N2C(C(=O)O)=C(CSc3nncs3)CSC12,,440.0143638640001,False,[]
2654,Nc1nc(C(=CCC(=O)O)C(=O)NC2C(=O)N3C(C(=O)O)=CCSC23)cs1,,410.035476168,False,[]
2655,CON=C(C(=O)NC1C(=O)N2C(C(=O)O)=CCSC12)c1csc(N)n1,,383.0358105160001,False,[]
2656,CON=C(C(=O)NC1C(=O)N2C(C(=O)[O-])=C(CSc3nc(=O)c([O-])nn3C)CSC12)c1csc(N)n1,,552.0315050118201,False,[]
2657,CON=C(C(=O)NC1C(=O)N2C(C(=O)O)=C(CSc3nc(=O)c(=O)[nH]n3C)CSC12)c1csc(N)n1,,554.046057916,False,[]
2658,CON=C(C(=O)NC1C(=O)N2C(C(=O)[O-])=C(COC(N)=O)CSC12)c1ccco1,,423.06160801991007,False,[]
2659,CON=C(C(=O)NC1C(=O)N2C(C(=O)O)=C(COC(N)=O)CSC12)c1ccco1,,424.068884472,False,[]
2660,CON=C(C(=O)NC1C(=O)N2C(C(=O)OC(C)OC(C)=O)=C(COC(N)=O)CSC12)c1ccoc1,,510.1056639039999,False,[]
2661,CC1(C(=O)O)CCC2(C)CCC3(C)C4=CC=C5C=C(O)C(=O)C=C5C4(C)CCC3(C)C2C1,,436.26135963199994,False,[]
2662,Cc1ccc(-c2cc(C(F)(F)F)nn2-c2ccc(S(N)(=O)=O)cc2)cc1,,381.07588234799994,False,[]
2663,CCN(CC)C(=O)Nc1ccc(OCC(O)CNC(C)(C)C)c(C(C)=O)c1,,379.247106536,False,[]
2665,CCC1CN2CCc3cc(OC)c(OC)cc3C2CC1CC1NCCc2cc(O)c(OC)cc21,,466.283157696,False,[]
2666,CC1=C(C(=O)O)N2C(=O)C(NC(=O)C(N)c3ccccc3)C2SC1,,347.0939770240001,False,[]
2667,CC1=C(C(=O)O)NC(C(C=O)NC(=O)Cc2cccs2)SC1,,340.055148992,False,[]
2668,CC(=O)OCC1=C(C(=O)[O-])N2C(=O)C(NC(=O)CCCC(N)C(=O)O)C2SC1,,414.09765917991,False,[]
2669,CC(=O)OCC1=C(C(=O)O)N2C(=O)C(NC(=O)CCCC(N)C(=O)O)C2SC1,,415.104935632,False,[]
2670,CC(=O)OCC1=C(C(=O)[O-])N2C(=O)C(NC(=O)Cc3cccs3)C2SC1,,395.03770177991004,False,[]
2671,O=C(Cc1cccs1)NCB(O)O,,199.04744458,False,[]
2672,CC(=O)OCC1=C(C(=O)[O-])N2C(=O)C(NC(=O)CSc3ccncc3)C2SC1,,422.04860081191,False,[]
2673,CC1=C(C(=O)O)N2C(=O)C(NC(=O)C(N)C3=CCC=CC3)C2SC1,,349.1096270880001,False,[]
2674,COc1c(O)c2c(=O)cc3c4c5c(cc(=O)c6c(O)c(OC)c(CC(C)O)c(c(c1CC(C)O)c24)c65)OCO3,,534.1525970319999,False,[]
2675,C=CC1=C(C(=O)O)N2C(=O)C(NC(=O)C(=NOCC(=O)O)c3csc(N)n3)C2SC1,,453.04128982000003,False,[]
2676,COCc1c(C(C)C)nc(C(C)C)c(C=CC(O)CC(O)CC(=O)O)c1-c1ccc(F)cc1,,459.24210140799994,False,[]
2677,CC=CCC=CCCC(=O)C(O)CC(N)=O,,225.136493468,False,[]
2678,O=C(O)COCCN1CCN(C(c2ccccc2)c2ccc(Cl)cc2)CC1,,388.15537034000005,False,[]
2679,CCOC(=O)OCCC(SC(=O)OCC)=C(C)N(C=O)Cc1cnc(C)nc1N,,426.1573055520001,False,[]
2680,NCC1CCC(C(=O)Oc2ccc(CCC(=O)O)cc2)CC1,,305.162708216,False,[]
2681,CCCCCCCCCCCCCCCC[N+](C)(C)C,,284.33117676409,False,[]
2682,CCCCCCCCCCCCCCCCO,,242.26096570800001,False,[]
2683,CCCCCCCCCCCCCCCC[n+]1ccccc1,,304.29987663609,False,[]
2684,CC1OC2(CS1)CN1CCC2CC1,,199.103085164,False,[]
2685,Cn1cc(C(F)(F)F)nc1-c1ccc(OCC(O)CNCCOc2ccc(O)c(C(N)=O)c2)cc1,,494.17770456,False,[]
2686,CC(=O)NC(C(=O)NC(Cc1ccccc1)C(O)CN(CC1CCCCC1)NC(=O)C(NC(C)=O)C(C)C)C(C)C,,573.389019732,False,[]
2687,CC(C)(C)NCC(O)COc1cccc2[nH]c(=O)[nH]c12,,279.158291532,False,[]
2688,O=C1CSC(c2ccccc2Cl)c2cc(Cl)ccc2N1,,322.99384033200005,False,[]
2689,CN1CCN(c2nc3cc(C(F)(F)F)ccc3n3cccc23)CC1,,334.140531204,False,[]
2690,Nc1nc2ccc(Cl)cc2c2nc(-c3ccco3)nn12,,285.04173755600004,False,[]
2691,CCNC(=O)C1OC(n2cnc3c(N)nc(NCCc4ccc(CCC(=O)O)cc4)nc32)C(O)C1O,,499.21793164799993,False,[]
2692,OCC1OC(n2cnc3c(NC4CCCCC4)ncnc32)C(O)C1O,,349.175004216,False,[]
2693,CN1C(=O)C2(Cc3cn(C45CC67SSC(CO)(C(=O)N6C4Nc4ccccc45)N(C)C7=O)c4ccccc34)SSC1(CO)C(=O)N2C,,710.1109666800002,False,[]
2694,CC(C)C1NC(=O)C(Cc2ccccc2)NC(=O)C(CCCCCC(=O)NO)NC(=O)C2CCCN2C1=O,,529.290033968,False,[]
2695,CCC(C)C1NC(=O)C(Cc2ccc(OC)cc2)NC(=O)C(CCCCCC(=O)NO)NC(=O)C2CCCN2C1=O,,573.316248716,False,[]
2696,CC(=O)NCCCCC1NC(=O)C2CCCN2C(=O)C(C(C)C)NC(=O)C(Cc2ccccc2)NC1=O,,513.295119348,False,[]
2697,CC(C)C1NC(=O)C(Cc2ccccc2)NC(=O)C(CCCCCC(=O)O)NC(=O)C2CCCN2C1=O,,514.279134936,False,[]
2698,CC(C)C1NC(=O)C(Cc2ccccc2)NC(=O)C(CCCCCCC(=O)NO)NC(=O)C2CCCN2C1=O,,543.3056840319999,False,[]
2699,CC(C)C1NC(=O)C(Cc2ccccc2)NC(=O)C(CCCCC(=O)NO)NC(=O)C2CCCN2C1=O,,515.2743839039999,False,[]
2700,CCOC(=O)CCCCCCCCCCCCC1C=CCC1,,308.271530392,False,[]
2701,COc1ccc2c(cc([NH3+])c3c4cc5c(cc4ccc23)OCO5)c1OC,,348.1230344760899,False,[]
2702,COc1ccc2c(cc(N)c3c4cc5c(cc4ccc23)OCO5)c1OC,,347.11575802399994,False,[]
2703,COc1ccc2c(c[n+](C)c3c4cc5c(cc4ccc23)OCO5)c1OC,,348.1230344760899,False,[]
2704,O=C1CC(C(=O)O)NC(C(=O)O)C1,,187.048072388,False,[]
2705,CC(CCC(=O)O)C1CCCC2C3C(O)CC4CC(O)CCC4(C)C3CCC12C,,406.308309824,False,[]
2706,CC1(C)NC(=O)C(CCCCCC(=O)C2CO2)NC(=O)C2CCCN2C(=O)C(Cc2ccccc2)NC1=O,,526.279134936,False,[]
2707,OC(O)C(Cl)(Cl)Cl,,163.919862376,False,[]
2708,O=C(O)CCCc1ccc(N(CCCl)CCCl)cc1,,303.07928420800005,False,[]
2709,O=C(O)CCC(=O)OCC(NC(=O)C(Cl)Cl)C(O)c1ccc([N+](=O)[O-])cc1,,422.02837083199995,False,[]
2710,CN1CCN(C(c2ccccc2)c2ccc(Cl)cc2)CC1,,300.139326352,False,[]
2711,ClC1CC2C(C1Cl)C1(Cl)C(Cl)C(Cl)C2(Cl)C1(Cl)Cl,,407.813421696,False,[]
2712,C/N=C1/CN(O)C(c2ccccc2)=c2cc(Cl)ccc2=N1,,299.08253974800004,False,[]
2713,NC(=N/C(N)=N/CCCCCC/N=C(\N)N=C(N)Nc1ccc(Cl)cc1)Nc1ccc(Cl)cc1,,504.20319631999996,False,[]
2714,CC(=O)OC1(C(C)=O)CCC2C3C=C(Cl)C4=CC(=O)CCC4(C)C3CCC21C,,404.175437088,False,[]
2715,[H]/[O+]=C(\N)NCC([CH2][Hg][Cl])OC,,369.02882472409,False,[]
2716,COC(CNC(N)=O)[CH2][Hg][Cl],,368.021548272,False,[]
2717,CN1C(=O)CCS(=O)(=O)C1c1ccc(Cl)cc1,,273.022641924,False,[]
2718,CC(=O)Oc1ccc(Cl)c2cccnc12,,221.024356176,False,[]
2719,CCN(CC)CCCC(C)Nc1ccnc2cc(Cl)ccc12,,319.18152551199995,False,[]
2720,NS(=O)(=O)c1cc2c(cc1Cl)NC=NS2(=O)=O,,294.9488253519999,False,[]
2721,COc1ccc(C(Cl)=C(c2ccc(OC)cc2)c2cccc(OC)c2)cc1,,380.117922212,False,[]
2722,Oc1c(Cl)cc(Cl)c2cccnc12,,212.97481914,False,[]
2723,Cc1cc(O)cc(C)c1Cl,,156.034192588,False,[]
2724,NC(=O)OCC(O)COc1ccc(Cl)cc1,,245.045485544,False,[]
2725,CN(C)CCC(c1ccc(Cl)cc1)c1ccccn1,,274.123676288,False,[]
2726,CN(C)CCCN1c2ccccc2Sc2ccc(Cl)cc21,,318.09574728800004,False,[]
2727,CCCNC(=O)NS(=O)(=O)c1ccc(Cl)cc1,,276.033540956,False,[]
2728,CC(C)OC(=O)Nc1cccc(Cl)c1,,213.055656304,False,[]
2729,CN(C)CCC=C1c2ccccc2Sc2ccc(Cl)cc21,,315.084848256,False,[]
2730,CCOP(=S)(OCC)Oc1nc(Cl)c(Cl)cc1Cl,,348.926283882,False,[]
2732,NS(=O)(=O)c1cc(C2(O)NC(=O)c3ccccc32)ccc1Cl,,338.012805512,False,[]
2733,O=c1[nH]c2cc(Cl)ccc2o1,,168.993056048,False,[]
2734,O=c1[nH]c2cc(Cl)c(O)cc2o1,,184.987970668,False,[]
2735,C=C1CCC(O)CC1=CC=C1CCCC2(C)C1CCC2C(C)CCCC(C)C,,384.339216028,False,[]
2736,CCCCCCCCCCCCCCCCC1(OC)C=CC(CC(=O)OC)OO1,,412.3188745079999,False,[]
2741,O=C(O)c1cc(=O)c2ccccc2o1,,190.026608672,False,[]
2743,CC(C)=CC1C(C(=O)O)C1(C)C,,168.115029752,False,[]
2745,CC(C)CC(NC(=O)C(NC(=O)NC(Cc1ccccc1)C(=O)O)C1CCN=C(N)N1)C(=O)NC(Cc1ccccc1)C(=O)O,,623.3067466520001,False,[]
2746,CC(=O)Nc1ccc(C(=O)Nc2ccccc2N)cc1,,269.11642672,False,[]
2747,c1ccc(C2(c3ccccc3)CC2C2=NCCN2)cc1,,262.146998576,False,[]
2748,CC1(C)SC2C(NC(=O)C3(N)CCCCC3)C(=O)N2C1C(=O)O,,341.14092721599997,False,[]
2749,Cc1cc(C2CCCCC2)n(O)c(=O)c1,,207.125928784,False,[]
2750,CC1(COc2ccc(CC3SC(=O)NC3=O)cc2)CCCCC1,,333.139864596,False,[]
2751,CCOC(=O)C(CCc1ccccc1)NC1CCCN2CCCC(C(=O)O)N2C1=O,,417.22637109199997,False,[]
2752,COCCOC(=O)C1=C(C)NC(C)=C(C(=O)OCC=Cc2ccccc2)C1c1cccc([N+](=O)[O-])c1,,492.189651236,False,[]
2753,CN(C(=O)CCCOc1ccc2[nH]c(=O)ccc2c1)C1CCCCC1,,342.194342692,False,[]
2754,O=C1CCc2cc(OCCCCc3nnnn3C3CCCCC3)ccc2N1,,369.21647510400004,False,[]
2755,CC(C)NCC(O)c1ccc(N)c(C#N)c1,,219.137162164,False,[]
2756,C/N=C(\NC#N)NCCSCc1nc[nH]c1C,,252.11571551199998,False,[]
2757,C=CC1CN2CCC1CC2C(O)c1ccnc2ccccc12,,294.17321332399996,False,[]
2758,CC12CCC(CC1)C(C)(C)O2,,154.135765196,False,[]
2759,COc1cc(C=CC(=O)N2CCN(CC(=O)N3CCCC3)CC2)cc(OC)c1OC,,417.22637109199997,False,[]
2760,C(=CN1CCN(C(c2ccccc2)c2ccccc2)CC1)Cc1ccccc1,,368.225248896,False,[]
2761,C(=Cc1ccccc1)CN1CCN(C(c2ccccc2)c2ccccc2)CC1,,368.225248896,False,[]
2762,CCn1nc(C(=O)O)c(=O)c2cc3c(cc21)OCO3,,262.05897142000003,False,[]
2763,CC(C)(Oc1ccc(C2CC2(Cl)Cl)cc1)C(=O)O,,288.03199966799997,False,[]
2764,O=C(O)c1cn(C2CC2)c2cc(N3CCNCC3)c(F)cc2c1=O,,331.13321965599994,False,[]
2765,c1ccc(C2CC2)c(OCC2=NCCN2)c1,,216.126263132,False,[]
2767,[Cl][Pt+2][Cl].[NH2-].[NH2-],,296.93994458800006,False,[]
2768,[Cl][Pt+2][Cl],,264.90139930018,False,[]
2769,COc1cc(N)c(Cl)cc1C(=O)NC1CCN(CCCOc2ccc(F)cc2)CC1OC,,465.183062308,False,[]
2770,[Cl][Pt][Cl],,264.90249646,False,[]
2771,CN(C)CCCC1(c2ccc(F)cc2)OCc2cc(C#N)ccc21,,324.16379151200005,False,[]
2772,C[N+](C)(C)CCOP(=O)(O)OP(=O)(O)OCC1(O)COC(n2ccc(N)nc2=O)C1O,,489.11460736409003,False,[]
2773,CC(=O)NC1SCCC1=O,,159.035399528,False,[]
2775,COc1cc(OC)c2ccc(=O)oc2c1,,206.0579088,False,[]
2776,CC#CC(=O)Nc1ccc2ncnc(Nc3cccc(Br)c3)c2c1,,380.027273136,False,[]
2777,O=C(NCCCCN1CCOCC1)c1cc2ccccc2o1,,302.16304256399997,False,[]
2778,COC1CC(OC2CC(OC3OC(C)CC(N(C)C)C3O)C(C)(OC)CC(C)C(=O)C(C)C(O)C(C)(O)C(C)OC(=O)C2C)OC(C)C1O,,705.4299410759999,False,[]
2779,CC(C)C(O)C12NC(=O)C(C)C1OC2=O,,213.10010796,False,[]
2780,COc1cc(N)c(Cl)cc1C(=O)NC1CCN(Cc2ccccc2)CC1,,373.155704688,False,[]
2781,CN1CCCC1CCOC(C)(c1ccccc1)c1ccc(Cl)cc1,,343.170292132,False,[]
2782,Clc1ccc(Cn2c(CN3CCCC3)nc3ccccc32)cc1,,325.13457531999995,False,[]
2783,CC(C)(C)NCC(O)c1cc(Cl)c(N)c(Cl)c1,,276.07961855599996,False,[]
2784,C[N+]12CCC(CC1)C(OC(=O)C(O)(c1ccccc1)c1ccccc1)C2,,352.19072011209,False,[]
2785,CN(C)C(=O)C(Cc1ccccc1)NC(=O)C(=O)CC(=O)NCCc1ccccn1,,410.19540531200005,False,[]
2786,CCCC1CC(C(=O)NC(C(C)Cl)C2OC(SC)C(O)C(O)C2O)N(C)C1,,424.17987083599996,False,[]
2787,CCC(C)(Oc1ccc(C2(c3ccc(OC(C)(CC)C(=O)O)cc3)CCCCC2)cc1)C(=O)O,,468.2511888719999,False,[]
2788,Oc1c(I)cc(Cl)c2cccnc12,,304.9104394600001,False,[]
2789,CN1C(=O)CC(=O)N(c2ccccc2)c2cc(Cl)ccc21,,300.066555336,False,[]
2790,N/C(=N/Cc1ccc(Cl)cc1)SCCCc1cnc[nH]1,,308.08624522400004,False,[]
2791,CCC(=O)OC1(C(=O)CCl)C(C)CC2C3CCC4=CC(=O)C=CC4(C)C3(F)C(O)CC21C,,466.19223002399997,False,[]
2792,CCCC(=O)OC1(C(=O)CCl)C(C)CC2C3CCC4=CC(=O)C=CC4(C)C3(F)C(=O)CC21C,,478.19223002399997,False,[]
2793,NC(=O)C1(N2CCCCC2)CCN(CCCN2c3ccccc3CCc3ccc(Cl)cc32)CC1,,480.26558948400003,False,[]
2794,CC(C)/N=c1\cc2n(-c3ccc(Cl)cc3)c3ccccc3nc-2cc1Nc1ccc(Cl)cc1,,472.12215206400003,False,[]
2795,CN(C)CCC(O)(c1ccccc1)c1ccccc1Cl,,289.12334194,False,[]
2796,CCOC(=O)C(C)(C)Oc1ccc(Cl)cc1,,242.07097202,False,[]
2797,CC(C)(Oc1ccc(Cl)cc1)C(=O)O,,214.039671892,False,[]
2798,CCCCCCC[N+](CC)(CC)CCCCc1ccc(Cl)cc1,,338.26090428409,False,[]
2799,CC(C)(C)CC(C)(C)c1ccc(O)c(Cc2ccc(Cl)cc2Cl)c1,,364.13607081199996,False,[]
2800,CCN(CC)CCOc1ccc(C(=C(Cl)c2ccccc2)c2ccccc2)cc1,,405.185942196,False,[]
2801,CN(C)CCCN1c2ccccc2CCc2ccc(Cl)cc21,,314.154976416,False,[]
2802,O=C1CN=C(c2ccccc2Cl)c2cc([N+](=O)[O-])ccc2N1,,315.04106886,False,[]
2803,Clc1cccc(Cl)c1NC1=NCCN1,,229.01735264799999,False,[]
2804,CC1CCCC(C)N1NC(=O)c1ccc(Cl)c(S(N)(=O)=O)c1,,345.09139017999996,False,[]
2805,Clc1ccc(C(OCCN2CCCCC2)c2ccccc2)cc1,,329.154642068,False,[]
2806,COC(=O)C(c1ccccc1Cl)N1CCc2sccc2C1,,321.059027432,False,[]
2807,O=C([O-])CCCC=CCC1C(O)CC(O)C1C=CC(O)COc1cccc(Cl)c1,,423.15798987590995,False,[]
2808,O=C(O)CCCC=CCC1C(O)CC(O)C1C=CC(O)COc1cccc(Cl)c1,,424.165266328,False,[]
2809,O=C(O)C1N=C(c2ccccc2)c2cc(Cl)ccc2NC1=O,,314.045819892,False,[]
2810,CC(C)NCC(O)c1ccccc1Cl,,213.092041812,False,[]
2811,CCc1cc2c(s1)N(C)C(=O)CN=C2c1ccccc1Cl,,318.05936178,False,[]
2812,Clc1ccccc1C(c1ccccc1)(c1ccccc1)n1ccnc1,,344.10802622400007,False,[]
2813,Cc1onc(-c2ccccc2Cl)c1C(=O)NC1C(=O)N2C1SC(C)(C)C2C(=O)[O-],,434.05829290390994,False,[]
2814,Cc1onc(-c2ccccc2Cl)c1C(=O)NC1C(=O)N2C1SC(C)(C)C2C(=O)O,,435.0655693559999,False,[]
2815,Cc1onc(-c2ccccc2Cl)c1C(=O)NCB(O)O,,294.05786494399996,False,[]
2816,O=C1CN2CCOC2(c2ccccc2Cl)c2cc(Cl)ccc2N1,,348.04323304800005,False,[]
2817,Oc1ccc(Cl)c2cccnc12,,179.013791492,False,[]
2821,N#Cc1cc2nc([O-])c([O-])nc2cc1[N+](=O)[O-].[Na+].[Na+],,275.987143104,False,[]
2825,CCOC(=O)C1C(OC(=O)c2ccccc2)CC2CCC1N2C,,317.16270821600006,False,[]
2826,COC(=O)C1C(OC(=O)c2ccccc2)CC2CCC1N2C,,303.14705815200006,False,[]
2827,CC(C)=CCc1ccc2[nH]cc(C3=C(O)C(=O)C(c4c[nH]c5ccc(CC=C(C)C)cc45)=C(O)C3=O)c2c1,,506.22055743999994,False,[]
2828,COc1ccc2c3c1OC1C(O)C=CC4C(C2)N(C)CCC341,,299.152143532,False,[]
2829,O=C1N2C=C(c3ccc(O)cc3)N=C(Cc3ccccc3)C2=NC1(O)Cc1ccc(O)cc1,,439.153206152,False,[]
2832,CNC1CCc2cc(OC)c(OC)c(OC)c2-c2ccc(OC)c(=O)cc21,,371.1732729,False,[]
2833,COc1cc2c(c(OC)c1OC)-c1ccc(OC)c(=O)cc1C(NC(C)=O)CC2,,399.16818752,False,[]
2834,C=CC1(C)CC(=O)C2(O)C(C)(O1)C(OC(C)=O)C(OC(=O)CCN(C)C)C1C(C)(C)CCC(O)C12C,,509.298867336,False,[]
2837,CCC(=O)CCCCCC1NC(=O)C2CCCCN2C(=O)C(C(C)CC)NC(=O)C(c2cn(CC(=O)OC)c3ccccc23)NC1=O,,651.363198908,False,[]
2838,CCC(=O)CCCCCC1NC(=O)C2CCCCN2C(=O)C(C(C)CC)NC(=O)C(c2cn(CC)c3ccccc23)NC1=O,,607.373369668,False,[]
2839,CCC(=O)CCCCCC1NC(=O)C2CCCCN2C(=O)C(C(C)CC)NC(=O)C(c2cn(OC)c3ccccc3c2=O)NC1=O,,637.3475488439999,False,[]
2840,CCC(=O)CCCCCC1NC(=O)C2CCCCN2C(=O)C(C(C)CC)NC(=O)C(c2cn(CC)c3ccccc3c2=O)NC1=O,,635.368284288,False,[]
2841,CCC(C)C1NC(=O)C(c2cn(OC)c3ccccc23)NC(=O)C(CCCCCC(=O)OC)NC(=O)C2CCCCN2C1=O,,611.33189878,False,[]
2842,CCC(C)C1NC(=O)C(c2cn(OC)c3ccccc23)NC(=O)C(CCCCCC(=O)O)NC(=O)C2CCCCN2C1=O,,597.3162487159999,False,[]
2843,CCC(C)C1NC(=O)C(c2cn(OC)c3ccccc23)NC(=O)C(CCCCCC(=O)C(C)F)NC(=O)C2CCCCN2C1=O,,627.343212412,False,[]
2844,CCC(C)C1NC(=O)C(c2cn(OC)c3ccccc23)NC(=O)C(CCCCCC(=O)NO)NC(=O)C2CCCCN2C1=O,,612.327147748,False,[]
2845,CCC(C)C1NC(=O)C(c2cn(OC)c3ccccc23)NC(=O)C(CCCCCSC(C)=O)NC(=O)C2CCCCN2C1=O,,627.3090551600001,False,[]
2846,CCC(=O)CCCCCC1NC(=O)C2CCCCN2C(=O)C(C(C)CC)NC(=O)C(c2cn(CN3CCCC3)c3ccccc23)NC1=O,,662.415568828,False,[]
2847,CCC(=O)CCCCCC1NC(=O)C2CCCCN2C(=O)C(C(C)CC)NC(=O)C(c2c(-c3cc(OC)cc(OC)c3)[nH]c3ccccc23)NC1=O,,715.3944990359998,False,[]
2848,CCC(=O)CCCCCC1NC(=O)C2CCCCN2C(=O)C(C(C)CC)NC(=O)C(c2cnc3ccccc3c2Cl)NC1=O,,625.303097188,False,[]
2849,CCC(=O)CCCCCC1NC(=O)C2CCCCN2C(=O)C(C(C)CC)NC(=O)C(c2cnc3ccccc3c2N2CCCCC2)NC1=O,,674.415568828,False,[]
2850,O=C(CCCCCC1NC(=O)C2CCCCN2C(=O)C(Cc2ccccc2)NC(=O)C(Cc2ccccc2)NC1=O)NO,,591.305684032,False,[]
2851,CCC(C)C1NC(=O)C(Cc2ccc(OC)cc2)NC(=O)C(CCCCCC(=O)NO)NC(=O)C2CCCCN2C1=O,,587.33189878,False,[]
2852,O=C(CCCCCC1NC(=O)C2CCCN2C(=O)C(Cc2ccccc2)NC(=O)C(Cc2ccccc2)NC1=O)NO,,577.290033968,False,[]
2853,CC1(C)NC(=O)C(CCCCCC(=O)NO)NC(=O)C2CCCN2C(=O)C(Cc2ccccc2)NC1=O,,515.274383904,False,[]
2854,CCC(C)C(=O)OC1CCC=C2C=CC(C)C(CCC3CC(O)CC(=O)O3)C21,,390.2406241879999,False,[]
2855,CNCCc1ccc(OC)c(Cc2cc(CCNC)cc(Cc3cc(CCNC)ccc3OC)c2OC)c1,,519.3460922999999,False,[]
2856,CC(C)n1cnc2c(Nc3cccc(Cl)c3)nc(NCCO)nc21,,346.13088690800004,False,[]
2857,CCOc1cc2ncnc(Nc3cccc(Br)c3)c2cc1OCC,,387.05823891599994,False,[]
2859,OC1C(O)C(O)C2OC2C1O,,162.05282342,False,[]
2860,CC1C2CCC3C4CC=C5CC(N(C)C)CCC5(C)C4CCC32CN1C,,356.31914928,False,[]
2862,CC1OC(OC2CCC3(C=O)C4CCC5(C)C(C6=CC(=O)OC6)CCC5(O)C4CCC3(O)C2)C(O)C(O)C1O,,550.2777975439999,False,[]
2863,CC(=O)OCC(=O)C1(O)CCC2C3CCC4=CC(=O)CCC4(C)C3C(=O)CC21C,,402.20423868,False,[]
2864,C=CC(=C)CCC1(C)C(C)CC(O)C23C(=CC(OC(=O)C=CC=CCCCCC)CC12)C(OC(C)=O)OC3OC(C)=O,,584.3349184959999,False,[]
2865,C=CC(=C)CCC1(C)C(C)CC(OC(=O)CCCCCCCCC)C23C(=CC(O)CC12)C(OC(C)=O)OC3OC(C)=O,,588.3662186239999,False,[]
2866,COC(=O)C1C(O)CCC2CN3CCc4c([nH]c5ccccc45)C3CC21,,354.194342692,False,[]
2867,O=C(NC=Cc1c[nH]c2cc(Br)ccc12)C(=O)c1c[nH]c2ccccc12,,407.026938788,False,[]
2868,O=C(NC=Cc1c[nH]c2ccccc12)C(=O)c1c[nH]c2ccccc12,,329.11642672,False,[]
2869,O=C(NC=Cc1c[nH]c2ccc(Br)cc12)C(=O)c1c[nH]c2c(O)cccc12,,423.02185340799997,False,[]
2871,CCOP(=S)(OCC)Oc1ccc2c(C)c(Cl)c(=O)oc2c1,,362.0144589219999,False,[]
2872,CC(C)(C)CN1C(=O)C(CC(=O)NC(CC(=O)O)C(=O)O)OC(c2cccc3ccccc23)c2cc(Cl)ccc21,,566.1819790119998,False,[]
2873,O=C(NC(Cc1ccccc1)C(=O)N1CC(C(=O)O)C1)c1cc2cc(Cl)ccc2[nH]1,,425.1142338,False,[]
2874,O=C(NC(Cc1ccc(F)cc1)C(=O)N1CCC(O)CC1)c1cc2cc(Cl)ccc2[nH]1,,443.1411974960001,False,[]
2875,NC(CC1CCCCC1)C(O)C(F)(F)C(=O)O,,251.133299908,False,[]
2876,CC1=C(SCCO)C(=O)c2ccccc2C1=O,,248.050715244,False,[]
2877,COc1ccc2[nH]cc(CCNC(=O)C3CC3)c2c1,,258.136827816,False,[]
2878,NC(C(=O)O)(c1ccc(P(=O)(O)O)cc1)C1CC1,,271.060959178,False,[]
2880,C=C(c1ccccc1OCc1cccc(Cl)c1)n1ccnc1,,310.08729078000005,False,[]
2881,O=C([O-])c1cc(=O)c2c(OCC(O)COc3cccc4oc(C(=O)[O-])cc(=O)c34)cccc2o1,,466.0547084278199,False,[]
2882,O=C(O)c1cc(=O)c2c(OCC(O)COc3cccc4oc(C(=O)O)cc(=O)c34)cccc2o1,,468.0692613319999,False,[]
2883,CC=CC(=O)N(CC)c1ccccc1C,,203.131014164,False,[]
2885,CC(=O)OC(C)(C)C=CC(=O)C(C)(O)C1C(O)CC2(C)C3CC=C4C(CC(O)C(=O)C4(C)C)C3(C)C(=O)CC12C,,558.319268432,False,[]
2886,CC(C)(O)C=CC(=O)C(C)(O)C1C(O)CC2(C)C3CC=C4C(CC(O)C(=O)C4(C)C)C3(C)C(=O)CC12C,,516.308703748,False,[]
2887,CC(=O)OC(C)(C)C=CC(=O)C(C)(O)C1C(O)CC2(C)C3CC=C4C(C=C(O)C(=O)C4(C)C)C3(C)C(=O)CC12C,,556.303618368,False,[]
2888,CC(C)(O)C=CC(=O)C(C)(O)C1C(O)CC2(C)C3CC=C4C(C=C(O)C(=O)C4(C)C)C3(C)C(=O)CC12C,,514.2930536839999,False,[]
2889,COc1cc(C=CC(=O)CC(=O)C=Cc2ccc(O)c(OC)c2)ccc1O,,368.12598835999995,False,[]
2890,O=C(c1ccc2c(c1)OCCO2)N1CCCCC1,,247.120843404,False,[]
2893,CC1CC(OC(=O)C(O)c2ccccc2)CC(C)(C)C1,,276.172544628,False,[]
2894,COc1cc2nc(N3CCN(C(=O)c4ccco4)C4CCCCC43)nc(N)c2cc1OC,,437.20630434400005,False,[]
2895,CN(C)CCC=C1c2ccccc2C=Cc2ccccc21,,275.167399672,False,[]
2897,NC1CCCCCCCCCCC1,,183.19869979999999,False,[]
2898,CC(=O)Oc1ccc(C(=C2CCCCC2)c2ccc(OC(C)=O)cc2)cc1,,364.16745924799994,False,[]
2900,CC1CC(C)C(=O)C(C(O)CC2CC(=O)NC(=O)C2)C1,,281.162708216,False,[]
2902,CC(C)CC1NC(=O)CNC1=O,,170.105527688,False,[]
2904,NS(=O)(=O)c1cc2c(cc1Cl)NC(CC1CCCC1)NS2(=O)=O,,379.0427257359999,False,[]
2905,CN(C)CCOC(=O)C(c1ccccc1)C1(O)CCCC1,,291.18344366,False,[]
2907,O=P1(N(CCCl)CCCl)NCCCO1,,260.02481971000003,False,[]
2910,NS(=O)(=O)c1cc2c(cc1Cl)NC(C1CC3C=CC1C3)NS2(=O)=O,,389.0270756719999,False,[]
2911,OC(CCN1CCCCC1)(c1ccccc1)C1CCCC1,,287.224914548,False,[]
2912,CC1(C)C(C=C(Cl)Cl)C1C(=O)OC(C#N)c1cccc(Oc2ccccc2)c1,,415.074198828,False,[]
2913,CN1CCC(=C2c3ccccc3C=Cc3ccccc32)CC1,,287.167399672,False,[]
2914,CC(=O)OC1(C(C)=O)CCC2C3C=C(Cl)C4=CC(=O)C5CC5C4(C)C3CCC21C,,416.175437088,False,[]
2915,NCCSSCCN,,152.044190384,False,[]
2916,NCCSP(=O)(O)O,,156.996250746,False,[]
2917,Nc1ccn(C2OC(COP(=O)(O)OC3(C(=O)O)CC(O)C(O)C(C(O)CO)O3)C(O)C2O)c(=O)n1,,543.1101537619999,False,[]
2918,C=C1C(=O)C2C=CCC(C)CCCC(O)C=CC(=O)OC23C(=O)NC(Cc2ccccc2)C3C1C,,477.25152322,False,[]
2919,C=C1C(C)C2C(Cc3ccccc3)NC(=O)C23OC(=O)C=CC(O)CCCC(C)CC=CC3C1O,,479.26717328399997,False,[]
2920,CC1CC=CC2C3OC3(C)C(C)C3C(Cc4ccccc4)NC(=O)C23OC(=O)OC=CC(C)(O)C1=O,,495.22570239599986,False,[]
2921,C=C1C(C)C2C(Cc3ccccc3)NC(=O)C23C(OC(C)=O)C=CC(C)(O)CC(C)CC=CC3C1O,,493.28282334799997,False,[]
2922,CC(=O)OC1C=CC(C)(O)C(=O)C(C)CC=CC2C(O)C3(C)OC3(C)C3C(Cc4ccccc4)NC(=O)C123,,523.257002524,False,[]
2923,CC(=O)OC1C=CC(C)(O)C(=O)C(C)CC=CC2C(O)C(C)(O)C(C)C3C(Cc4ccccc4)NC(=O)C123,,525.2726525879999,False,[]
2924,CC(=O)OC1C=CC(C)(O)CC(C)CC=CC2C(O)C(C)(C)C(C)C3C(Cc4ccccc4)NC(=O)C123,,509.314123476,False,[]
2925,CC(=O)OC1C=CC(C)(O)C(=O)C(C)CC=CC2C3OC3(C)C(C)C3C(Cc4ccccc4)NC(=O)C123,,507.262087904,False,[]
2926,CC(=O)OC1C=CC(C)(O)C(=O)C(C)CC=CC2C(O)C(C)=C(C)C3C(Cc4ccccc4)NC(=O)C123,,507.262087904,False,[]
2927,NC(CCCCP(=O)(O)O)C(=O)O,,211.060959178,False,[]
2928,CC(=O)NC(Cc1cccc2ccccc12)[B-](O)(O)O,,274.12561200391,False,[]
2929,O=C(Nc1ccncc1)C(=O)c1cn(Cc2ccc(Cl)cc2)c2ccccc12,,389.093104432,False,[]
2930,O=C(NO)NC(Cc1ccccc1)C(=O)O,,224.079706864,False,[]
2931,Cc1ncc(COP(=O)(O)O)c(CNC2CONC2=O)c1O,,333.07258648199996,False,[]
2932,NC(N)=NCCCC(NC(=O)C(N)Cc1ccc(O)cc1)C(=O)O,,337.175004216,False,[]
2933,Nc1ncnc2c1ncn2CC(O)C(O)C(=O)O,,253.081103832,False,[]
2934,CCCCCCCCCCCCCC(=O)NC(C)C(O)c1ccccc1,,361.29807948800004,False,[]
2935,NC(CCC(=O)NCS(=O)(=O)O)C(=O)O,,240.041607104,False,[]
2936,O=P(O)(O)OC1C(O)C(O)C(O)C(O)C1OP(=O)(O)O,,339.99604914799994,False,[]
2937,CCCCCC(O)CC=C1C(=O)C=CC1CC=CCCCC(=O)O,,334.21440943999994,False,[]
2938,COc1ccc2[nH]c3ccc4cc[n+](CCN5CCC(CCCC6CCN(CC[n+]7ccc8ccc9[nH]c%10ccc(OC)cc%10c9c8c7)CC6)CC5)cc4c3c2c1,,760.4453778721801,False,[]
2939,Cc1cn(C2C=CC(COP(=O)(O)OP(=O)(O)OP(=O)(O)O)O2)c(=O)[nH]c1=O,,463.9786984299999,False,[]
2940,S=C([S-])OC1CC2CC1C1CCCC21,,227.05698067991,False,[]
2941,S=C(S)OC1CC2CC1C1CCCC21,,228.064257132,False,[]
2942,CN(C)N=Nc1nc[nH]c1C(N)=O,,182.09160894,False,[]
2943,COC(=O)c1c(Cl)c(Cl)c(C(=O)OC)c(Cl)c1Cl,,329.902019392,False,[]
2946,CN1CCc2cn(C)c3c2C1=CC(=O)C3=O,,216.089877624,False,[]
2947,CN1CCc2c[nH]c3c2C1=CC(=O)C3=O,,202.07422756,False,[]
2948,COc1c(C=O)c(O)cc2c1C(=O)c1ccccc1C2=O,,282.05282342,False,[]
2949,C#CC1(O)CCC2C3CCC4=Cc5oncc5CC4(C)C3CCC21C,,337.20417910400005,False,[]
2950,O=C1c2cccc(O)c2C(=O)c2c(O)cccc21,,240.042258736,False,[]
2951,O=C1N=C([O-])CN1N=Cc1ccc(-c2ccc([N+](=O)[O-])cc2)o1,,313.05784296791,False,[]
2952,O=C1CN(N=Cc2ccc(-c3ccc([N+](=O)[O-])cc3)o2)C(=O)N1,,314.06511942,False,[]
2954,[H]/N=C(\N)c1ccc(-c2cc3ccc(/C(N)=N/[H])cc3[nH]2)cc1,,277.13274548000004,False,[]
2955,Nc1ccc(S(=O)(=O)c2ccc(N)cc2)cc1,,248.061948624,False,[]
2956,CC(NC(=O)Cc1cc(F)cc(F)c1)C(=O)NC(C(=O)OC(C)(C)C)c1ccccc1,,432.18606375199994,False,[]
2957,CC[n+]1ccccc1C=Cc1ccc(N(C)C)cc1,,253.16992509208998,False,[]
2958,COc1cccc2c1C(=O)c1c(O)c3c(c(O)c1C2=O)CC(O)(C(C)=O)CC3OC1CC(N)C(O)C(C)O1,,527.1791461279998,False,[]
2959,COc1cccc2c1C(=O)c1c(O)c3c(c(O)c1C2=O)CC(O)(C(C)=O)CC3OCC1(C)OC(C)C(C)(O)C(N)C1(C)C,,597.2573964479998,False,[]
2961,CCC=CCC=CCC=CCC=CCC=CCC=CCCC(=O)OC(COCCCCCCCCCCCCCCCC)COP(=O)([O-])OCC[N+](C)(C)C,,791.5828905940001,False,[]
2962,CCC=CCC=CCC=CCC=CCC=CCC=CCCC(=O)OC(COCCCCCCCCCCCCCCCC)COP(=O)(O)OCC[N+](C)(C)C,,792.5901670460902,False,[]
2963,N#CC(C#N)=Cc1cc2c3c(c1)CCCN3CCC2,,249.12659748,False,[]
2964,C=CC1(C)CC(=O)C2(O)C(C)(O1)C(O)C(O)C1C(C)(C)CCC(O)C12C,,368.219888744,False,[]
2966,[H]/N=C(\N)N1CCc2ccccc2C1,,175.110947416,False,[]
2967,COC(CCC(C)C1OC23CC(OC(=O)CC(C(C)O)OC(=O)CC(O)(O2)C(C)CC3(C)C)C1C)c1cccc(O)c1,,592.324747736,False,[]
2968,C[N+](C)(C)CCCCCCCCCC[N+](C)(C)C,,258.30240205618,False,[]
2969,CCCCCCCCCC(=O)O,,172.14632988,False,[]
2970,C=C1OC(CO)(n2cnc3c(N)ncnc32)C(O)C1O,,279.096753896,False,[]
2971,CCCCCCCCCCC1=C(C)C(=O)C(OC)=C(OC)C1=O,,322.21440943999994,False,[]
2973,CC(=O)N(O)CCCCCNC(=O)CCC(=O)N(O)CCCCCNC(=O)CCC(=O)N(O)CCCCCN,,560.353362496,False,[]
2974,CC(CCC(=O)[O-])C1CCC2C3C(=O)CC4CC(=O)CCC4(C)C3CC(=O)C12C,,401.23334773591,False,[]
2975,CC(CCC(=O)O)C1CCC2C3C(=O)CC4CC(=O)CCC4(C)C3CC(=O)C12C,,402.24062418799997,False,[]
2976,CCOC(=O)C(CCc1ccccc1)NC(C)C(=O)N(CC(=O)O)C1Cc2ccccc2C1,,452.23112212399997,False,[]
2977,CCCCCc1cc(O)c2c(c1)OC(C)(C)C1CC=C(C)CC21,,314.2245802,False,[]
2978,CCCCCc1cc(O)c2c(c1)OC(C)(C)C1CCC(C)=CC21,,314.2245802,False,[]
2979,CC([NH-])C[N-]CCNCC(C)[NH-].[N-]=C1C(=[N-])c2ccccc2-c2ccccc21.[Rh+2],,478.13686960373,False,[]
2980,CC(N)CNCCNCC(C)N,,174.18444670399998,False,[]
2981,[H]/N=C1C(=N\[H])\c2ccccc2-c2ccccc2\1,,206.08439832,False,[]
2982,CC1(C)C(C=C(Br)Br)C1C(=O)OC(C#N)c1cccc(Oc2ccccc2)c1,,502.973167668,False,[]
2984,CCCCn1c(=O)c2c(ncn2CC(C)=O)n(CCCC)c1=O,,320.18484062799996,False,[]
2985,C=CCCCCCC=CC(O)C#CC#CC(O)CC,,260.177630008,False,[]
2986,C=CCCCCCC(O)C=CC#CC#CC(O)C=C,,258.161979944,False,[]
2987,CC(CCC(=O)O)C1CCC2C3CCC4CC(O)CCC4(C)C3CC(O)C12C,,392.29265975999994,False,[]
2988,COc1cc(CC2C(=O)OCC2Cc2ccc3c(c2)OCO3)cc(OC)c1OC,,400.1522031079999,False,[]
2989,C=CC1C(OC2OC(CO)C(O)C(O)C2O)OC=C2C(=O)N3Cc4cc5ccccc5nc4C3CC21,,496.184565856,False,[]
2990,CN(N=O)c1cc(O)ccc1O,,168.053492116,False,[]
2991,CCC(=O)OC1(C(C)=O)CCC2C3CCC4=CC(=O)C=CC4(C)C3C(O)CC21C,,400.22497412399997,False,[]
2992,C=CC(O)C1OC1C=CC1OC1C(C)O,,212.104858992,False,[]
2993,Cc1cc(N)c2ccccc2[n+]1CCCCCCCCCC[n+]1c(C)cc(N)c2ccccc21,,456.32420012018,False,[]
2994,CC(C)CC(NC(=O)C(Cc1ccccc1)NC(=O)CNC(=O)CN)C(=O)O,,392.20596999599996,False,[]
2995,CNCCCN1c2ccccc2CCc2ccccc21,,266.178298704,False,[]
2997,O=C1CN=C(c2ccccc2)c2cc(Cl)ccc2N1,,270.05599065200005,False,[]
2998,CCCCCCCCC(=O)NCc1ccc(O)c(OC)c1,,293.199093724,False,[]
2999,C#CC1(O)C=CC2C3CCC4=CC(=O)CCC4C3CCC21CC,,310.193280072,False,[]
3000,CC1CC2C3CCC4=CC(=O)C=CC4(C)C3(F)C(O)CC2(C)C1C(=O)CO,,376.20498762799997,False,[]
3001,CC(=O)OCC(=O)C1CCC2C3CCC4=CC(=O)CCC4(C)C3CCC12C,,372.230059504,False,[]
3002,CCNC(=O)CCNC(=O)C(O)C(C)(C)COP(=O)(O)OP(=O)(O)OCC1OC(n2cnc3c(N)ncnc32)C(O)C1OP(=O)(O)O,,735.1431379620001,False,[]
3003,CC1CC2C3CCC4=CC(=O)C=CC4(C)C3(F)C(O)CC2(C)C1(O)C(=O)CO,,392.19990224799994,False,[]
3004,CC1CC2C3CCC4=CC(=O)C=CC4(C)C3(F)C(O)CC2(C)C1(O)C(=O)COC(=O)c1cccc(S(=O)(=O)O)c1,,576.1829318559999,False,[]
3005,CCCCCCCCCCCCCCCC(=O)OCC(=O)C1(O)C(C)CC2C3CCC4=CC(=O)C=CC4(C)C3(F)C(O)CC21C,,630.4295678279999,False,[]
3006,CC1CC2C3CCC4=CC(=O)C=CC4(C)C3(F)C(O)CC2(C)C1(O)C(=O)COP(=O)([O-])[O-],,470.15167986581986,False,[]
3008,COc1ccc2c(c1)C13CCCCC1C(C2)N(C)CC3,,271.19361442,False,[]
3009,NCCCC(N)(C(=O)O)C(F)F,,182.086684064,False,[]
3010,CCCCCCCCCCNc1cc(CO)c2cc[nH]c2c1,,302.23581357999996,False,[]
3011,CCCCCC=CCC=CCC=CCCCCCCC(=O)O,,306.255880328,False,[]
3012,Cc1nc2sccn2c(=O)c1CCN1CCC(=C(c2ccccc2)c2ccc(F)cc2)CC1,,459.17806167199996,False,[]
3014,CCCCCCCCCCCCCOC(=O)C1CCC(=O)OC1CO,,356.2562742519999,False,[]
3015,CC(=O)C1(O)CCC2C3C=C(Cl)C4=CC(=O)C5CC5C4(C)C3CCC21C,,374.16487240400005,False,[]
3016,CN1C(=O)CN=C(c2ccccc2)c2cc(Cl)ccc21,,284.07164071600005,False,[]
3017,CCOP(=S)(OCC)Oc1cc(C)nc(C(C)C)n1,,304.10105016200004,False,[]
3018,CCOC(=O)NC1=C(C2CC2)C(=O)C(NC(=O)OCC)=C(C2CC2)C1=O,,362.14778642399995,False,[]
3019,CC1=NS(=O)(=O)c2cc(Cl)ccc2N1,,229.991676144,False,[]
3021,NCC1CCC(N)C(OC2C(N)CC(N)C(OC3OC(CO)C(O)C(N)C3O)C2O)O1,,451.2642131439999,False,[]
3022,O=C(O)c1cccc2c1oc1c(C(=O)O)cccc12,,256.03717335600004,False,[]
3023,c1ccc2c(c1)sc1ccccc12,,184.034671256,False,[]
3024,BrCBr,,171.852324264,False,[]
3025,CCCCOc1cc(C(=O)NCCN(CC)CC)c2ccccc2n1,,343.22597716800004,False,[]
3026,CCCCOC(=O)c1ccccc1C(=O)OCCCC,,278.151809184,False,[]
3027,CCCC(=O)NC1=NC2C(N=CN2C2OC3OP(=O)([O-])OC3C2OC(=O)CCC)C(=O)N1,,472.1238875259099,False,[]
3028,CCCC(=O)NC1=NC2C(N=CN2C2OC3OP(=O)(O)OC3C2OC(=O)CCC)C(=O)N1,,473.13116397799985,False,[]
3029,CCCC(=O)Nc1ncnc2c1ncn2C1OC2COP(=O)([O-])OC2C1OC(=O)CCC,,468.1289729059099,False,[]
3030,COc1c(Cl)ccc(Cl)c1C(=O)O,,219.969399412,False,[]
3031,N#Cc1c(Cl)cccc1Cl,,170.964254456,False,[]
3032,O=C([O-])Cc1ccccc1Nc1c(Cl)cccc1Cl,,294.00940749990997,False,[]
3033,O=C(O)Cc1ccccc1Nc1c(Cl)cccc1Cl,,295.01668395200005,False,[]
3034,C=C(NCc1ccc(Cl)cc1Cl)NC(=O)c1nc(Cl)c(N)nc1N,,386.0216420760001,False,[]
3035,ClC(Cl)=C(c1ccc(Cl)cc1)c1ccc(Cl)cc1,,315.938010976,False,[]
3036,Clc1ccc(C(c2ccc(Cl)cc2)C(Cl)(Cl)Cl)cc1,,351.914688688,False,[]
3037,Oc1ccc(Cl)cc1Cc1cc(Cl)ccc1O,,268.00578492,False,[]
3038,NS(=O)(=O)c1cc(Cl)c(Cl)c(S(N)(=O)=O)c1,,303.91460403199994,False,[]
3039,COP(=O)(OC)OC=C(Cl)Cl,,219.94590069400002,False,[]
3040,Cc1onc(-c2c(Cl)cccc2Cl)c1C(=O)NC1C(=O)N2C1SC(C)(C)C2C(=O)[O-],,468.01932055190997,False,[]
3041,Cc1onc(-c2c(Cl)cccc2Cl)c1C(=O)NC1C(=O)N2C1SC(C)(C)C2C(=O)O,,469.026597004,False,[]
3042,CCN(CC)CCOC(=O)C1(C2CCCCC2)CCCCC1,,309.26677936000004,False,[]
3044,CC1OC(n2cnc3c(N)ncnc32)CC1O,,235.106924656,False,[]
3045,O=C(NO)c1ccc(O)c(O)c1,,169.037507704,False,[]
3046,N#CSc1ccc(C=Cc2ccc(N=C=S)cc2S(=O)(=O)[O-])c(S(=O)(=O)[O-])c1.[Na+].[Na+],,497.90605853599993,False,[]
3047,N#CSc1ccc(C=Cc2ccc(N=C=S)cc2S(=O)(=O)O)c(S(=O)(=O)O)c1,,453.94217003999984,False,[]
3048,ClC1=C(Cl)C2(Cl)C3C4CC(C5OC45)C3C1(Cl)C2(Cl)Cl,,377.870630956,False,[]
3049,CC=C(C(=CC)c1ccc(O)cc1)c1ccc(O)cc1,,266.130679816,False,[]
3050,CCOP(=O)(Cc1ccc(C)cc1)OCC,,242.107181098,False,[]
3051,CCOC(=O)OC(=O)OCC,,162.05282342,False,[]
3052,CCN(CC)C(=O)N1CCN(C)CC1,,199.168462292,False,[]
3053,O=C(O)CN(CCN(CC(=O)O)CC(=O)O)CCN(CC(=O)O)CC(=O)O,,393.13834393599996,False,[]
3054,CCC(=C(CC)c1ccc(O)cc1)c1ccc(O)cc1,,268.14632988,False,[]
3055,OC(CCCN1CCCCC1)(c1ccccc1)c1ccccc1,,309.209264484,False,[]
3056,CC(=O)OCC(=O)C1(OC(C)=O)C(C)CC2C3CC(F)C4=CC(=O)C=CC4(C)C3(F)C(O)CC21C,,494.211609804,False,[]
3057,CC1CC2C3CC(F)C4=CC(=O)C=CC4(C)C3(F)C(O)CC2(C)C1C(=O)COC(=O)C(C)(C)C,,478.2530806919999,False,[]
3058,CCCCC(=O)OCC(=O)C1C(C)CC2C3CC(F)C4=CC(=O)C=CC4(C)C3(F)C(O)CC21C,,478.2530806919999,False,[]
3059,O=C(O)c1cc(-c2ccc(F)cc2F)ccc1O,,250.044150556,False,[]
3060,CCCC(=O)OC1(C(=O)COC(C)=O)CCC2C3CC(F)C4=CC(=O)C=CC4(C)C3(F)C(O)CC21C,,508.227259868,False,[]
3061,CC1OC(OC2C(O)CC(OC3C(O)CC(OC4CCC5(C)C(CCC6C5CCC5(C)C(C7=CC(=O)OC7)CCC65O)C4)OC3C)OC2C)CC(O)C1O,,764.4346921080001,False,[]
3062,CC1OC(OC2C(O)CC(OC3C(O)CC(OC4CCC5(C)C(CCC6C5CC(O)C5(C)C(C7=CC(=O)OC7)CCC65O)C4)OC3C)OC2C)CC(O)C1O,,780.4296067280001,False,[]
3063,COc1ccc2c3c1OC1C(O)CCC4C(C2)N(C)CCC341,,301.167793596,False,[]
3064,C=C1C(C)C2C(Cc3ccccc3)NC(=O)C23OC(=O)CCC(O)CCCC(C)CC=CC3C1O,,481.28282334799997,False,[]
3065,CC(C)C1(NC(=O)C2CC3c4cccc5[nH]cc(c45)CC3N(C)C2)OC2(O)C3CCCN3C(=O)C(Cc3ccccc3)N2C1=O,,611.310769412,False,[]
3066,CN1CC(C(=O)NC2(C)OC3(O)C4CCCN4C(=O)C(Cc4ccccc4)N3C2=O)CC2c3cccc4[nH]cc(c34)CC21,,583.2794692840001,False,[]
3067,CC(C)C1C(=O)N2CCCC2C2(O)OC(NC(=O)C3C=C4c5cccc6[nH]cc(c56)CC4N(C)C3)(C(C)C)C(=O)N12,,561.295119348,False,[]
3068,CC1OC(OC2CC(O)C3(CO)C4C(O)CC5(C)C(C6COC(=O)C6)CCC5(O)C4CCC3(O)C2)C(O)C(O)C1O,,586.298926912,False,[]
3069,CNC1C(OC2C(OC3C(O)C(O)C(N=C(N)N)C(O)C3N=C(N)N)OC(C)C2(O)CO)OC(CO)C(O)C1O,,583.281319752,False,[]
3070,CC1CCC(O)CC1=CC=C1CCCC2(C)C1CCC2C(C)C=CC(C)C(C)C,,398.354866092,False,[]
3071,c1ccc2c(Cc3c[nH]c4ccccc34)c[nH]c2c1,,246.115698448,False,[]
3072,CC(C)O[PH](=O)OC(C)C,,166.07588097,False,[]
3073,CC(C)OP(C)(=O)OC(C)C,,180.09153103399998,False,[]
3074,COc1cc(C(=O)OCCCN2CCCN(CCCOC(=O)c3cc(OC)c(OC)c(OC)c3)CC2)cc(OC)c1OC,,604.2995956079999,False,[]
3075,COc1ccc(C2Sc3ccccc3N(CC[NH+](C)C)C(=O)C2OC(C)=O)cc1,,415.16860476408993,False,[]
3076,COc1ccc(C2Sc3ccccc3N(CCN(C)C)C(=O)C2OC(C)=O)cc1,,414.1613283119999,False,[]
3077,[H]/N=C(\N)SCCCN(C)C,,161.09866848,False,[]
3078,COc1ccc2c(=O)c(C)c(-c3ccccc3)oc2c1CN(C)C,,323.152143532,False,[]
3079,Cc1ccc2c(c1)C13CCCCC1C(C2)N(C)CC3,,255.19869979999999,False,[]
3082,CNC(=O)CSP(=S)(OC)OC,,228.99962187399998,False,[]
3083,COc1cc(C(CN(CC(=O)[O-])CC(=O)[O-])N(CC(=O)[O-])CC(=O)[O-])c([N+](=O)[O-])cc1OC.[Na+].[Na+].[Na+].[Na+],,561.055950168,False,[]
3084,COc1cc(C(CN(CC(=O)O)CC(=O)O)N(CC(=O)O)CC(=O)O)c([N+](=O)[O-])cc1OC,,473.1281731759999,False,[]
3087,CCCCCCCCCCCCCCCCCC(=O)OCC(C[N+](C)(C)CCO)OC(=O)CCCCCCCCCCCCCCCCC,,696.65005127209,False,[]
3088,COc1cc2[nH]c3c(c2cc1OC)CCN1CC2C(C)OC=C(C(=O)OCCN(C)C)C2CC31,,469.25767121999996,False,[]
3089,CC(CN1c2ccccc2Sc2ccc(S(=O)(=O)N(C)C)cc21)N(C)C,,391.13881904000004,False,[]
3091,CCCCN(CCN(CCCC)C(=O)N1CCOCC1)C(=O)N1CCOCC1,,398.28930569599993,False,[]
3092,Cc1c(C(N)=O)cc([N+](=O)[O-])cc1[N+](=O)[O-],,225.038570324,False,[]
3093,CCCCCCCC(=O)OCCOC(=O)CCCCCCC,,314.245709568,False,[]
3094,CCCCCCCCNCCCCCCCC,,241.27695012,False,[]
3095,COc1cccc2c(-c3ccc4c(c3O)C(C)NC(C)C4)c(C)cc(OC)c12,,377.199093724,False,[]
3097,COc1cccc(C(=O)c2ccccc2O)c1O,,244.073558864,False,[]
3098,CCCCCCCCCCCCCCCC(=O)OCC(COP(=O)([O-])O)OC(=O)CCCCCCCCCCCCCCC.[Na+],,670.4549500459999,False,[]
3099,CCCCCCCCCCCCCCCC(=O)OCC(COP(=O)(O)O)OC(=O)CCCCCCCCCCCCCCC,,648.4730057979999,False,[]
3100,CN(C)CCOC(c1ccccc1)c1ccccc1,,255.162314292,False,[]
3101,c1ccc2c(c1)[I+]c1ccccc1-2,,278.96652467609,False,[]
3102,O=C(c1ccccc1)c1ccccc1,,182.07316494,False,[]
3103,CN1CCC(OC(c2ccccc2)c2ccccc2)CC1,,281.177964356,False,[]
3104,Nc1ncnc2c1ncn2C1OC(COP(=O)(O)CP(=O)(O)OP(=O)(O)O)C(O)C1O,,505.0164809059998,False,[]
3105,CNCC(O)c1ccc(OC(=O)C(C)(C)C)c(OC(=O)C(C)(C)C)c1,,351.204573028,False,[]
3106,CCCN(CCC)CCc1ccc(O)c(O)c1,,237.172878976,False,[]
3107,CCC(C)C(N)C(=O)N1CCCC1C(=O)NC(C(=O)O)C(C)CC,,341.231456472,False,[]
3108,OCCN(CCO)c1nc(N2CCCCC2)c2nc(N(CCO)CCO)nc(N3CCCCC3)c2n1,,504.31725176000003,False,[]
3109,[O-][n+]1ccccc1SSc1cccc[n+]1[O-],,252.002719496,False,[]
3110,Cc1c(N(C)CS(=O)(=O)[O-])c(=O)n(-c2ccccc2)n1C,,310.08670057191006,False,[]
3111,Cc1c(N(C)CS(=O)(=O)O)c(=O)n(-c2ccccc2)n1C,,311.093977024,False,[]
3112,CC1=NC(CC2=NCC(CCC(=O)O)=C2CC(=O)O)C(CCC(=O)O)=C1CC(=O)O,,420.1532657279999,False,[]
3114,CC(C)N(CCC(C(N)=O)(c1ccccc1)c1ccccn1)C(C)C,,339.231062548,False,[]
3115,[H]/N=C(\N)CCNC(=O)c1cc(NC(=O)c2cc(NC(=O)c3cc(NC=O)cn3C)cn2C)cn1C,,481.21860034400004,False,[]
3116,CN(CCCCCCN(C)C(=O)Oc1ccc[n+](C)c1)C(=O)Oc1ccc[n+](C)c1,,416.24125834418,False,[]
3117,CCN(CC)C(=S)SSC(=S)N(CC)CC,,296.05093264,False,[]
3118,CCOP(=S)(OCC)SCCSCC,,274.028479478,False,[]
3119,COc1ccc2[nH]c3ccc4cc[n+](CCN5CCC(C6CCN(CC[n+]7ccc8ccc9[nH]c%10ccc(OC)cc%10c9c8c7)CC6)CC5)cc4c3c2c1,,718.39842768018,False,[]
3120,CN(C)C(=O)Nc1ccc(Cl)c(Cl)c1,,232.0170183,False,[]
3122,NC(CCCCCP(=O)(O)O)C(=O)O,,225.076609242,False,[]
3123,NC(CCCCCCP(=O)(O)O)C(=O)O,,239.092259306,False,[]
3125,CC(N)(Cc1ccc(O)cc1)C(=O)O,,195.089543276,False,[]
3126,CCCCCCCCCCCCCCCC(O)C(N)CO,,301.298079488,False,[]
3127,CC(N)Cc1ccc(Cl)cc1,,169.065827064,False,[]
3128,CNC(C)Cc1ccc(Cl)cc1,,183.081477128,False,[]
3129,CCCCCCCCCC(=O)NC(CN1CCOCC1)C(O)c1ccccc1,,390.28824307599996,False,[]
3130,CCCCCCCCCCCCCCCC(=O)NC(CN1CCOCC1)C(O)c1ccccc1,,474.38214345999995,False,[]
3131,CCCCCCCCCCCCCCCCCC(=O)CC(CC(=O)O)C[N+](C)(C)C,,426.39417094409,False,[]
3132,O=C(O)CNC(=O)C(CS)Cc1ccccc1,,253.07726434,False,[]
3133,COc1ccc(C=CC(=O)OCCc2ccccc2)cc1OC,,312.13615911999995,False,[]
3134,CN(C)c1ncnc2nc[nH]c12,,163.08579528799999,False,[]
3135,CN(C)c1ccc(C=C2C(=O)Nc3ccccc32)cc1,,264.126263132,False,[]
3136,COC1=C(OC)C(=O)c2ccccc2C1=O,,218.0579088,False,[]
3137,O=C1N(Cc2ccc(CO)cc2)C(Cc2ccccc2)C(O)C(O)C(Cc2ccccc2)N1Cc1ccc(CO)cc1,,566.278072316,False,[]
3138,Nc1cccc(CN2C(Cc3ccccc3)C(O)C(O)C(Cc3ccccc3)N(Cc3cccc(N)c3)C2O)c1,,538.294391076,False,[]
3139,COc1cc(OC)c2cc(-c3ccncc3)cnc2c1,,266.105527688,False,[]
3140,O=C1N=c2cc([N+](=O)[O-])c([N+](=O)[O-])cc2=NC1=O,,249.997433784,False,[]
3141,CC(CNCCc1ccc(O)c(O)c1)Cc1cccc(O)c1,,301.167793596,False,[]
3142,CCOC(=O)Oc1ccc(CCNC(=O)C(CCSC)NC(C)=O)cc1OC(=O)OCC,,470.1722869199999,False,[]
3144,CCC=CCC=CCC=CCC=CCC=CCC=CCCC(=O)O,,328.24023026399993,False,[]
3145,CCC=CCC=CCC=CCC=CCC=CCCCCCC(=O)O,,330.25588032799993,False,[]
3146,CCC=CCC=CCC=CCCCCCCCCCCCC(=O)O,,334.28718045599993,False,[]
3147,CCN1C(=CC=CC=Cc2oc3ccccc3[n+]2CC)Oc2ccccc21,,359.17540439609,False,[]
3148,O=C(OC1CC2CC3CC(C1)N2CC3=O)c1c[nH]c2ccccc12,,324.1473925,False,[]
3149,CCCCCCCCCCCC[N+](C)(C)CCOc1ccccc1,,334.31044132009,False,[]
3150,CC(=CC=CC(C)C(=O)O)C1CNC(C(=O)O)C1CC(=O)O,,311.13688739199995,False,[]
3151,O=c1[nH]c2ccccc2n1CCCN1CCC(n2c(=O)[nH]c3cc(Cl)ccc32)CC1,,425.161852688,False,[]
3152,COc1cc2c(cc1OC)C(=O)C(CC1CCN(Cc3ccccc3)CC1)C2,,379.214743788,False,[]
3153,NC1CCc2cc(O)c(O)cc2C1,,179.094628656,False,[]
3154,CCNC1CC(C)S(=O)(=O)c2sc(S(N)(=O)=O)cc21,,324.02721999199997,False,[]
3155,CN(C)CCC=C1c2ccccc2CSc2ccccc21,,295.139470672,False,[]
3156,CCN1CC(CCN2CCOCC2)C(c2ccccc2)(c2ccccc2)C1=O,,378.23072819999993,False,[]
3157,COc1cc2nc(N3CCN(C(=O)C4COc5ccccc5O4)CC3)nc(N)c2cc1OC,,451.1855689,False,[]
3158,CN(C)CCC=C1c2ccccc2COc2ccccc21,,279.162314292,False,[]
3159,CC1OC(n2cc(F)c(=O)[nH]c2=O)C(O)C1O,,246.065199672,False,[]
3160,COc1cccc2c1C(=O)C1C(O)=C3C(=C(O)C1C2=O)CC(O)(C(=O)CO)CC3OC1CC(N)C(O)C(C)O1,,545.1897108119998,False,[]
3162,CN(C)CCOC(C)(c1ccccc1)c1ccccn1,,270.173213324,False,[]
3163,COc1cc(OC)cc(C(CNc2ncnc3c2ncn3C2OC(CO)C(O)C2O)c2ccccc2C)c1,,521.2274337119999,False,[]
3164,O=C1NCC(OCCCCN2CCCCC2)c2ccccc21,,302.199428072,False,[]
3165,OCC1OC(n2cnc3cc(Cl)c(Cl)cc32)C(O)C1O,,318.01741222399994,False,[]
3166,CCN(CC)CCOC(=O)C(c1ccccc1)C1CCCCC1,,317.23547923200005,False,[]
3167,CC1CC2(C)C(CCC3C4CCC(O)C4(C)CCC32)CC1=O,,304.240230264,False,[]
3168,O=C(CCCN1CC=C(n2c(=O)[nH]c3ccccc32)CC1)c1ccc(F)cc1,,379.16960516399996,False,[]
3169,OCC(O)CN1CCN(c2ccccc2)CC1,,236.15247788,False,[]
3170,CCC(=O)OC1CCC2C3CCC4CC(=O)C(C)CC4(C)C3CCC12C,,360.26644501199996,False,[]
3171,NC(C(=O)O)C(O)c1ccc(O)c(O)c1,,213.063722452,False,[]
3172,CCN(CCCl)Cc1ccccc1Br,,275.00763926,False,[]
3173,CN(CC(=O)[O-])C(=S)[S-].[Na+].[Na+],,208.95570895999998,False,[]
3174,CN(CC(=O)O)C(=S)S,,164.991820464,False,[]
3175,COC(=O)C1(C)Nc2c(O)cc3c(c2C1=O)C(C)CN3C(=O)c1cc2cc(OC)c(OC)c(OC)c2[nH]1,,509.17981482399995,False,[]
3176,COC(=O)c1cc2c3c(cc(O)c2[nH]1)N(C(=O)c1cc2cc(OC)c(OC)c(OC)c2[nH]1)CC3C,,479.16925014,False,[]
3177,CS(=O)(=O)c1ccc(-c2cc(Br)sc2-c2ccc(F)cc2)cc1,,409.94461194400003,False,[]
3178,CC(N)n1ccc(Oc2ccc(C(Cc3ccc4ccc(C(N)=[NH2+])cc4c3)C(=O)O)cc2)c1,,443.20776714409,False,[]
3179,[H]/N=C(\N)c1ccc2ccc(CC(C(=O)O)c3ccc(Oc4ccn(C(C)N)c4)cc3)cc2c1,,442.2004906920001,False,[]
3180,CCCCOc1ccc(C(=O)CCN2CCCCC2)cc1,,289.20417910400005,False,[]
3181,CC(=O)C1CCC2C3C=CC4=CC(=O)CCC4(C)C3CCC12C,,312.208930136,False,[]
3182,Cn1c(=O)c2c(ncn2CC(O)CO)n(C)c1=O,,254.101504928,False,[]
3183,O=c1[nH]c(=O)n(C2CC(O)C(CO)O2)cc1C=CBr,,332.00078361600004,False,[]
3184,Cc1cccc(CC[NH+]2CCC(C(=O)c3ccc(NS(C)(=O)=O)cc3)CC2)[nH+]1,,403.19186562818,False,[]
3185,Cc1cccc(CCN2CCC(C(=O)c3ccc(NS(C)(=O)=O)cc3)CC2)n1,,401.177312724,False,[]
3186,CC(C)CC(NC(=O)C(O)CC(=O)O)C(=O)NCCCC[NH+]=C(N)N,,360.22414548009004,False,[]
3187,CC(C)CC(NC(=O)C(O)CC(=O)O)C(=O)NCCCCN=C(N)N,,359.2168690280001,False,[]
3188,CC(C)CCNC(=O)C(CC(C)C)NC(=O)C1OC1C(=O)O,,314.18417193199997,False,[]
3189,CCOC(=O)C1OC1C(=O)NC(CC(C)C)C(=O)NCCC(C)C,,342.21547205999997,False,[]
3190,COc1cc2c3cc1Oc1c(OC)c(OC)cc4c1C(Cc1ccc(OC(=O)c5ccc([N+](=O)[O-])cc5)c(c1)Oc1ccc(cc1)CC3N(C)CC2)N(C)CC4,,757.2999299559998,False,[]
3191,CC(C)(C)c1ccc(C(=O)CCCN2CCC(OC(c3ccccc3)c3ccccc3)CC2)cc1,,469.29807948800004,False,[]
3192,CCC(C)C(O)C(C)C(=O)C(C)C=C(C)CC(C)C1OC(=O)C1C,,338.24570956799994,False,[]
3193,CCC(C)C(O)C(C)C(=O)C(C)C=C(C)CC(C)C1OC(=O)C1CC,,352.26135963199994,False,[]
3194,O=c1c2ccccc2[se]n1-c1ccccc1,,274.984935208,False,[]
3195,CCC12CCCN3CCc4c(n(c5ccccc45)C(=O)C1)C32,,294.17321332399996,False,[]
3196,CC(C)c1cc2c(cc1S(=O)(=O)O)C1(C)CCC(C)(C(=O)O)CC1CC2,,380.16574499599994,False,[]
3198,Clc1ccc(COC(Cn2ccnc2)c2ccc(Cl)cc2Cl)cc1,,380.02499614,False,[]
3199,COc1cc2c(cc1O)CCNC21CSC2c3c(OC(C)=O)c(C)c4c(c3C(COC1=O)N1C(O)C3Cc5cc(C)c(OC)c(O)c5C(C21)N3C)OCO4,,761.261830196,False,[]
3200,CC1=NC(c2ccccc2)C(=O)C1,,173.084063972,False,[]
3201,CCc1cn(C2OCC(O)C2CO)c(=O)[nH]c1=O,,256.10592161200003,False,[]
3202,CC[N+](C)(C)c1cccc(O)c1,,166.12264055209,False,[]
3203,O=C1Nc2ccc(Cl)cc2C(C#CC2CC2)(C(F)(F)F)O1,,315.027390868,False,[]
3204,CC1=C(C(=O)OCCN(Cc2ccccc2)c2ccccc2)C(c2cccc([N+](=O)[O-])c2)C(P2(=O)OCC(C)(C)CO2)=C(C)C1,,630.249488218,False,[]
3205,NC(Cc1ccccc1)C(=O)NCCOCCOCCNC(=O)c1ccc(S(N)(=O)=O)cc1,,478.1886056799999,False,[]
3206,CCCCCCC(C(C)O)n1cnc2c(N)ncnc21,,277.190260356,False,[]
3207,CCCCCCCCCCCC=CCC=CCCCC(=O)O,,308.271530392,False,[]
3208,CCCCCC=CCC=CCCCCCCCCCC(=O)O,,308.271530392,False,[]
3209,CCC=CCC=CCC=CCC=CCC=CCCCC(=O)O,,302.2245802,False,[]
3210,CCC=CCC=CCC=CCCCCCCCCCC(=O)O,,306.255880328,False,[]
3211,CC(C)CC(NC(=O)NC(C(=O)NC(CCC(N)=O)C(=O)NC(C)C=O)C1CCN=C(N)N1)C(=O)O,,512.270695492,False,[]
3213,Cc1c2ccncc2c(C)c2c1[nH]c1ccccc12,,246.115698448,False,[]
3218,CCCCCCCCCCCC1=C(O)C(=O)C=C(O)C1=O,,294.183109312,False,[]
3219,CCOCCn1c(N2CCCN(C)CC2)nc2ccccc21,,302.210661452,False,[]
3220,Cc1cc(O)c2c(c1)C(=O)c1cc(O)cc(O)c1C2=O,,270.05282342,False,[]
3221,CCOc1c(N2CCOCC2)cnn(C)c1=O,,239.126991404,False,[]
3222,CCOC(=O)C(CCc1ccccc1)NC(C)C(=O)N1CCCC1C(=O)O,,376.19982199599997,False,[]
3223,O=C(CCCCCCC(=O)Nc1ccc(C2OC(CSc3nc(-c4ccccc4)c(-c4ccccc4)o3)CC(c3ccc(CO)cc3)O2)cc1)NO,,721.282171716,False,[]
3224,O=S1OCC2C(CO1)C1(Cl)C(Cl)=C(Cl)C2(Cl)C1(Cl)Cl,,403.816881132,False,[]
3225,O=C(O)C1C2CCC(O2)C1C(=O)O,,186.05282342,False,[]
3226,FC(F)OC(F)(F)C(F)Cl,,183.971433464,False,[]
3227,CC(C)C1OC(=O)C(C(C)C)N(C)C(=O)C(C(C)C)OC(=O)C(C(C)C)N(C)C(=O)C(C(C)C)OC(=O)C(C(C)C)N(C)C1=O,,639.409480404,False,[]
3228,CCCCCCCCCCCCCCCCCCCCCC(=O)Nc1ccn(C2OC(CO)C(O)C2O)c(=O)n1,,565.4090864799999,False,[]
3229,CCn1cc(C(=O)O)c(=O)c2cc(F)c(N3CCNCC3)nc21,,320.12846862400005,False,[]
3230,CC1(C(=O)O)CCC2(C)CCC3(C)C(=CC(=O)C4C5(C)CCC(O)C(C)(C)C5CCC43C)C2C1,,470.33960995199993,False,[]
3231,COC(=O)CCC=C=CCC1C(=O)CC(O)C1C=CC(O)COc1ccccc1,,400.18858861599995,False,[]
3232,C=C1C(=O)C23CCC4C(C)(C(=O)O)CCCC4(C)C2CCC1C3,,316.20384475599997,False,[]
3233,C=C1CC23CCC4C(C)(C)C(O)C(=O)CC4(C)C2CC1CC3=O,,316.20384475599997,False,[]
3234,NCCC(O)C(N)CC(=O)NC1CNC(=O)C(C2CCN=C(N)N2)NC(=O)C(=CNC(N)=O)NC(=O)C(CO)NC(=O)C(CO)NC1=O,,685.3255845760001,False,[]
3235,CC(=Cc1ccccc1)C=C1SC(=S)N(CC(=O)O)C1=O,,319.03368527599997,False,[]
3236,CCc1ccc(C(=O)C(C)CN2CCCCC2)cc1,,259.19361442,False,[]
3237,CC(C)CC(N)C(O)C(=O)NC(C(=O)NC(C(=O)NC(CC(=O)O)C(=O)O)C(C)C)C(C)C,,474.2689641759999,False,[]
3238,CC(C)CC(NC(=O)C(O)C(N)Cc1ccccc1)C(=O)O,,308.17360724799994,False,[]
3239,CC(C)C(C)C(O)C(O)C(C)C1CCC2C3COC(=O)C4CC(O)C(O)CC4(C)C3CCC12C,,480.34508925599994,False,[]
3240,CC(C)CCCC(C)C1CCC2C3CCC4CC(O)CCC4(C)C3CCC12C,,388.370516156,False,[]
3241,NC1=NCC2c3ccccc3Cc3ccccc3N12,,249.12659748,False,[]
3242,COc1cc(C)nc(-n2nc(C)cc2OC)n1,,234.111675688,False,[]
3243,CC12CCC3C(CCC4CC5SC5CC43C)C1CCC2O,,306.20173658,False,[]
3244,CCC(C)C(NC(=O)C(C(C)CC)N(C)C(C)=O)C(=O)NC(C(C)=O)C(=O)NC(CC(C)C)C1(O)OC(C)C(C=O)NC1(C)CO,,655.415628404,False,[]
3245,CCOC(CN1CCN(CC(C)C(=O)c2ccccc2)CC1)c1ccccc1,,380.246378264,False,[]
3246,CN1CCC2(C)CC(Cc3ccc(O)cc32)C1,,231.162314292,False,[]
3247,CC12CCC3C(=CCc4cc(O)ccc43)C1CCC2=O,,268.14632988,False,[]
3248,COC(=O)C=Cc1cc(O)ccc1O,,194.0579088,False,[]
3249,C=C1CCC(O)CC1=CC=C1CCCC2(C)C1CCC2C(C)C=CC(C)C(C)C,,396.339216028,False,[]
3250,CC(CO)NC(=O)C1C=C2c3cccc4[nH]cc(c34)CC2N(C)C1,,325.17902697600005,False,[]
3251,CN1CC(C(=O)NC2(C)OC3(O)C4CCCN4C(=O)C(Cc4ccccc4)N3C2=O)C=C2c3cccc4[nH]cc(c34)CC21,,581.2638192200001,False,[]
3254,CC1OC(OC2CCC3(C=O)C4CCC5(C)C(C6=CC(=O)OC6)CCC5(O)C4CCC3(O)C2)CC(O)C1COCC1OC(CO)CC(O)C1O,,708.372091852,False,[]
3255,CCC1OC(=O)C(C)C(OC2CC(C)(OC)C(O)C(C)O2)C(C)C(OC2OC(C)CC(N(C)C)C2O)C(C)(O)CC(C)C(=O)C(C)C(O)C1(C)O,,733.4612412040001,False,[]
3257,CCC1OC(=O)C(C)C(OC2CC(C)(OC)C(O)C(C)O2)CC(OC2OC(C)CC(N(C)C)C2O)C(C)(O)CC(C)C(=O)C(C)CC1(C)O,,703.45067652,False,[]
3258,CCC(=O)OC1C(OC2C(C)C(OC3CC(C)(OC)C(O)C(C)O3)C(C)C(=O)OC(CC)C(C)(O)C(O)C(C)C(=O)C(C)CC2(C)O)OC(C)CC1N(C)C,,789.487455952,False,[]
3260,OCC1OC(n2cnc3c2ncn2ccnc32)C(O)C1O,,291.096753896,False,[]
3261,Clc1ccc2c(c1)C(c1ccccc1)=NCc1nncn1-2,,294.06722403200007,False,[]
3262,CC12CCC3c4ccc(OC(=O)c5ccccc5)cc4CCC3C1CCC2O,,376.20384475599997,False,[]
3263,CC12CCC3c4ccc(O)cc4CCC3C1CCC2OC(=O)CCC1CCCC1,,396.26644501199996,False,[]
3264,CC(=O)Oc1ccc2c(c1)CCC1C2CCC2(C)C(OC(C)=O)CCC12,,356.19875937599994,False,[]
3265,CCC(=O)Oc1ccc2c(c1)CCC1C2CCC2(C)C(OC(=O)CC)CCC12,,384.23005950399994,False,[]
3266,CCC(=O)OC1CCC2C3CCc4cc(O)ccc4C3CCC12C,,328.20384475599997,False,[]
3267,CCCCC(=O)OC1CCC2C3CCc4cc(O)ccc4C3CCC12C,,356.23514488399996,False,[]
3268,CC12CCC3c4ccc(OC(=O)N(CCCl)CCCl)cc4CCC3C1CCC2OP(=O)(O)O,,519.1344297339999,False,[]
3269,CC12CCC3c4ccc(O)cc4CCC3C1CC(O)C2O,,288.17254462799997,False,[]
3270,CC(=O)OC1CC2C3CCc4cc(OC(=O)c5ccccc5)ccc4C3CCC2(C)C1OC(C)=O,,476.21988874399995,False,[]
3271,CC12CCC3c4ccc(OCc5ccccc5)cc4CCC3C1CC(O)C2O,,378.21949481999997,False,[]
3272,CCC(=O)Oc1ccc2c(c1)CCC1C2CCC2(C)C1CC(OC(=O)CC)C2OC(=O)CC,,456.2511888719999,False,[]
3273,CC(=O)Oc1ccc2c(c1)CCC1C2CCC2(C)C(=O)CCC12,,312.17254462799997,False,[]
3274,CC12CCC3c4ccc(OC(=O)CCC(=O)O)cc4CCC3C1CCC2=O,,370.178023932,False,[]
3275,CCN(CC)CCOc1ccccc1C(=O)CCc1ccccc1,,325.20417910400005,False,[]
3276,O=C(Cn1ccnc1[N+](=O)[O-])NCCO,,214.0702048,False,[]
3277,CCOC(=O)c1cnc2c(cnn2CC)c1NN=C(C)C,,289.15387484800004,False,[]
3278,C=C(CC)C(=O)c1ccc(OCC(=O)O)c(Cl)c1Cl,,302.011264224,False,[]
3279,CCC(CO)NCCNC(CC)CO,,204.183778008,False,[]
3280,CCOc1ccc(Cc2nccc3cc(OCC)c(OCC)cc23)cc1OCC,,395.209658408,False,[]
3282,CCOc1ccccc1C(N)=O,,165.078978592,False,[]
3284,C#CC1(OC(N)=O)CCCCC1,,167.094628656,False,[]
3285,C#CC1(O)CCC2C3CCc4cc(O)ccc4C3CCC21C,,296.177630008,False,[]
3286,CCOP(=S)(OCC)SCSP(=S)(OCC)OCC,,383.9876164439999,False,[]
3288,C#CC1(O)CCC2C3CCC4=CC(=O)CCC4(C)C3CCC21C,,312.208930136,False,[]
3289,CCCSP(=O)(OCC)SCCC,,242.05640847799998,False,[]
3290,CCN(CC)C(C)CN1c2ccccc2Sc2ccccc21,,312.16601976799996,False,[]
3292,CCN1C(=O)NC(c2ccccc2)C1=O,,204.089877624,False,[]
3293,CCOc1ccc2c(c1)C(C)=CC(C)(C)N2,,217.146664228,False,[]
3294,CCOc1ccc2nc3ccc(=O)cc-3oc2c1,,241.073893212,False,[]
3295,CCOc1ccc2nc(S(N)(=O)=O)sc2c1,,258.01328418,False,[]
3296,CCOC(=O)c1[nH]c(C)c(C(=O)OC(C)(C)C)c1CC(=O)OC,,325.15253745599995,False,[]
3298,CCC=CCC=CCC=CCC=CCC=CCCCC(=O)OCC,,330.255880328,False,[]
3299,CCOC(=O)C1N=C(c2ccccc2F)c2cc(Cl)ccc2NC1=O,,360.06769820799997,False,[]
3300,CCOC(=O)c1ccc(NC(=O)CN2CCCCC2)cc1,,290.163042564,False,[]
3302,CCC1(O)CCC2C3CCC4=CCCCC4C3CCC21C,,288.245315644,False,[]
3303,CCOc1ccc2c3c1OC1C(O)C=CC4C(C2)N(C)CCC341,,313.167793596,False,[]
3304,C#CC1(OC(C)=O)CCC2C3CCC4=CC(OC(C)=O)CCC4C3CCC21C,,384.230059504,False,[]
3305,CC(O)(P(=O)(O)O)P(=O)(O)O,,205.974525856,False,[]
3306,CCNCC(O)c1cccc(O)c1,,181.11027872,False,[]
3307,CCc1cc2c(s1)-n1c(C)nnc1CN=C2c1ccccc1Cl,,342.07059516000004,False,[]
3308,CCc1cccc2c3c([nH]c12)C(CC)(CC(=O)O)OCC3,,287.152143532,False,[]
3309,CCN1C(=O)c2ccccc2C1Nc1ccc(OCCN2CCCCC2)cc1,,379.22597716800004,False,[]
3310,COc1cc(C2c3cc4c(cc3C(OC3OC5COC(C)OC5C(O)C3O)C3COC(=O)C23)OCO4)cc(OC)c1O,,588.1842910839998,False,[]
3311,CCS/C(N)=N\c1ccc(C(F)(F)F)cc1,,248.059504012,False,[]
3312,CCOC(=O)C=C(C)C=CC=C(C)C=Cc1c(C)cc(OC)c(C)c1C,,354.21949481999997,False,[]
3313,CC1C(OC(=O)C(O)c2ccccc2)CCC(C)(C)N1C,,291.18344366,False,[]
3314,C=CCc1ccc(O)c(OC)c1,,164.083729624,False,[]
3316,CCCCCCOc1ccccc1C(N)=O,,221.141578848,False,[]
3317,CCCCC=CC=CCC(=O)OC12CC(C)C3(O)C(C=C(CO)CC4(O)C(=O)C(C)=CC43)C1C2(C)C,,498.2981390639999,False,[]
3318,CCCCCC=CCC=CCC=CCC=CCCC(C)C(=O)NCCF,,363.293743056,False,[]
3321,C=CC(O)C#CC#CC(O)C=CCCCCCCC,,260.177630008,False,[]
3322,C=CC(O)C#CC#CCC=CCCCCCCC,,244.182715388,False,[]
3323,C=C1C(=CC=C2CCCC3(C)C2CCC3C(C)CCCC(O)(C(F)(F)F)C(F)(F)F)CC(O)CC1O,,524.2725143959999,False,[]
3324,CC(=O)OCC(CCn1cnc2cnc(N)nc21)COC(C)=O,,321.143704088,False,[]
3325,NC(N)=Nc1nc(CSCCC(N)=NS(N)(=O)=O)cs1,,337.04493571999996,False,[]
3326,CC(C)c1c(CN(C)C(C)Cc2ccccc2)n(C)n(-c2ccccc2)c1=O,,377.246712612,False,[]
3327,CC(C)=CCCC(C)=CCCC(C)=CCO,,222.198365452,False,[]
3328,CC(C)=CCCC(C)=CCCC(C)=CCSCC(=O)O,,296.18100113599996,False,[]
3329,CC(O)C1C(=O)N2C(C(=O)O)=C(C3CCCO3)SC12,,285.06709358000006,False,[]
3330,N#CC(C#N)=NNc1ccc(OC(F)(F)F)cc1,,254.04154544,False,[]
3331,NC(=O)OCC(COC(N)=O)c1ccccc1,,238.095356928,False,[]
3332,O=C(O)Cc1ccc(-c2ccccc2)cc1,,212.083729624,False,[]
3333,CCOC(=O)C1=C(C)NC(C)=C(C(=O)OC)C1c1cccc(Cl)c1Cl,,383.069113448,False,[]
3334,COC(=O)Nc1nc2ccc(Sc3ccccc3)cc2[nH]1,,299.0728476560001,False,[]
3335,O=C(O)CCC(=O)c1ccc(-c2ccccc2)cc1,,254.094294308,False,[]
3336,CC(NCCC(c1ccccc1)c1ccccc1)c1ccccc1,,315.1986998,False,[]
3337,CCNC(C)Cc1cccc(C(F)(F)F)c1,,231.123484172,False,[]
3338,CCCCC(O)c1ccccc1,,164.120115132,False,[]
3339,CC(C)OC(=O)C(C)(C)Oc1ccc(C(=O)c2ccc(Cl)cc2)cc1,,360.112836832,False,[]
3340,Oc1ccc(C2C[NH2+]CCc3c2cc(O)c(O)c3Cl)cc1,,306.08914750409,False,[]
3341,Oc1ccc(C2CNCCc3c2cc(O)c(O)c3Cl)cc1,,305.081871052,False,[]
3342,CC(C(=O)O)c1cccc(Oc2ccccc2)c1,,242.094294308,False,[]
3343,CC(Cc1ccc(O)cc1)NCC(O)c1cc(O)cc(O)c1,,303.147058152,False,[]
3344,O=C1NCC2(CCN(CCc3ccccc3)CC2)O1,,260.15247788,False,[]
3345,CCC(=O)N(c1ccccc1)C1CCN(CCc2ccccc2)CC1,,336.22016351599996,False,[]
3346,COP(=S)(OC)Oc1ccc(SC)c(C)c1,,278.02002297,False,[]
3347,CC(C)C(C(=O)OC(C#N)c1cccc(Oc2ccccc2)c1)c1ccc(Cl)cc1,,419.128821244,False,[]
3348,CC(C)(C(=O)O)c1ccc(C(O)CCCN2CCC(C(O)(c3ccccc3)c3ccccc3)CC2)cc1,,501.287908728,False,[]
3349,NC(=O)C1CC2(NC(=O)NC2=O)c2cc(F)ccc2O1,,279.06553402,False,[]
3350,CC(C)(C)NC(=O)C1CCC2C3CCC4NC(=O)C=CC4(C)C3CCC12C,,372.277678392,False,[]
3351,O=C(COc1ccc(Cl)cc1)N1CCN(Cc2ccc3c(c2)OCO3)CC1,,388.11898483199997,False,[]
3352,N#Cc1nn(-c2c(Cl)cc(C(F)(F)F)cc2Cl)c(N)c1S(=O)C(F)(F)F,,435.938706428,False,[]
3354,Cc1c(-c2ccccc2)oc2c(C(=O)OCCN3CCCCC3)cccc2c1=O,,391.17835828,False,[]
3355,O=C([NH2+]CC1CCCCN1)c1cc(OCC(F)(F)F)ccc1OCC(F)(F)F,,415.14508827209,False,[]
3356,O=C(NCC1CCCCN1)c1cc(OCC(F)(F)F)ccc1OCC(F)(F)F,,414.13781181999997,False,[]
3357,CN1CCN(c2c(F)cc3c(=O)c(C(=O)O)cn(CCF)c3c2F)CC1,,369.130026096,False,[]
3358,COc1ccc2[nH]c3ccc4cc[n+](CC[NH2+]CCCCCC[NH2+]CC[n+]5ccc6ccc7[nH]c8ccc(OC)cc8c7c6c5)cc4c3c2c1,,668.3816804563601,False,[]
3359,COc1ccc2[nH]c3ccc4cc[n+](CCNCCCCCCNCC[n+]5ccc6ccc7[nH]c8ccc(OC)cc8c7c6c5)cc4c3c2c1,,666.36712755218,False,[]
3360,O=C(OCC(O)CO)c1ccccc1Nc1ccnc2c(C(F)(F)F)cccc12,,406.11404168400003,False,[]
3361,COC1(NC(=O)CSCF)C(=O)N2C(C(=O)O)=C(CSc3nnnn3CCO)COC21,,478.0740671680001,False,[]
3362,CCC(=O)c1c(O)cc(O)cc1O,,182.0579088,False,[]
3363,O=c1[nH]c(=O)n(C2CC(O)C(CO)O2)cc1F,,246.065199672,False,[]
3364,Cc1onc(-c2c(F)cccc2Cl)c1C(=O)NC1C(=O)N2C1SC(C)(C)C2C(=O)O,,453.05614754399994,False,[]
3365,OC(Cn1cncn1)(Cn1cncn1)c1ccc(F)cc1F,,306.10406544399996,False,[]
3367,Nc1nc(F)nc2c1ncn2C1OC(CO)C(O)C1O,,285.08733208399997,False,[]
3368,Nc1nc(F)nc2c1ncn2C1OC(COP(=O)(O)O)C(O)C1O,,365.0536626059999,False,[]
3369,CN1C(=O)CN=C(c2ccccc2F)c2cc(Cl)ccc21,,302.062218904,False,[]
3370,CC(=O)OCC(=O)C1(O)CCC2C3CCC4=CC(=O)CCC4(C)C3(F)C(O)CC21C,,422.21046693200003,False,[]
3371,O=C(O)c1ccccc1Nc1cccc(C(F)(F)F)c1,,281.06636322,False,[]
3372,OCCN1CCN(CCCN2c3ccccc3Sc3ccc(C(F)(F)F)cc32)CC1,,437.17486811199996,False,[]
3373,CCOC(=O)c1ncn2c1CN(C)C(=O)c1cc(F)ccc1-2,,303.101919528,False,[]
3374,CC1CCc2cc(F)cc3c(=O)c(C(=O)O)cn1c23,,261.080121464,False,[]
3375,CC1CC2C3CC(F)C4=CC(=O)C=CC4(C)C3(F)C(O)CC2(C)C1(O)C(=O)CO,,410.1904804359999,False,[]
3376,CC1CC2C3CC(F)C4=CC(=O)C=CC4(C)C3(F)C(O)CC2(C)C1(O)C(=O)COC(=O)C(C)(C)C,,494.2479953119999,False,[]
3377,Fc1ccc(C(c2ccc(F)cc2)[NH+]2CC[NH+](CC=Cc3ccccc3)CC2)cc1,,406.22095817618,False,[]
3378,Fc1ccc(C(c2ccc(F)cc2)N2CCN(CC=Cc3ccccc3)CC2)cc1,,404.206405272,False,[]
3379,CC1(C)OC2CC3C4CC(F)C5=CC(=O)C=CC5(C)C4C(O)CC3(C)C2(C(=O)CO)O1,,434.2104669319999,False,[]
3380,CN1C(=O)CN=C(c2ccccc2F)c2cc([N+](=O)[O-])ccc21,,313.086269464,False,[]
3381,CC1(C)OC2CC3C4CC(F)C5=CC(=O)C=CC5(C)C4(F)C(O)CC3(C)C2(C(=O)CO)O1,,452.2010451199999,False,[]
3382,CC(=O)OCC(=O)C12OC(C)(C)OC1CC1C3CC(F)C4=CC(=O)C=CC4(C)C3(F)C(O)CC12C,,494.211609804,False,[]
3383,O=C(O)c1ccccc1-c1c2ccc(=O)cc-2oc2cc(O)ccc12,,332.068473484,False,[]
3384,CC(=O)C1(O)CCC2C3CC(C)C4=CC(=O)C=CC4(C)C3(F)C(O)CC21C,,376.20498762799997,False,[]
3386,CNCCC(Oc1ccc(C(F)(F)F)cc1)c1ccccc1,,309.134048856,False,[]
3387,CC1(O)CCC2C3CCC4=CC(=O)CCC4(C)C3(F)C(O)CC21C,,336.210073008,False,[]
3388,CCCCCCCCCC(=O)OCCN1CCN(CCCN2c3ccccc3Sc3ccc(C(F)(F)F)cc32)CC1,,591.310633308,False,[]
3389,CCCCCCC(=O)OCCN1CCN(CCCN2c3ccccc3Sc3ccc(C(F)(F)F)cc32)CC1,,549.263683116,False,[]
3390,CC12C=CC(=O)C=C1C(F)CC1C2C(O)CC2(C)C1CCC2(O)C(=O)CO,,378.18425218399994,False,[]
3391,O=C(O)CCCC=CCC1C(O)CC(O)C1C=CC(O)COc1cccc(C(F)(F)F)c1,,458.191623308,False,[]
3392,CC1(C)OC2CC3C4CC(F)C5=CC(=O)CCC5(C)C4C(O)CC3(C)C2(C(=O)CO)O1,,436.2261169959999,False,[]
3393,CCN(CC)CCN1C(=O)CN=C(c2ccccc2F)c2cc(Cl)ccc21,,387.151368256,False,[]
3394,CC(C(=O)O)c1ccc(-c2ccccc2)c(F)c1,,244.089957876,False,[]
3395,CC(=O)OC(C)OC(=O)C(C)c1ccc(-c2ccccc2)c(F)c1,,330.12673730800003,False,[]
3396,O=C1NCN(c2ccccc2)C12CCN(CCCC(c1ccc(F)cc1)c1ccc(F)cc1)CC2,,475.243519052,False,[]
3397,CC(C)C(=O)Nc1ccc([N+](=O)[O-])c(C(F)(F)F)c1,,276.07217687200006,False,[]
3398,O=C1CN2CCOC2(c2ccccc2F)c2cc(Cl)ccc2N1CCO,,376.09899833599997,False,[]
3399,CCC(=O)OC1(C(=O)SCF)C(C)CC2C3CC(F)C4=CC(=O)C=CC4(C)C3(F)C(O)CC21C,,500.18442975199997,False,[]
3400,O=C1CN=C(c2ccccc2F)c2cc(Cl)ccc2N1CC1CC1,,342.093519032,False,[]
3401,Fc1ccc(C(c2ccccc2)(c2ccccc2F)n2ccnc2)cc1,,346.128154952,False,[]
3402,C[N+]1(CCF)C2CCC1CC(OC(=O)C(O)(c1ccccc1)c1ccccc1)C2,,398.21259842809,False,[]
3403,CC(C)n1c(C=CC(O)CC(O)CC(=O)O)c(-c2ccc(F)cc2)c2ccccc21,,411.18458653199997,False,[]
3404,COCCCCC(=NOCCN)c1ccc(C(F)(F)F)cc1,,318.155512572,False,[]
3407,CN(CC(=O)N1CCOCC1)Cc1c(Cl)cccc1NC(=O)c1ccccc1,,401.150619308,False,[]
3408,CC12CCC3C(CCC4=C(O)C(=O)CCC43C)C1CCC2=O,,302.18819469199997,False,[]
3410,COc1ccc(CC(C)NCC(O)c2ccc(O)c(NC=O)c2)cc1,,344.173607248,False,[]
3412,CC(=O)NC(CCCN(O)C=O)C(=O)NC(CO)C(=O)N(O)CCCC1NC(=O)C(CCCN(O)C=O)NC1=O,,575.255105004,False,[]
3413,C=CC1(C)CC(=O)C2(O)C(C)(O1)C(OC(C)=O)C(O)C1C(C)(C)CCC(O)C12C,,410.230453428,False,[]
3416,CCC(=C(CC)c1ccc(OP(=O)(O)O)cc1)c1ccc(OP(=O)(O)O)cc1,,428.0789909239999,False,[]
3418,O=C(O)c1ccccc1OP(=O)(O)O,,217.998024574,False,[]
3419,CCC(=O)OC(OP(=O)(CCCCc1ccccc1)CC(=O)N1CC(C2CCCCC2)CC1C(=O)[O-])C(C)C,,562.2939129899099,False,[]
3420,CCC(=O)OC(OP(=O)(CCCCc1ccccc1)CC(=O)N1CC(C2CCCCC2)CC1C(=O)O)C(C)C,,563.301189442,False,[]
3422,CC(O)(C=CC1CC=CC(=O)O1)C(CC(O)C=CC=CC=CCO)OP(=O)(O)O,,430.1392690739999,False,[]
3423,COC(=O)c1c(C)[nH]c(C)c1C(=O)c1ccccc1Cc1ccccc1,,347.152143532,False,[]
3424,Cc1[nH]c(C)c(C(=O)c2ccccc2Cc2ccccc2)c1C,,303.162314292,False,[]
3425,CC=C1NC(=O)C2CSSCCC=CC(CC(=O)NC(C(C)C)C(=O)N2)OC(=O)C(C(C)C)NC1=O,,540.207626872,False,[]
3426,OCC1(O)OCC(O)C(O)C1O,,180.063388104,False,[]
3427,CC(C)=CCCC(C)=CCCC(C)=CCSc1ncn[nH]1,,305.19256886400007,False,[]
3428,NCCCNCCCNCC(N)CCCN=C(N)N,,273.26409399199997,False,[]
3429,CC(O)C(O)C(O)C(O)CO,,166.084123548,False,[]
3430,COC1C(OC(=O)C=CC=CC=CC=CC(=O)O)CCC2(CO2)C1C1(C)OC1CC=C(C)C,,458.230453428,False,[]
3431,CCCCC(C)C(OC(=O)CC(CC(=O)O)C(=O)O)C(CC(C)CC(O)CCCCC(O)CC(O)C(C)N)OC(=O)CC(CC(=O)O)C(=O)O,,721.388470188,False,[]
3432,CCCCC(C)C(OC(=O)CC(CC(=O)O)C(=O)O)C(CC(C)CCCCCCC(O)CC(O)C(C)N)OC(=O)CC(CC(=O)O)C(=O)O,,705.393555568,False,[]
3433,Cc1nc2c([nH]1)c(=O)n(C)c(=O)n2Cc1ccco1,,260.090940244,False,[]
3434,O=C1OC(CN2CCOCC2)CN1N=Cc1ccc([N+](=O)[O-])o1,,324.10698423199995,False,[]
3435,O=C1OCCN1N=Cc1ccc([N+](=O)[O-])o1,,225.038570324,False,[]
3436,O=C([O-])c1cc2cc(Cc3cccnc3)ccc2o1,,252.06661675991,False,[]
3437,O=C(O)c1cc2cc(Cc3cccnc3)ccc2o1,,253.073893212,False,[]
3439,CN(Cc1coc2nc(N)nc(N)c12)c1ccc(C(=O)NC(CCC(=O)O)C(=O)O)cc1,,442.1600824239999,False,[]
3440,NS(=O)(=O)c1cc(C(=O)O)c(NCc2ccco2)cc1Cl,,330.00772013200003,False,[]
3441,CC(=C(CCO)SSCC1CCCO1)N(C=O)Cc1cnc(C)nc1N,,398.1446326920001,False,[]
3442,CCCCc1ccc(C(=O)O)nc1,,179.094628656,False,[]
3443,CC(=O)OC1CC2(C)C(CC(O)C3C4(C)CCC(O)C(C)C4CCC32C)C1=C(CCC=C(C)C)C(=O)O,,516.3450892559999,False,[]
3444,Clc1ccc(C2(Cn3cncn3)CC(Br)CO2)c(Cl)c1,,374.95407946399996,False,[]
3446,NCC1(CC(=O)O)CCCCC1,,171.125928784,False,[]
3447,CCOC(=O)c1ccc(OC(=O)CCCCCN=C(N)N)cc1,,321.16885621600005,False,[]
3449,COc1ccc2c3c1OC1CC(O)C=CC31CCN(C)C2,,287.152143532,False,[]
3450,CC[N+](CC)(CC)CCOc1cccc(OCC[N+](CC)(CC)CC)c1OCC[N+](CC)(CC)CC,,510.46182204026996,False,[]
3451,CC(C)=CCCC1(C)C=Cc2c(O)c3c(c(CC=C(C)C)c2O1)OC12C(=CC4CC1C(C)(C)OC2(CC=C(C)C(=O)O)C4=O)C3=O,,628.303618368,False,[]
3453,CCCCCC=CCC=CCC=CCCCCC(=O)O,,278.2245802,False,[]
3455,Fc1ccc(C(OCCN2CCN(CCCc3ccccc3)CC2)c2ccc(F)cc2)cc1,,450.24827008399996,False,[]
3456,c1ccc(CCCN2CCN(CCOC(c3ccccc3)c3ccccc3)CC2)cc1,,414.26711370799995,False,[]
3457,CCOCn1c(Cc2cc(C)cc(C)c2)c(C(C)C)c(=O)[nH]c1=O,,330.19434269199996,False,[]
3458,CC(=O)OC1CC2C(C)(C)C(=O)C=CC2(C)C2CCC3(C)C(c4ccoc4)OC(=O)C4OC43C12C,,482.23045342799986,False,[]
3459,CC(C)=CCCC(C)=CCCC(C)=CCCC(=O)OCC=C(C)CCC=C(C)C,,400.334130648,False,[]
3460,COC1=C2CC(C)CC(OC)C(O)C(C)C=C(C)C(OC(N)=O)C(OC)C=CC=C(C)C(=O)NC(=CC1=O)C2=O,,560.27338086,False,[]
3461,Nc1ccn(C2OC(CO)C(O)C2(F)F)c(=O)n1,,263.071762272,False,[]
3462,CCCCC(C)(C)C(O)C=CC1C(O)CC(=O)C1CCCCC=CC(=O)OC,,394.2719243159999,False,[]
3463,Cc1ccc(C)c(OCCCC(C)(C)C(=O)O)c1,,250.156894564,False,[]
3464,NC(N)=NCCSC(CC(=O)O)C(=O)O,,235.062676896,False,[]
3465,CNC1(C)C(O)C(OC2(C)C(N)CC(C)(N)C(COCC3OC(C(C)O)C(O)C(O)C3N)C2O)OCC1(C)O,,566.3526937999999,False,[]
3467,CNC(C)C1CCC(N)C(OC2C(N)CC(N)C(OC3OCC(C)(O)C(NC)C3O)C2O)O1,,477.3162487159999,False,[]
3468,CN(C)c1ccc(C(=C2C=CC(=[N+](C)C)C=C2)c2ccc(N(C)C)cc2)cc1,,372.24342438009,False,[]
3469,O=C(O)c1cc(O)ccc1O,,154.026608672,False,[]
3470,C=C(C)C1CC=C(C)CCC=C(C)CC1,,204.187800768,False,[]
3471,CCCCCC(=O)OC1(C(C)=O)CCC2C3CCC4=CC(=O)CCC4C3CCC21C,,414.27700969599994,False,[]
3473,CCCCCC(O)CC(=O)CCc1ccc(O)c(OC)c1,,294.183109312,False,[]
3474,O=C(OCC(O)CO)c1ccccc1Nc1ccnc2cc(Cl)ccc12,,372.087684704,False,[]
3475,Cc1ccc(S(=O)(=O)NC(=O)NN2CC3CCCC3C2)cc1,,323.13036253200005,False,[]
3476,CCC1=C(C)CN(C(=O)NCCc2ccc(S(=O)(=O)NC(=O)NC3CCC(C)CC3)cc2)C1=O,,490.224991188,False,[]
3477,CN1C(=O)C23CC4=CC=CC(O)C4N2C(=O)C1(CO)SS3,,326.039498928,False,[]
3478,Cc1cnc(C(=O)NCCc2ccc(S(=O)(=O)NC(=O)NC3CCCCC3)cc2)cn1,,445.1783753440001,False,[]
3479,OCC1N=C(NO)C(O)C(O)C1O,,192.074621484,False,[]
3481,O=S(=O)(c1ccc(NC(C(O)C(O)C(O)C(O)CO)S(=O)(=O)O)cc1)c1ccc(NC(C(O)C(O)C(O)C(O)CO)S(=O)(=O)O)cc1,,736.1125253120001,False,[]
3482,NC(=O)C1OC(O)C(O)C(O)C1O,,193.058637072,False,[]
3483,O=C1OC2C(O)C(O)OC2C1O,,176.032087976,False,[]
3484,NC(CCC(=O)NO)C(=O)O,,162.0640568,False,[]
3486,NC(CCC(=O)NC(CS(=O)(=O)O)C(=O)NCC(=O)O)C(=O)O,,355.0685501239999,False,[]
3487,CCC1(c2ccccc2)CCC(=O)NC1=O,,217.11027872,False,[]
3488,COc1ccc(Cl)cc1C(=O)NCCc1ccc(S(=O)(=O)NC(=O)NC2CCCCC2)cc1,,493.14381967599996,False,[]
3489,CC(C)(C)c1nnc(NS(=O)(=O)c2ccccc2)s1,,297.06056872000005,False,[]
3490,NCC(=O)NC1OC(COP(=O)([O-])[O-])C(O)C1O,,284.04204916582,False,[]
3491,COC(=O)NC(C(=O)NC1OC(CO)C(O)C(O)C1O)C(C)(C)SN=O,,397.115500316,False,[]
3492,COC(=O)NC(C(=O)NC1C(O)OC(CO)C(O)C1O)C(C)(C)SN=O,,397.115500316,False,[]
3493,CC(CCC(=O)NCC(=O)O)C1CCC2C3CCC4CC(O)CCC4(C)C3CC(O)C12C,,449.31412347599996,False,[]
3494,C[N+]1(C)CCC(OC(=O)C(O)(c2ccccc2)C2CCCC2)C1,,318.20637017609,False,[]
3496,O=C(O)CNCP(=O)(O)O,,169.014008986,False,[]
3497,CC(C)CC(CC(=O)O)C(=O)NC(Cc1c[nH]c2ccccc12)C(=O)NC(C)c1ccccc1,,463.24710653600005,False,[]
3498,CNC(=O)C(Cc1c[nH]c2ccccc12)NC(=O)C(CC(=O)NO)CC(C)C,,388.21105537599993,False,[]
3499,COc1ccc2c(c1)c(C1=C(c3c[nH]c4ccccc34)C(=O)NC1=O)cn2CCCN(C)C,,442.200490692,False,[]
3500,COc1ccc2c(c1)c1c3c(c4c5ccccc5n(C)c4c1n2CC(O)CN(C)C)C(=O)NC3=O,,470.195405312,False,[]
3501,Cn1c2ccccc2c2c3c(c4c5ccccc5n(CCC#N)c4c21)CNC3=O,,378.148061196,False,[]
3503,Cc1cc2c(C(C)C)c(O)c(O)c(C=O)c2c(O)c1-c1c(C)cc2c(C(C)C)c(O)c(O)c(C=O)c2c1O,,518.19406792,False,[]
3504,CCC(C)(C)C(=O)C(=O)N1CCCC1C(=O)OCCCc1cccnc1,,360.204907376,False,[]
3505,COC(=O)N1CCN(C(=O)Cc2ccc(Cl)c(Cl)c2)C(CN2CCCC2)C1,,413.12729702000007,False,[]
3506,CC(=O)OC1CCC2(C)C3CC(O)C4(C)C(C(C=O)CC(=O)C=C(C)C)C(O)CC4(CO)C3=CCC2C1(C)C(=O)OC1OC(CO)C(O)C(O)C1O,,736.3670064720001,False,[]
3507,CC1(C)SC(C(NC(=O)Cc2ccccc2)C(=O)NCc2ccccc2)NC1C(=O)NC(Cc1ccccc1)C(O)CC(=O)NCc1nc2ccccc2[nH]1,,761.3359386039999,False,[]
3508,C=CCC(C=O)C1CCCC1O,,168.115029752,False,[]
3509,CCCN(CCc1ccccc1)C(=O)C1OC(C(=O)O)CC(N)C1NC(C)=O,,391.210721028,False,[]
3510,CN1C2CCCC1CC(NC(=O)c1nn(C)c3ccccc13)C2,,312.195011388,False,[]
3511,CC1(O)CC23CC(O)C4(O)C(CC(O)C4(C)C)C(C)(O)C2CCC1C3O,,370.23553880799994,False,[]
3512,COC1=CC(=O)CC(C)C12Oc1c(Cl)c(OC)cc(OC)c1C2=O,,352.071365944,False,[]
3513,O=C1NC(=O)C(c2cccc([N+](=O)[O-])c2)=C1Nc1ccc(Cl)c(C(=O)O)c1,,387.02581272,False,[]
3514,NC(CCC(=O)NC(CSN=O)C(=O)NCC(=O)O)C(=O)O,,336.0739698519999,False,[]
3515,Cc1ccc(C(C)C)cc2c(C)ccc1-2,,198.140850576,False,[]
3516,COc1ccccc1OCC(O)CO,,198.089208928,False,[]
3517,NC(N)=NN=Cc1c(Cl)cccc1Cl,,230.01260161599998,False,[]
3518,NC(N)=NCCN1CCCCCCC1,,198.18444670399998,False,[]
3519,NC(N)=NC(=O)Cc1c(Cl)cccc1Cl,,245.012267268,False,[]
3521,NC(N)=NCCSSCCN=C(N)N,,236.08778651199998,False,[]
3526,NC(N)=NCCCCCCCCNCCCCCCCCN=C(N)N,,355.3423443120001,False,[]
3527,CC(C)=CCCC1(C)C(CC=C(C)C)CC2(CC=C(C)C)C(=O)C(=C(O)c3ccc(O)c(O)c3)C(=O)C1(CC=C(C)C)C2=O,,602.3607393199999,False,[]
3528,CC(C)=CCCC(C)=CCC1CC2(CC=C(C)CCC=C(C)C)C(=O)C(=C(O)c3ccc(O)c(O)c3)C(=O)C(CC=C(C)C)(C2=O)C1(C)C,,670.4233395759999,False,[]
3529,C=C(C)CCC(CC12CC(CC=C(C)C)C(C)(CCC=C(C)C)C(CC=C(C)C)(C(=O)C(=C(O)c3ccc(O)c(O)c3)C1=O)C2=O)C(=C)C,,670.423339576,False,[]
3530,C=C(C)C(CC=C(C)C)CC12CC(CC=C(C)C)C(C)(CCC=C(C)C)C(CC=C(C)C)(C(=O)C(=C(O)c3ccc(O)c(O)c3)C1=O)C2=O,,670.4233395760001,False,[]
3531,C=C(C)C(CC=C(C)C)CC12CC(CC=C(C)C)C(C)(C)C(CC=C(C)C)(C(=O)C(=C(O)c3ccc(O)c(O)c3)C1=O)C2=O,,602.36073932,False,[]
3533,C/C(N)=N\CCSCCC(N)C(=O)O,,219.104147784,False,[]
3534,Nc1nc(N)c2c(Sc3ccc(N4CCOCC4)cc3)cccc2n1,,353.13103122800004,False,[]
3535,O=C1NC2C=CC(I)=CC2C1=Cc1cc(Br)c(O)c(Br)c1,,520.81230076,False,[]
3536,O=S(=O)(Nc1ccccn1)c1ccc(/N=C/c2c(O)[nH]c3ccc4ncsc4c23)cc1,,449.06163134,False,[]
3537,CC(C)(C)c1ccc(Sc2cccc3nc(N)nc(N)c23)cc1,,324.14086764,False,[]
3538,CC1=NN=C(c2ccc(N)cc2)c2cc3c(cc2C1)OCO3,,293.11642672,False,[]
3539,CC1Cc2cc3c(cc2C(c2ccc(N)cc2)=NN1)OCO3,,295.132076784,False,[]
3540,CNCCNS(=O)(=O)c1cccc2cnccc12,,265.08849772,False,[]
3541,O=S(=O)(NCCNCC=Cc1ccc(Br)cc1)c1cccc2cnccc12,,445.04595998,False,[]
3542,CC1CNCCN1S(=O)(=O)c1cccc2cnccc12,,291.104147784,False,[]
3543,NC1CCC(Nc2nc(NCc3ccccc3)c3ncn(C4CCCC4)c3n2)CC1,,405.264093992,False,[]
3544,NCCNS(=O)(=O)c1cccc2cnccc12,,251.072847656,False,[]
3545,O=S(=O)(c1cccc2cnccc12)N1CCNCC1,,277.08849772,False,[]
3546,NC(N)=NCCNS(=O)(=O)c1cccc2cnccc12,,293.09464572,False,[]
3547,O=S(=O)(c1cccc2cnccc12)N1CCCNCC1,,291.104147784,False,[]
3548,c1cc(SC2CCCNCC2)c2ccncc2c1,,258.119069576,False,[]
3549,CCOC(=O)C1=C(N)Oc2ccc(Br)cc2C1C(C#N)C(=O)OCC,,408.032083744,False,[]
3552,O=C(O)c1ccc(S(=O)(=O)N(Cl)Cl)cc1,,268.93163400000003,False,[]
3553,CC1(C)OC2CC3C4CCC5=CC(=O)CCC5(C)C4(F)C(O)CC3(C)C2(C(=O)CCl)O1,,454.1922300239999,False,[]
3554,CSCCC1NC(=O)C2CCCN2C(=O)C2CCCN2C(=O)C(CCSC)NC(=O)c2csc(n2)C(Cc2ccccc2)NC(=O)C2CCCN2C1=O,,783.2906452880002,False,[]
3556,CC(CCC(C)C(C)(C)C)C1CCC2C3CC(OS(=O)(=O)[O-])C4CC(OS(=O)(=O)[O-])C(OS(=O)(=O)[O-])CC4(C)C3CCC12C,,685.2402607477297,False,[]
3557,CC(CCC(C)C(C)(C)C)C1CCC2C3CC(OS(=O)(=O)O)C4CC(OS(=O)(=O)O)C(OS(=O)(=O)O)CC4(C)C3CCC12C,,688.2620901039998,False,[]
3558,C=C(Cl)C(Cl)(CBr)CCC(Br)C(C)(C)Cl,,397.86060772,False,[]
3559,O=C(CCCN1CCC(O)(c2ccc(Cl)cc2)CC1)c1ccc(F)cc1,,375.140134876,False,[]
3560,CC(=O)OCC(=O)C1(OC(C)=O)CCC2C3CC(F)C4=CC(=O)C(Br)=CC4(C)C3(F)C(O)CC21C,,558.106471808,False,[]
3561,Clc1cc(Cl)c(OCC#CI)cc1Cl,,359.83724578799996,False,[]
3562,FC(F)(F)C(Cl)Br,,195.890224472,False,[]
3563,O=C1CN2CCOC2(c2ccccc2F)c2cc(Br)ccc2N1,,376.022268008,False,[]
3564,COc1ccc2c3c([nH]c2c1)C(C)=NCC3,,214.110613068,False,[]
3565,CC1=NCCc2c1[nH]c1cc(O)ccc21,,200.094963004,False,[]
3567,COC(=O)CC(O)(CCC(C)(C)O)C(=O)OC1C(OC)=CC23CCCN2CCc2cc4c(cc2C13)OCO4,,531.2468317639999,False,[]
3568,COCc1cc(O)c(O)c(O)c1-c1c(COC)cc(O)c(O)c1O,,338.10016753599996,False,[]
3569,CC(C)C(NC(=O)C(Cc1cccc2ccccc12)CS(=O)(=O)C(C)(C)C)C(=O)NC(CO)Cc1ccccc1,,566.2814434439999,False,[]
3570,CCn1c2ccccc2c2c3c(c4c5ccccc5[nH]c4c21)C(=O)NC3=O,,353.11642672,False,[]
3571,CC1NC(=O)C(C)NC(=O)C2CCCN2C(=O)C(CCCCCC(=O)C2CO2)NC1=O,,436.23218474399994,False,[]
3572,CCCCCCCCCCCCCCCCS(=O)(=O)F,,308.218529516,False,[]
3573,CC1CCC2(OC1)OC1CC3C4CCC5CC(O)CCC5(C)C4CC(=O)C3(C)C1C2C,,430.30830982399993,False,[]
3575,C=C1C(=O)OC2C1CCC1(C)CCC=C(C)C21,,232.14632988,False,[]
3576,CC(=O)OC1CC2(C)C(CCC3C4C=CC(=O)C(C)C4C(OC(C)=O)C(=O)C32C)C1=C(CCC=C(C)C)C(=O)O,,554.2879683039998,False,[]
3578,C=Cc1c(C)/c2[nH]/c1=C\C1=N/C(=C\C3=C(CCC(=O)O)C(=CO)C(=N3)/C=C3\N=C(/C=2)C(C(O)CCC=C(C)CCC=C(C)CCC=C(C)C)=C3C)C(CCC(=O)O)=C1C,,798.4356355760001,False,[]
3580,CC=c1c(C)c2[nH]c1=Cc1[nH]c(c(CCC(=O)O)c1C)C=c1[nH]c(c(C)c1CCC(=O)O)=Cc1[nH]c(c(=CC)c1C)=C2,,566.289305696,False,[]
3581,Cc1c(CCC(=O)O)c2cc3[n-]c(cc4nc(cc5nc(cc1[n-]2)C(=O)C5(C)CC(=O)O)C(=O)C4(C)CC(=O)O)c(C)c3CCC(=O)O.[Fe+2],,712.146780724,False,[]
3582,Cc1c(CCC(=O)O)c2cc3[nH]c(cc4nc(cc5nc(cc1[nH]2)C(=O)C5(C)CC(=O)O)C(=O)C4(C)CC(=O)O)c(C)c3CCC(=O)O,,658.227493288,False,[]
3583,CNC(C(=O)NC(C(=O)N(C)C(C=C(C)C(=O)O)C(C)C)C(C)(C)C)C(C)(C)c1cn(C)c2ccccc12,,526.351905952,False,[]
3584,CNC(C(=O)NC(C(=O)N(C)C(C=C(C)C(=O)O)C(C)C)C(C)(C)C)C(C)(C)c1c[nH]c2ccccc12,,512.3362558880001,False,[]
3585,C[N+]1(C)CCOC(O)(c2ccc(-c3ccc(C4(O)C[N+](C)(C)CCO4)cc3)cc2)C1,,414.25076040818,False,[]
3586,CCCCCC=CCC1OC1C=CC(O)CC=CCCCC(=O)O,,336.23005950399994,False,[]
3587,CCCCCC=CCC1OC1C(O)C=CCC=CCCCC(=O)O,,336.23005950399994,False,[]
3588,CCCCCCC(COC(=O)c1cccnc1)(COC(=O)c1cccnc1)COC(=O)c1cccnc1,,505.221285712,False,[]
3589,ClC1=C(Cl)C2(Cl)C3C(Cl)C=CC3C1(Cl)C2(Cl)Cl,,369.82109392,False,[]
3591,COC1C=CC=C(C)C(=O)NC2=CC(=O)C=C(C2=O)C(OC)C(C)CC(OC)C(OC)C(C)C=C(C)C1OC(N)=O,,574.2890309239999,False,[]
3592,CC(=O)Oc1ccc2c3c1OC1C(OC(C)=O)C=CC4C(C2)N(C)CCC341,,369.1576228360001,False,[]
3593,COc1ccc(C2CC(=O)c3c(O)cc(O)cc3O2)cc1O,,302.079038168,False,[]
3594,COc1ccc(C2CC(=O)c3c(O)cc(OC4OC(COC5OC(C)C(O)C(O)C5O)C(O)C(O)C4O)cc3O2)cc1O,,610.1897703879999,False,[]
3595,CC1(C)SC2C(N3C(=O)C(c4ccccc4)NC3(C)C)C(=O)N2C1C(=O)[O-],,388.13365076390994,False,[]
3596,CC1(C)SC2C(N3C(=O)C(c4ccccc4)NC3(C)C)C(=O)N2C1C(=O)O,,389.14092721599997,False,[]
3597,CC(=O)OC1CC2C3(C)CCC4C(C)(C)CCCC4(C)C3CC(O)C2(C)C2C1=COC2OC(C)=O,,488.3137891279999,False,[]
3598,Oc1c(Cl)cc(Cl)c(Cl)c1Cc1c(O)c(Cl)cc(Cl)c1Cl,,403.849895512,False,[]
3599,CCCCCCCCCCCCCCCCOP(=O)([O-])OCC[N+](C)(C)C,,407.316445582,False,[]
3600,CCCCCCCCCCCCCCCCOP(=O)(O)OCC[N+](C)(C)C,,408.32372203409,False,[]
3601,C[N+](C)(CCCCCC[N+](C)(C)C1c2ccccc2-c2ccccc21)C1c2ccccc2-c2ccccc21,,502.33370218417997,False,[]
3602,O[Si](CCCN1CCCCC1)(c1ccccc1)C1CCCCC1,,331.233141206,False,[]
3603,O[Si](CCCN1CCCCC1)(c1ccc(F)cc1)C1CCCCC1,,349.223719394,False,[]
3604,C[N+](C)(C)CCCCCC[N+](C)(C)C,,202.23980180017998,False,[]
3606,CCC(c1ccc(O)cc1)C(CC)c1ccc(O)cc1,,270.161979944,False,[]
3607,CCCCC(CC)CN1CN(CC(CC)CCCC)CC(C)(N)C1,,339.36134844000003,False,[]
3608,CN1C(=O)NC(=O)C(C)(C2=CCCCC2)C1=O,,236.116092372,False,[]
3609,Oc1ccc(C(O)CNCCCCCCNCC(O)c2ccc(O)c(O)c2)cc1O,,420.22603674399994,False,[]
3610,CCCCCCc1ccc(O)cc1O,,194.130679816,False,[]
3611,CC(C)c1cccc(O)c(=O)c1,,164.083729624,False,[]
3616,CC(=O)NCCCCCCNC(C)=O,,200.15247788,False,[]
3618,O=C(O)C1Cc2ccccc2CN1S(=O)(=O)c1ccc(-c2ccccc2)cc1,,393.10347908800003,False,[]
3619,CC(=O)OCOC(c1ccc2ccccc2c1)P(=O)(OCOC(C)=O)OCOC(C)=O,,454.10288356599983,False,[]
3622,C[N+]1(C)C2CCC1CC(OC(=O)C(O)c1ccccc1)C2,,290.17507004809,False,[]
3623,CN1C2CCC1CC(OC(=O)C(O)c1ccccc1)C2,,275.152143532,False,[]
3624,CC[n+]1c(-c2ccccc2)c2cc(N)ccc2c2ccc(N)cc21,,314.16517406009,False,[]
3626,NC(N)=NCCCCC(N)C(=O)O,,188.127325752,False,[]
3627,CN1CCCN(C(c2ccccc2)c2ccc(Cl)cc2)CC1,,314.154976416,False,[]
3628,COC(=O)CC(O)(CCCC(C)(C)O)C(=O)OC1C(OC)=CC23CCCN2CCc2cc4c(cc2C13)OCO4,,545.262481828,False,[]
3630,CC=C1C2Cc3[nH]c(=O)ccc3C1(N)CC(C)C2,,244.15756326,False,[]
3631,CC1=CC2Cc3[nH]c(=O)ccc3C3(C1)NCCCC23,,256.15756326,False,[]
3632,CCC1=CC2Cc3nc4cc(Cl)ccc4c(N)c3C(C1)C2,,298.123676288,False,[]
3634,CCN(CC)CCNc1ccc(CO)c2sc3ccccc3c(=O)c12,,356.15584900799996,False,[]
3635,CCN(CC)CCCNc1ccc(CO)c2sc3ccccc3c(=O)c12,,370.17149907199996,False,[]
3636,CCCC[N+]1(C)C2CC(OC(=O)C(CO)c3ccccc3)CC1C1OC12,,360.21693486008996,False,[]
3637,NNc1nncc2ccccc12,,160.074896256,False,[]
3638,CN1CCc2cc3c(cc2C1O)OCO3,,207.089543276,False,[]
3639,NS(=O)(=O)c1cc2c(cc1Cl)NCNS2(=O)=O,,296.9644754159999,False,[]
3640,CC12CCC(=O)C=C1CCC1C2C(O)CC2(C)C1CCC2(O)C(=O)CO,,362.2093240599999,False,[]
3641,CC(=O)OCC(=O)C1(O)CCC2C3CCC4=CC(=O)CCC4(C)C3C(O)CC21C,,404.219888744,False,[]
3642,CCCC(=O)OC1(C(=O)CO)CCC2C3CCC4=CC(=O)CCC4(C)C3C(O)CC21C,,432.25118887199994,False,[]
3643,CC12CCC(=O)C=C1CCC1C2C(O)CC2(C)C1CCC2(O)C(=O)COC(=O)CCC(=O)O,,462.22536804799984,False,[]
3644,CC12CCC(=O)C=C1CCC1C2C(O)CC2(C)C1CCC2(O)C(=O)COP(=O)([O-])[O-],,440.1611016778199,False,[]
3645,CC12CCC(=O)C=C1CCC1C2C(O)CC2(C)C1CCC2(O)C(=O)COP(=O)(O)O,,442.1756545819999,False,[]
3646,COc1c2c(cc3c1OCO3)CCN(C)C2,,221.10519334,False,[]
3647,NS(=O)(=O)c1cc2c(cc1C(F)(F)F)NCNS2(=O)=O,,330.990832396,False,[]
3648,CN1CCC23c4c5ccc(O)c4OC2C(=O)CCC3C1C5,,285.136493468,False,[]
3649,CCC1CN2CCC1CC2C(O)c1ccnc2ccc(OC)cc12,,326.199428072,False,[]
3651,CC(N)Cc1ccc(O)cc1,,151.099714036,False,[]
3652,CCN(CCO)CCCC(C)Nc1ccnc2cc(Cl)ccc12,,335.176440132,False,[]
3653,CCCCCC(=O)OC1(C(C)=O)CCC2C3CCC4=CC(=O)CCC4(C)C3CCC21C,,428.29265975999994,False,[]
3654,[H]/N=C(\N)c1ccc(C=Cc2ccc(/C(N)=N/[H])cc2O)cc1,,280.13241113199996,False,[]
3655,Nc1c2c(nc3ccccc13)CCCC2O,,214.110613068,False,[]
3656,CCCCNC(=O)NS(=O)(=O)c1ccc(CO)cc1,,286.09872805599997,False,[]
3658,OCCOCCN1CCN(C(c2ccccc2)c2ccc(Cl)cc2)CC1,,374.176105784,False,[]
3659,CNC1CC(N)C(O)C(OC2OC(CO)C(O)C3OC4(OC(C(N)CO)C(O)C(O)C4O)OC23)C1O,,527.2326382439999,False,[]
3660,NC1=NC(=O)C(C2CCNC(=O)C3=NC(Br)=CC32)=N1,,323.00178666,False,[]
3661,CN1C2CCC1CC(OC(=O)C(CO)c1ccccc1)C2,,289.167793596,False,[]
3662,CC(C)=CCCC1(C)C(CC=C(C)C)CC2(CC=C(C)C)C(=O)C1(C(=O)C(C)C)C(=O)C(CC=C(C)C)=C2O,,536.3865601439999,False,[]
3663,Cc1cc(=O)c2c(O)c3c(O)cc(O)c4c5c(O)cc(O)c6c(O)c7c(=O)cc(C)c8c1c2c(c34)c(c65)c78,,504.08451747199996,False,[]
3664,COc1c(O)c2c(=O)cc(OC)c3c4c(OC)cc(=O)c5c(O)c(OC)c6c(c(c1CC(C)(O)C6C(C)=O)c23)c54,,546.1525970319999,False,[]
3665,COc1c(O)c2c(=O)cc(OC)c3c4c(OC)cc(=O)c5c(O)c(OC)c6c(c(c1CC(C)C6C(C)=O)c23)c54,,530.157682412,False,[]
3666,C=C1C(=O)CC2CC3OC3(C)CCC3OC3(C)CC(OC(C)=O)C1C2(C)C,,376.22497412399997,False,[]
3667,CC1(C2CCCC2)Cc2cc(OCC(=O)O)c(Cl)c(Cl)c2C1=O,,356.058214416,False,[]
3668,CNC(=O)C1OC(n2cnc3c(NCc4cccc(I)c4)ncnc32)C(O)C1O,,510.051251088,False,[]
3669,CC(CCC1(C(C)C)CC1C)C1CCC2(C)C3CC(OS(=O)(=O)[O-])C4CC(OS(=O)(=O)[O-])C(OS(=O)(=O)[O-])CC4(C)C3=CCC12C,,709.2402607477298,False,[]
3670,CC(CCC1(C(C)C)CC1C)C1CCC2(C)C3CC(OS(=O)(=O)O)C4CC(OS(=O)(=O)O)C(OS(=O)(=O)O)CC4(C)C3=CCC12C,,712.2620901039999,False,[]
3671,CC(C)C(=O)c1c(C(C)C)nn2ccccc12,,230.141913196,False,[]
3672,CC(C)Cc1ccc(C(C)C(=O)O)cc1,,206.130679816,False,[]
3673,CC(C)Cc1ccc(C(C)C(=O)OCc2ccccn2)cc1,,297.17287897600005,False,[]
3674,COc1cc(OC)c(C=C2C(=O)Nc3ccccc32)c(OC)c1,,311.115758024,False,[]
3676,CCN(CC)CC(=O)Nc1c(C)cccc1C,,234.173213324,False,[]
3677,CNC(C)(C)Cc1ccccc1,,163.136099544,False,[]
3678,CCN(CCCc1ccccc1)CCCc1ccccc1,,281.214349864,False,[]
3679,Cn1nnnc1SCC1=C(C(=O)[O-])N2C(=O)C(NC(=O)C(OC=O)c3ccccc3)C2SC1,,489.0656478439099,False,[]
3680,CC(=O)OCC(=O)C1(O)C(C)CC2C3CCC4=CC(=O)C=CC4(C)C3(F)C(O)CC21C,,434.210466932,False,[]
3681,CCCCCCCCCCCCCCCCCCOCC(O)CO,,344.32904526799996,False,[]
3682,Cc1ccc(OCC(O)C(C)NC(C)C)c2c1CCC2,,277.204179104,False,[]
3683,CN(C(=O)Cc1ccc(Cl)c(Cl)c1)C(CN1CCCC1)c1cccc(OCC(=O)O)c1,,464.1269626719999,False,[]
3684,CCCCN(C)C(=O)CCCCCCCCCCC1Cc2cc(O)ccc2C2CCC3(C)C(O)CCC3C12,,525.4181946199999,False,[]
3685,CC(=O)C1(O)Cc2c(O)c3c(c(O)c2C(OC2CC(N)C(O)C(C)O2)C1)C(=O)c1ccccc1C3=O,,497.1685814439999,False,[]
3686,COC1=C(OC)C(=O)C(CCCCCCCCCCO)=C(C)C1=O,,338.20932406,False,[]
3687,O=c1[nH]c(=O)n(C2CC(O)C(CO)O2)cc1I,,353.97126945200006,False,[]
3688,CC1Nc2ccc(Cl)cc2S(=O)(=O)N1,,232.007326208,False,[]
3689,CC(C(O)c1ccc(O)cc1)N1CCC(Cc2ccccc2)CC1,,325.20417910400005,False,[]
3690,O=P1(NCCCl)OCCCN1CCCl,,260.02481971,False,[]
3691,C=C1CCCC2C1(C)CCC(C)C2(C)CC1=C(O)C(=O)C=C(OC)C1=O,,358.21440943999994,False,[]
3692,[H]/N=C(\N)SCCc1cnc[nH]1,,170.06261732,False,[]
3693,CCOC(=O)C(CCc1ccccc1)NC(C)C(=O)N1C(=O)N(C)CC1C(=O)O,,405.189985584,False,[]
3694,CC(O)C(C=O)C1CC(SCC/N=C/N)=C(C(=O)O)N1,,301.109627088,False,[]
3695,CC(O)C1C(=O)N2C(C(=O)O)=C(SCC/N=C/N)CC12,,299.093977024,False,[]
3696,CN(C)CCCN1c2ccccc2CCc2ccccc21,,280.193948768,False,[]
3698,Nc1cc(-c2ccncc2)c[nH]c1=O,,187.074561908,False,[]
3699,O=P(O)(O)C(NC1CCCCCC1)P(=O)(O)O,,287.06876058800003,False,[]
3700,COc1cc2c(c(N)c1OC)C(=O)C(=Cc1cc(C)c(O)c(C)c1)C2,,339.147058152,False,[]
3701,CCC(=CC=CC1C=CC2C(CC)CCC2C1C(=O)c1ccc[nH]1)C1OC(C(C)C(=O)O)CCC1C,,493.319208856,False,[]
3702,CC1Cc2ccccc2N1NC(=O)c1ccc(Cl)c(S(N)(=O)=O)c1,,365.060090052,False,[]
3703,CNC1CC(c2ccc(Cl)c(Cl)c2)c2ccccc21,,291.05815484,False,[]
3704,C1=Cc2cccc(OCC3CNCCO3)c2C1,,231.125928784,False,[]
3705,O=C1C(c2[nH]c3ccc(S(=O)(=O)O)cc3c2O)=Nc2ccc(S(=O)(=O)O)cc21,,421.98785727999996,False,[]
3706,CC(C)(C)NC(=O)C1CN(Cc2cccnc2)CCN1CC(O)CC(Cc1ccccc1)C(=O)NC1c2ccccc2CC1O,,613.362804984,False,[]
3707,O=Nc1c(-c2c(O)[nH]c3ccccc23)[nH]c2ccccc12,,277.085126592,False,[]
3708,O=C1C(c2c(O)[nH]c3ccc(S(=O)(=O)O)cc23)=Nc2ccccc21,,342.03104242,False,[]
3709,CC1(C)C(C=CC=CC=CC=C2N(CCCCS(=O)(=O)O)c3ccc4ccccc4c3C2(C)C)=[N+](CCCCS(=O)(=O)O)c2c1ccc1ccccc21,,753.3026557080901,False,[]
3710,Cc1c(CC(N)=O)c2cc(OCCCC(=O)O)ccc2n1Cc1ccccc1,,380.173607248,False,[]
3711,Cc1c(CC(N)=O)c2cc(OCCCP(=O)(O)O)ccc2n1Cc1ccccc1,,416.15010853,False,[]
3713,O=P(O)(O)OCCCc1c[nH]c2ccccc12,,255.06604455800002,False,[]
3714,N#CCCn1c2ccccc2c2c3c(c4c5ccccc5[nH]c4c21)C(=O)NC3,,364.132411132,False,[]
3715,COc1ccc2c(c1)c(CC(=O)O)c(C)n2C(=O)c1ccc(Cl)cc1,,357.07678567199997,False,[]
3716,COc1ccc2c(c1)c(CC(=O)OCC=C(C)CCC=C(C)CCC=C(C)C)c(C)n2C(=O)c1ccc(Cl)cc1,,561.2645864399999,False,[]
3717,Cc1c(CC(=O)O)c2cc(C=O)ccc2n1C(=O)c1ccc(Cl)cc1,,355.061135608,False,[]
3718,CC(C(=O)O)c1ccc(N2Cc3ccccc3C2=O)cc1,,281.10519334,False,[]
3719,CC1=CC23C(=O)C(C=C(CO)C(O)C2(O)C1O)C1C(CC3C)C1(C)C,,348.19367399600003,False,[]
3721,O=P1(O)CC2C(O)C(O)C(O)C(O)C2O1,,240.039889386,False,[]
3722,CC(=O)NC(Cc1ccc(O)cc1)C(=O)NC(C(=O)NC(C)C(=O)NC(CC(=O)O)C(=O)CCl)C(C)C,,540.198691696,False,[]
3723,CC(=O)NCc1c(I)c(NC(C)=O)c(I)c(C(=O)O)c1I,,627.785300832,False,[]
3725,COc1cc(C=C(C#N)C(=O)c2ccc(O)c(O)c2)cc(I)c1O,,436.97602048399995,False,[]
3726,CS(=O)c1ccc(-c2nc(-c3cccc(I)c3)c(-c3ccncc3)[nH]2)cc1,,485.005881132,False,[]
3727,NC(=O)CI,,184.933761748,False,[]
3728,Oc1c(I)cc(I)c2cccnc12,,396.8460597800001,False,[]
3729,CC(C)NC(C)Cc1ccc(I)cc1,,303.048397576,False,[]
3731,CN(C(=O)CO)c1c(I)c(C(=O)NCC(O)CO)c(I)c(C(=O)NCC(O)CO)c1I,,776.8541086639999,False,[]
3732,CCC(C)CC(C)CC(C)C(=O)C=C(O)C(C)CC(C)CC=CC(C)C(O)C(C)C(O)CC1CCC(C)(C2CCC(C)(C(C)O)O2)O1,,664.527804644,False,[]
3733,CC(CCC(=O)O)CC(C)CC(C)C(=O)C=C(O)C(C)CC(C)CC=CC(C)C(O)C(C)C(O)CC1CCC(C)(C2CCC(C)(C(C)O)O2)O1,,708.517633884,False,[]
3734,CC(O)C(=O)Nc1c(I)c(C(=O)NC(CO)CO)c(I)c(C(=O)NC(CO)CO)c1I,,776.8541086639999,False,[]
3735,CCC(Cc1c(I)cc(I)c(N)c1I)C(=O)O,,570.8002226240001,False,[]
3736,COCC(=O)Nc1c(I)c(C(=O)NCC(O)CO)c(I)c(C(=O)N(C)CC(O)CO)c1I,,790.8697587279999,False,[]
3737,CNC(=O)c1c(I)c(NC(C)=O)c(I)c(C(=O)O)c1I,,613.769650768,False,[]
3743,CC(=O)N(CC(O)CO)c1c(I)c(C(=O)NCCO)c(I)c(C(=O)NCC(O)CO)c1I,,790.8697587280001,False,[]
3744,O=C(O)CCc1c[nH]c2ccccc12,,189.078978592,False,[]
3745,CC(C)Oc1ccc2c(=O)cc(-c3ccccc3)oc2c1,,280.109944372,False,[]
3746,CC(C)[N+]1(C)C2CCC1CC(OC(=O)C(CO)c1ccccc1)C2,,332.22202024009,False,[]
3747,CC(C)Oc1ccc2c(=O)c(-c3ccccc3)coc2c1,,280.109944372,False,[]
3748,CC(C)NNC(=O)c1ccncc1,,179.105862036,False,[]
3749,CCCCC1=NC2(CCCC2)C(=O)N1Cc1ccc(-c2ccccc2-c2nn[nH]n2)cc1,,428.23245951600006,False,[]
3750,CCc1c2c(nc3ccc(OC(=O)N4CCC(N5CCCCC5)CC4)cc13)-c1cc3c(c(=O)n1C2)COC(=O)C3(O)CC,,586.279134936,False,[]
3751,CC(C=CC1C(C)=CCC(C)C1(C)C)=CCCC1(CO)C(CCCO)C(=C(C)C=O)CCC1(C)O,,486.37091007999993,False,[]
3752,Nc1nc(N)nc(-c2cc(Cl)ccc2Cl)n1,,255.00785058399998,False,[]
3753,Cn1cc(C2C(=O)C(O)C(c3ccccc3)C(=O)C2O)c2ccccc21,,349.131408088,False,[]
3754,COc1ccc(C2C(=O)C(O)C(c3ccccc3)C(=O)C2O)cc1,,326.115423676,False,[]
3755,CNC1C(O)C(OC2C(NC(=O)C(O)CN)CC(N)C(OC3OC(CN)C(O)C(O)C3O)C2O)OCC1(C)O,,569.2908218159998,False,[]
3756,Cn1cc2c3c1C(=O)C(N)=C(Cl)C3=NCC2,,235.05123962,False,[]
3757,COC(=O)C12OCC34C(CC5C(C)=CC(=O)C(O)C5(C)C3C(O)C1O)OC(=O)C(OC(C)=O)C24,,480.1631617159999,False,[]
3758,CC(C)Cn1c(=O)n(C)c(=O)c2[nH]cnc21,,222.111675688,False,[]
3759,Cc1cc(C(=O)NNCc2ccccc2)no1,,231.100776656,False,[]
3760,Clc1ccc(C(Cn2ccnc2)OCc2c(Cl)cccc2Cl)c(Cl)c1,,413.98602378799995,False,[]
3762,CCC(NC(C)C)C(O)c1ccc(O)c(O)c1,,239.152143532,False,[]
3763,FC(F)OC(Cl)C(F)(F)F,,183.971433464,False,[]
3764,COc1ccc2c(=O)c(-c3ccc(O)cc3)coc2c1,,268.073558864,False,[]
3766,C=C(Cl)C(Cl)(CBr)CCC(Cl)C(C)(C)Br,,397.86060772,False,[]
3768,O=C(NNC1OC(C(=O)O)C(O)C(O)C1O)c1ccncc1,,313.0909998200001,False,[]
3769,O=C(NNCS(=O)(=O)O)c1ccncc1,,231.031376768,False,[]
3770,NC(=O)c1c[n+](C2OC(COP(=O)([O-])OP(=O)(O)OCC3OC(n4cnc5c(N)ncnc54)C(O)C3O)C(O)C2O)ccc1C(=O)c1ccncc1,,768.1305855200002,False,[]
3771,NC(=O)c1c[n+](C2OC(COP(=O)(O)OP(=O)(O)OCC3OC(n4cnc5c(N)ncnc54)C(O)C3O)C(O)C2O)ccc1C(=O)c1ccncc1,,769.13786197209,False,[]
3774,CCC1C(=O)OCC1Cc1cccn1C,,207.125928784,False,[]
3775,CC(C)[N+](C)(CCC(C(N)=O)(c1ccccc1)c1ccccc1)C(C)C,,353.25874009609004,False,[]
3777,CCCCCCCC(=O)CCC1C(O)CC(O)C1CC=CCCCC(=O)OC(C)C,,424.3188745079999,False,[]
3778,Cc1c(C(C)C)c(=O)n(-c2ccccc2)n1C,,230.141913196,False,[]
3779,CC(C)NCC(O)c1ccc(O)c(O)c1,,211.120843404,False,[]
3780,O=[N+]([O-])OC1COC2C(O[N+](=O)[O-])COC12,,236.02806521600002,False,[]
3781,CC(CN1c2ccccc2Sc2cccnc21)N(C)C,,285.129968608,False,[]
3783,CC(COc1ccccc1)NC(C)C(O)c1ccc(O)cc1,,301.167793596,False,[]
3784,COC(=O)C1=C(C)NC(C)=C(C(=O)OC(C)C)C1c1cccc2nonc12,,371.148120772,False,[]
3785,O=C(CCCN1C(=O)c2cccc3cccc(c23)C1=O)NO,,298.095356928,False,[]
3786,O=C(Cc1ccsc1-c1ccccc1)NO,,233.051049592,False,[]
3787,CC(CCc1ccccc1)C(=O)NO,,193.11027872,False,[]
3788,O=C1NC2(C=CCCC2)C(=NO)C12CCCCC2,,248.15247788,False,[]
3789,CC12CC3CC(C)(C1)CC(C(=O)NO)(C3)C2,,223.157228912,False,[]
3790,Cc1c(C)c(CONC(=O)c2ccccc2)c(C)c(C)c1Br,,361.06774098000005,False,[]
3791,COc1ccc(C(=O)C(O)c2ccccc2)cc1,,242.094294308,False,[]
3792,COc1ccc(C(=O)NCc2ccc(OCCN(C)C)cc2)cc1OC,,358.189257312,False,[]
3793,CCC(C)n1ncn(-c2ccc(N3CCN(c4ccc(OCC5COC(Cn6cncn6)(c6ccc(Cl)cc6Cl)O5)cc4)CC3)cc2)c1=O,,704.2393070560003,False,[]
3794,COc1cc2ncnc(Nc3ccc(O)cc3)c2cc1OC,,297.11134134,False,[]
3795,COc1cc2ncnc(Nc3ccc(O)c(Br)c3)c2cc1OC,,375.02185340799997,False,[]
3796,COc1cc2ncnc(Nc3cc(Br)c(O)c(Br)c3)c2cc1OC,,452.9323654759999,False,[]
3797,CC(C)N(CCC(=O)c1ccc2ccccc2c1)Cc1ccccc1,,331.19361442,False,[]
3798,COc1cc2ncnc(Nc3ccccc3)c2cc1OC,,281.11642672,False,[]
3799,C=CC(=O)c1ccc2ccccc2c1,,182.07316494,False,[]
3800,CC1=CC(C)CC(C)OC(=O)CC(c2ccc(O)cc2)NC(=O)C(Cc2c(Br)[nH]c3ccccc23)N(C)C(=O)C(C)NC(=O)C(C)C1,,708.2522472600001,False,[]
3801,CCN1C(=CC=Cc2n(CC)c3cc(Cl)c(Cl)cc3[n+]2CC)N(CC)c2cc(Cl)c(Cl)cc21,,523.09843400409,False,[]
3802,Cc1ccc2c(c1)C(N1CCN(C)CC1)=Nc1cccnc1N2,,307.17969567200004,False,[]
3803,COc1oc(=O)c2cc(N)ccc2c1Cl,,225.019270796,False,[]
3806,O=C1C=CC(=O)c2c(O)cccc21,,174.031694052,False,[]
3809,CN(C)c1ccc(C(=O)NCCCC(=O)NO)cc1,,265.142641468,False,[]
3810,CN(C)c1ccc(C(=O)NCCCCC(=O)NO)cc1,,279.158291532,False,[]
3811,CN(C)c1ccc(C(=O)NCCCCCC(=O)NO)cc1,,293.173941596,False,[]
3812,CN(C)c1ccc(C(=O)NCCCCCCCC(=O)NO)cc1,,321.205241724,False,[]
3813,COC(=O)C1(O)CC2OC1(C)n1c3ccccc3c3c4c(c5c6ccccc6n2c5c31)C(=O)NC4,,467.148120772,False,[]
3814,CC12OC(CC1(O)C(=O)O)n1c3ccccc3c3c4c(c5c6ccccc6n2c5c31)CNC4=O,,453.132470708,False,[]
3815,O=C1NCc2c1c1c3ccccc3[nH]c1c1[nH]c3ccccc3c21,,311.105862036,False,[]
3816,C=C(C)C1CNC(C(=O)O)C1CC(=O)O,,213.10010796,False,[]
3817,Cc1cccc(C)c1OCC(=O)NC(Cc1ccccc1)C(O)CC(Cc1ccccc1)NC(=O)C(C(C)C)N1CCCNC1=O,,628.362470636,False,[]
3818,COc1ccc(CCNCC(O)c2ccc(O)cc2)cc1OC,,317.162708216,False,[]
3819,C=C1C(=O)C23C(O)CC4C(C)(C)CCC(O)C4(CO)C2CCC1C3O,,350.20932406,False,[]
3820,O=C1Cc2c([nH]c3ccc(Br)cc23)-c2ccccc2N1,,326.0054750720001,False,[]
3821,CNC1(c2ccccc2Cl)CCCCC1=O,,237.092041812,False,[]
3822,O=C(c1ccc(F)cc1)C1CCN(CCn2c(=O)[nH]c3ccccc3c2=O)CC1,,395.16451978399994,False,[]
3823,CC(=O)N1CCN(c2ccc(OCC3COC(Cn4ccnc4)(c4ccc(Cl)cc4Cl)O3)cc2)CC1,,530.148760736,False,[]
3824,CC(=O)CCC1C(=O)N(c2ccccc2)N(c2ccccc2)C1=O,,322.13174243599997,False,[]
3825,CC(C(=O)O)c1cccc(C(=O)c2ccccc2)c1,,254.094294308,False,[]
3826,O=C(c1ccccc1)c1ccc2n1CCC2C(=O)O,,255.089543276,False,[]
3827,CN1CCC(=C2c3ccccc3CC(=O)c3sccc32)CC1,,309.11873522800005,False,[]
3828,COc1c2occc2c(OC)c2c(=O)cc(C)oc12,,260.06847348400004,False,[]
3829,O=C1NC2C(O)C(O)C(O)C(CO)N2C1=O,,232.069536104,False,[]
3830,c1coc(CNc2ncnc3nc[nH]c23)c1,,215.080709908,False,[]
3831,OCC1OC(n2cnc3c(NCc4ccco4)ncnc32)C(O)C(O)C1O,,377.13353332799994,False,[]
3832,OCC1OC(n2cnc3c(NCc4ccco4)ncnc32)C(O)C1O,,347.12296864399997,False,[]
3834,CCC1CC=CC=CC(O)C(C)CC(CC=O)C(OC2OC(C)C(OC3CC(C)(O)C(OC(=O)CC(C)C)C(C)O3)C(N(C)C)C2O)C(OC)C(O)CC(=O)O1,,799.4718058880001,False,[]
3835,COC1C(O)CC(=O)OC(C)CC=CC=CC(O)C(C)CC(CC=O)C1OC1OC(C)C(OC2CC(C)(O)C(OC(=O)CC(C)C)C(C)O2)C(N(C)C)C1O,,785.456155824,False,[]
3836,COc1ccc(S(=O)(=O)Nc2ccccc2CN(C)CC=Cc2ccc(Cl)cc2)cc1,,456.12744134,False,[]
3837,COc1ccc(S(=O)(=O)N(CCO)c2ccccc2CN(C)CC=Cc2ccc(Cl)cc2)cc1,,500.15365608800005,False,[]
3838,CN(C(Cc1ccc(OS(=O)(=O)c2cccc3cnccc23)cc1)C(=O)N1CCN(c2ccccc2)CC1)S(=O)(=O)c1cccc2cnccc12,,721.20287584,False,[]
3839,CSCC(NC(=O)COc1cccc2cnccc12)C(=O)NC(Cc1ccccc1)C(O)C(=O)N1CSCC1C(=O)NC(C)(C)C,,667.249826032,False,[]
3842,COc1c2c(cc(O)c1-c1cc(-c3cc(-c4c(O)cc(O)c5c4CC(C)NC5C)c4cc(C)cc(OC)c4c3O)c(O)c3c(OC)cc(C)cc13)CC(C)N=C2C,,768.3410664959999,False,[]
3843,COC(=O)C1(OC)CC2OC1(C)n1c3ccccc3c3c4c(c5c6ccccc6n2c5c31)C(=O)N(C)C4,,495.1794209,False,[]
3844,CCCCCCOC(=O)C1(O)CC2OC1(C)n1c3ccccc3c3c4c(c5c6ccccc6n2c5c31)C(=O)NC4,,537.226371092,False,[]
3845,O=C(O)c1cc(=O)c2ccccc2[nH]1,,189.042593084,False,[]
3846,CCCCc1nc2ccc(O)cc2c(=O)n1Cc1ccc(-c2ccccc2-c2nn[nH]n2)cc1,,452.1960740080001,False,[]
3847,C=C(CCCC(N)C(=O)O)C(=O)O,,187.084457896,False,[]
3848,O=C(O)C(O)Cc1ccccc1,,166.06299417999998,False,[]
3849,CC(C)CC(NC(=O)C(Cc1ccccc1)CC(O)C(Cc1ccccc1)NC(=O)OC(C)(C)C)C(=O)NC(Cc1ccccc1)C(N)=O,,672.3886853839999,False,[]
3851,Ic1ccccc1CNC1C2CCN(CC2)C1C(c1ccccc1)c1ccccc1,,508.13754692800006,False,[]
3852,CCC(C)C(COC(Cc1ccccc1)C(=O)NC(CCS(C)(=O)=O)C(=O)OC(C)C)NCC(N)CS,,559.27497816,False,[]
3854,CC(C)CC(NC(=O)C(CCc1ccc(-c2ccc(F)cc2)cc1)CC(CCCCN1Cc2ccccc2C1=O)C(=O)O)C(=O)Nc1ccccc1,,705.357799856,False,[]
3855,CCCCCCCCCCCCCCCCCCOCC(O)COP(=O)(O)OCC[N+](C)(C)C,,510.39180159408994,False,[]
3856,Cc1ncc(COP(=O)(O)O)c(CNC(C=COCCN)C(=O)O)c1O,,391.11445129399993,False,[]
3857,NC(CP(=O)(O)O)C(=O)O,,169.01400898600002,False,[]
3858,O=C(O)CC(Cc1ccccc1)C(=O)O,,208.073558864,False,[]
3859,[H]N=S(=O)(CCCC)CCC(C)(N)C(=O)O,,236.1194635,False,[]
3860,CC(C)C(NC(=O)C(CS)NC(=O)CCCC(N)C(=O)O)C(=O)O,,363.1464065199999,False,[]
3862,NC(Cn1ccc(=O)c(O)c1)C(=O)O,,198.0640568,False,[]
3863,C/C(N)=N\CCCCC(N)C(=O)O,,187.132076784,False,[]
3864,COC(=O)C(N)CCC/N=C(\N)N[N+](=O)[O-],,233.11240396,False,[]
3865,CCCCCCCCCCCCCCCC(=O)NC(COP(=O)(O)O)C(=O)O,,423.23858918599984,False,[]
3866,NC(C(=O)O)c1ccccc1,,151.063328528,False,[]
3868,O=C(O)C1CNC(C(=O)O)C1,,159.053157768,False,[]
3869,CC(CCc1ccccc1)NCC(O)c1ccc(O)c(C(N)=O)c1,,328.178692628,False,[]
3870,CC(=O)NC(CSC(=O)C1(C(O)C(C)C)NC(=O)C(C)C1O)C(=O)O,,376.1304221079999,False,[]
3871,OCC(O)C(O)C(OC1OC(CO)C(O)C(O)C1O)C(O)CO,,344.13186158799994,False,[]
3872,OCC1OC(OC2C(CO)OC(O)(CO)C2O)C(O)C(O)C1O,,342.11621152399994,False,[]
3873,O=C(CS(=O)Cc1ccco1)NCC=CCOc1cc(CN2CCCCC2)ccn1,,431.1878774080001,False,[]
3874,CCCCCc1cc(OC2OC(COC3OCC(O)C(O)C3O)C(O)C(O)C2O)cc(OC)c1O,,504.22067659199985,False,[]
3877,Nc1ccn(C2CSC(CO)O2)c(=O)n1,,229.052112212,False,[]
3878,Nc1nnc(-c2cccc(Cl)c2Cl)c(N)n1,,255.00785058399998,False,[]
3880,CCCCCCCCC=CCCCCCCCc1cc(O)ccc1O,,346.287180456,False,[]
3881,N#CC(=C1SCC(c2ccccc2Cl)S1)n1ccnc1,,319.000467,False,[]
3882,CC(C)=CCCC(C)C1(C)CCC2(C)C3=C(CCC21C)C1(C)CCC(O)C(C)(C)C1CC3,,440.40181628399995,False,[]
3883,Cc1c(OCC(F)(F)F)ccnc1CS(=O)c1nc2ccccc2[nH]1,,369.07588234800005,False,[]
3884,CC(C)=CCC1=C(O)c2ccccc2C(=O)C1=O,,242.094294308,False,[]
3885,CC1(C)CCC2=C(O1)c1ccccc1C(=O)C2=O,,242.094294308,False,[]
3886,CCN1CC2(OC(=O)c3ccccc3NC(C)=O)CCC(OC)C34C1C(CC23)C1(O)CC(OC)C2CC4C1(O)C2OC,,584.3097663679999,False,[]
3888,CCC(C(=O)C(C)C(O)C(C)CCc1ccc(C)c(O)c1C(=O)O)C1OC(CC)(C2CCC(O)(CC)C(C)O2)CC1C,,590.3818686879998,False,[]
3889,COC1(NC(=O)C(C(=O)O)c2ccc(O)cc2)C(=O)N2C(C(=O)O)=C(CSc3nnnn3C)COC21,,520.1012472200001,False,[]
3890,CC(C)OC(=O)CCCC=CCC1C(O)CC(O)C1CCC(O)CCc1ccccc1,,432.28757437999997,False,[]
3891,CC1=CC(=O)OC2CC(CCC(C)C=CC=CCC1)OC(O)(C1CSC(=O)N1)C2,,421.19229409199994,False,[]
3892,CC1=CC(=O)OC2CC(CCC(C)C=CCC1)OC(O)(C1CSC(=O)N1)C2,,395.17664402800006,False,[]
3893,CCCCCCCCCCCC(=O)O,,200.177630008,False,[]
3894,O=C(O)c1cc(N(Cc2ccccc2O)Cc2cc(O)ccc2O)ccc1O,,381.12123732799995,False,[]
3895,O=C(O)c1cc(N(Cc2ccccc2O)Cc2ccccc2O)ccc1O,,365.126322708,False,[]
3896,O=C(O)c1cc(NCc2cc(O)ccc2O)ccc1O,,275.07937251600003,False,[]
3897,CC(C)=CCC1CC2(CC=C(C)C)C(=O)C(C(CC(=O)O)c3ccccc3)(C(=O)C(C(=O)CC(C)C)=C2O)C1(C)C,,562.329439192,False,[]
3899,Cc1oncc1C(=O)Nc1ccc(C(F)(F)F)cc1,,270.061612188,False,[]
3900,Cc1oc(=O)oc1COC(=O)C1N2C(=O)C(NC(=O)C(N)c3ccccc3)C2SC1(C)C,,461.12567107600006,False,[]
3901,CCC(C=CC1OC(=O)C=CC1C)=CC(C)CC=CC(C)=CC(C)=CC(C)C(=O)C(C)C(O)C(C)CC=CC(=O)O,,566.36073932,False,[]
3902,N#Cc1ccc(C(c2ccc(C#N)cc2)n2cncn2)cc1,,285.101445352,False,[]
3903,CC(C)CC(NC(=O)C(Cc1ccccc1)NC(=O)CNC(=O)CNC(=O)C(N)Cc1ccc(O)cc1)C(=O)O,,555.269298524,False,[]
3905,CC(C)CC(N)C(O)(Cc1cnc[nH]1)C(=O)O,,241.142641468,False,[]
3906,CCCCCCCCC(O)C=CC=CC=CC(O)CCCC(=O)O,,338.24570956799994,False,[]
3907,CCCCCC=CCC=CC=CC=CC(SCC(NC(=O)CCC(N)C(=O)O)C(=O)NCC(=O)O)C(O)CCCC(=O)O,,625.3033010839999,False,[]
3908,CCCCCC=CCC=CC=CC=CC(SCC(N)C(=O)NCC(=O)O)C(O)CCCC(=O)O,,496.26070799999985,False,[]
3909,CCCCCC=CCC=CC=CC=CC(SCC(N)C(=O)O)C(O)CCCC(=O)O,,439.2392442839999,False,[]
3910,CC(=O)NC(CC(C)C)C(=O)NC(CC(C)C)C(=O)NC(C=O)CCCN=C(N)N,,426.29545369600004,False,[]
3912,C=CCN1CCC23CCCCC2C1Cc1ccc(O)cc13,,283.19361442,False,[]
3913,c1ccc(C2CN3CCSC3=N2)cc1,,204.072119384,False,[]
3914,CC(C)(C)NCC(O)COc1cccc2c1CCCC2=O,,291.18344366,False,[]
3915,CC1CN(C2CCC(C#N)(c3ccc(F)cc3)CC2)CCC1(C(=O)O)c1ccccc1,,420.22130638799996,False,[]
3916,COc1ccc2c(c1)N(CC(C)CN(C)C)c1ccccc1S2,,328.160934388,False,[]
3917,CC(N)C(O)c1ccc(O)c(O)c1,,183.089543276,False,[]
3918,CN1CCC23CCCCC2C1Cc1ccc(O)cc13,,257.177964356,False,[]
3922,Cc1cc2c(cc1C1(c3ccc(C(=O)O)cn3)CC1)C(C)(C)CCC2(C)C,,363.21982916800005,False,[]
3923,C=CC(C)(C)c1cc(C=CC(=O)c2ccc(O)cc2)c(OC)cc1O,,338.15180918399994,False,[]
3924,CC[NH+](CC)CC(=O)Nc1c(C)cccc1C,,235.18048977608998,False,[]
3925,CC[N+](CC)(CC)CC(=O)Nc1c(C)cccc1C,,263.21178990409,False,[]
3926,Cc1cccc(C)c1NC(=O)CN1CCN(CCCC(c2ccc(F)cc2)c2ccc(F)cc2)CC1,,491.27481918,False,[]
3927,CCCCC(C)CC(O)C=CC1C(O)CC(=O)C1CCCCC=CC(=O)O,,380.2562742519999,False,[]
3928,CCCC1CC(C(=O)NC(C(C)O)C2OC(SC)C(O)C(O)C2O)N(C)C1,,406.2137578079999,False,[]
3929,CC(=O)NCC1CN(c2ccc(N3CCOCC3)c(F)c2)C(=O)O1,,337.1437843399999,False,[]
3930,CCCCCC=CCC=CCCCCCCCC(N)=O,,279.256214676,False,[]
3931,CCCCCC=CCC=CCCCCCCCC(=O)O,,280.240230264,False,[]
3932,O=C1N(c2ccccc2)c2ccccc2C1(Cc1ccncc1)Cc1ccncc1,,391.1684622920001,False,[]
3933,NC(Cc1cc(I)c(Oc2ccc(O)c(I)c2)c(I)c1)C(=O)[O-],,649.7827754119099,False,[]
3934,CCCCCC(O)C=CC=CC=CC=CC(O)C(O)CCCC(=O)O,,352.2249741239999,False,[]
3935,CCCCCC(O)C(O)C=CC=CC=CC=CC(O)CCCC(=O)O,,352.2249741239999,False,[]
3936,COc1cccc(N(C)C(=S)Oc2ccc3c(c2)CCCC3)n1,,328.12454888,False,[]
3937,NCCCCC(NC(CCc1ccccc1)C(=O)O)C(=O)N1CCCC1C(=O)O,,405.22637109199997,False,[]
3938,CCN(CC)C(=O)NC1C=C2c3cccc4[nH]cc(c34)CC2N(C)C1,,338.210661452,False,[]
3940,NCC1OC(OC2C(CO)OC(OC3C(O)C(N)CC(N)C3OC3OC(CO)C(O)CC3N)C2O)C(N)C(O)C1OC1OC(CO)C(O)C(O)C1O,,761.3542099200001,False,[]
3941,c1ccc(C(=C2CN3CCC2CC3)c2ccccc2)cc1,,275.167399672,False,[]
3942,C[N+]1(C)CCCC(=C(c2cccs2)c2cccs2)C1,,290.10316806008996,False,[]
3943,CON=CC=CC(=O)NC=CCC1CC(=O)OC(C)C=CC(O)C(C)=CCc2cccc(O)c2C(=O)O1,,512.215865984,False,[]
3944,CON=CC=CC(=O)NC=CCC1CC(=O)OC(CO)C=CC(O)C(C)=CCc2cccc(O)c2C(=O)O1,,528.2107806039999,False,[]
3945,CN1C(CC(=O)c2ccccc2)CCCC1CC(O)c1ccccc1,,337.20417910400005,False,[]
3946,O=C(O)c1ccccc1Nc1cc(Cl)ccc1C(=O)O,,291.02983548,False,[]
3947,CN(CCCN1c2ccccc2CCc2ccccc21)CC(=O)c1ccc(Cl)cc1,,418.181191164,False,[]
3948,CCn1cc(C(=O)O)c(=O)c2cc(F)c(N3CCNC(C)C3)c(F)c21,,351.139447908,False,[]
3949,COc1ccc(CN2CCN(C(c3ccc(F)cc3)c3ccc(F)cc3)CC2)c(OC)c1OC,,468.2224492599999,False,[]
3950,O=NN(CCCl)C(=O)NC1CCCCC1,,233.093104432,False,[]
3951,CC(C)=CCc1c(O)c(CC=C(C)C)c2c(c1O)C(=O)CC(c1ccc(O)cc1)O2,,408.1936739959999,False,[]
3952,CCc1ccc(C(=C(Br)c2ccccc2)c2ccccc2)cc1,,362.06701270800005,False,[]
3953,O=C(O)c1nn(Cc2ccc(Cl)c(Cl)c2)c2ccccc12,,320.01193292,False,[]
3954,CN(C)C(=O)C(CC[NH+]1CCC(O)(c2ccc(Cl)cc2)CC1)(c1ccccc1)c1ccccc1,,477.23033242809,False,[]
3955,CN(C)C(=O)C(CCN1CCC(O)(c2ccc(Cl)cc2)CC1)(c1ccccc1)c1ccccc1,,476.223055976,False,[]
3956,NC(C(=O)NC1C(=O)N2C(C(=O)O)=C(Cl)CCC12)c1ccccc1,,349.08293367199997,False,[]
3957,CCOC(=O)N1CCC(=C2c3ccc(Cl)cc3CCc3cccnc32)CC1,,382.144805656,False,[]
3958,O=C1Nc2ccc(Cl)cc2C(c2ccccc2Cl)=NC1O,,320.01193292,False,[]
3959,CCCCCN(CCCCC)C(=O)C(CCC(=O)[O-])NC(=O)c1ccc(Cl)c(Cl)c1,,457.16663641190996,False,[]
3960,CCCCCN(CCCCC)C(=O)C(CCC(=O)O)NC(=O)c1ccc(Cl)c(Cl)c1,,458.173912864,False,[]
3961,CCCCc1nc(Cl)c(CO)n1Cc1ccc(-c2ccccc2-c2nn[nH]n2)cc1,,422.16218703600015,False,[]
3962,CCC(C)C(=O)OC1CC(C)C=C2C=CC(C)C(CCC3CC(O)CC(=O)O3)C21,,404.2562742519999,False,[]
3963,CC(=O)c1ccc(C)cc1NC(C(N)=O)c1c(Cl)cccc1Cl,,350.058883112,False,[]
3964,CN1CCN(C2=Nc3ccccc3Oc3ccc(Cl)cc32)CC1,,327.113839876,False,[]
3965,CC(C(=O)O)c1ccc(CC2CCCC2=O)cc1,,246.125594436,False,[]
3966,C1CCN2CC3CC(CN4CCCCC34)C2C1,,234.20959883199998,False,[]
3968,CCNCc1cc(C(C)(C)C)c(O)c(C(C)(C)C)c1,,263.224914548,False,[]
3969,CCCc1c(OCCCCc2nn[nH]n2)ccc(C(C)=O)c1O,,318.16919056399996,False,[]
3970,CN1C2CCC1CC(NC(=O)c1nn(C)c3ccccc13)C2,,298.179361324,False,[]
3971,O=c1cc(N2CCNCC2)oc2c(-c3ccccc3)cccc12,,306.136827816,False,[]
3972,CC(O)C(C)OC(=O)C1CC2c3cccc4c3c(cn4C(C)C)CC2N(C)C1,,384.241292884,False,[]
3973,O=c1cc(N2CCOCC2)oc2c(-c3ccccc3)cccc12,,307.120843404,False,[]
3976,O=C1C(Nc2ccccc2)=CC(=O)c2ncccc21,,250.07422756,False,[]
3977,CC(C)=CCCC(C)=CC=CC(C)=CC=CC(C)=CC=CC=C(C)C=CC=C(C)C=CC=C(C)CCC=C(C)C,,536.438201792,False,[]
3978,OC1C=C2CCN3Cc4cc5c(cc4C(C1O)C23)OCO5,,287.115758024,False,[]
3979,C=CC(C)(CCC=C(C)C)c1ccc2c3c(c[nH]c13)CC(CO)NC(=O)C(C(C)C)N2C,,437.304227488,False,[]
3981,CCN(CC)C(=O)C1C=C2c3cccc4[nH]cc(c34)CC2N(C)C1,,323.19976242,False,[]
3982,CN1CC(CO)C=C2c3cccc4[nH]cc(c34)CC21,,254.141913196,False,[]
3983,CCCCCCCCCCCCCCCCOCC(O)COP(=O)([O-])OCC[N+](C)(C)C,,481.3532250139999,False,[]
3984,CCCCCCCCCCCCCCCCOCC(O)COP(=O)(O)OCC[N+](C)(C)C,,482.36050146608994,False,[]
3985,CCCCCCCCCCCCCCCCCCOCC(O)COP(=O)([O-])OCC[N+](C)(C)C,,509.3845251419999,False,[]
3987,CCCCCCCCC=CCCCCCCCC(=O)OCC(O)COP(=O)([O-])O.[Na+],,458.2409345299999,False,[]
3988,CCCCCCCCC=CCCCCCCCC(=O)OCC(O)COP(=O)(O)O,,436.2589902819999,False,[]
3989,NCCCCC(N)C(=O)NC(Cc1c[nH]c2ccccc12)C(=O)NC(CCCCN)C(=O)O,,460.279803632,False,[]
3990,NCCCCC(N)C(=O)NC(Cc1ccc(O)cc1)C(=O)NC(CCCCN)C(=O)O,,437.26381922,False,[]
3991,C[N+](C)(C)c1cccc(C(O)(O)C(F)(F)F)c1,,250.10493980009,False,[]
3992,O=[N+]([O-])c1cccc(NCCOP(=O)(O)OP(=O)([O-])O)c1.[Be+2].[F-].[F-].[F-],,407.0024672118199,False,[]
3993,O=[N+]([O-])c1cccc(NCCOP(=O)(O)OP(=O)(O)O)c1,,342.0018032239999,False,[]
3994,CN(C)c1ccc(C(=O)NCCCCCCC(=O)NO)cc1,,307.18959166,False,[]
3995,CC(C)(C)NCC(O)c1cc(Cl)c(N)c(C(F)(F)F)c1,,310.105975536,False,[]
3998,NCc1ccc(S(N)(=O)=O)cc1,,186.04629856,False,[]
3999,COc1ccc2c(c1O)-c1c(O)c(OC)cc3c1C(C2)[N+](C)(C)CC3,,342.16998466809,False,[]
4000,CC(C)=CCCC(C)=CCc1c(O)c(C)cc2c1[nH]c1ccccc12,,333.209264484,False,[]
4001,CC1(C)CC(C23C=CC(CO)(CC2)OO3)CCC1Br,,330.083056696,False,[]
4002,Cn1cc2c3c1C(=O)C(N)=CC3=NCC2,,201.090211972,False,[]
4003,CC(=O)NCCCCC(NC(=O)OC(C)(C)C)C(=O)Nc1ccc2c(C)cc(=O)oc2c1,,445.221285712,False,[]
4004,CCOC(=O)CC(SP(=S)(OC)OC)C(=O)OCC,,330.036066958,False,[]
4005,CCC(C)C1NC(=O)C(CC(C)C)NC(=O)C(C(C)C)NC(=O)C2CSSCC(NC1=O)C(=O)N2,,529.239261348,False,[]
4006,CC(C)OC(=O)C(C(=O)OC(C)C)=C1SC=CS1,,288.049000992,False,[]
4007,CC1(O)OC(CO)C(OC2OC(CO)C(O)C(O)C2O)C(O)C1O,,356.13186158799994,False,[]
4008,COC(=O)C1=C(C)NC(C)=C(C(=O)OCCN2CCN(C(c3ccccc3)c3ccccc3)CC2)C1c1cccc([N+](=O)[O-])c1,,610.2791349360001,False,[]
4009,CC(=CCCC1=CCC(C2=CC(=O)OC2O)OC1O)CCC1=C(C)CCCC1(C)C,,416.256274252,False,[]
4010,CCCCC(C)C=C(C)C=C(C)C(=O)NC1=CC(O)(C=CC=CC=CC(=O)NC2=C(O)CCC2=O)C2OC2C1=O,,550.267901556,False,[]
4011,CNCCCC12CCC(c3ccccc31)c1ccccc12,,277.183049736,False,[]
4012,C=C(C)OCOC(=O)CN(CC(=O)OCOC(C)=O)c1ccc(C)cc1OCCOc1cc(C)ccc1N(CC(=O)OCOC(C)=O)CC(=O)OCOC(C)=O,,790.2796480120003,False,[]
4013,COc1cccc2c1C(=O)c1c(O)c3c(c(O)c1C2=O)CC(O)(C(C)=O)CC3OC1CC(N)C(OC2CC(O)C(O)C(C)O2)C(C)O1,,657.2421403079999,False,[]
4014,Cc1ccc(C(=O)c2c[nH]c(C=CC(=O)NO)c2)cc1,,270.100442308,False,[]
4015,CN(C)c1ccc(C(=O)c2c[nH]c(C=CC(=O)NO)c2)cc1,,299.126991404,False,[]
4018,C=C1C(=CC=C2CCCC3(C)C2CCC3C(C)OCCC(C)(C)O)CC(O)CC1O,,418.30830982399993,False,[]
4019,CN1C2CCC(C)(C)C1CC(OC(=O)C(O)(c1cccs1)c1cccs1)C2,,405.143235724,False,[]
4020,OC1(c2ccc(Cl)cc2)c2ccccc2C2=NCCN21,,284.07164071600005,False,[]
4021,CC1=NN(c2ccccc2)C(=O)C1,,174.07931294,False,[]
4022,C[N+](C)(C)CC#CCOC(=O)Nc1cccc(Cl)c1,,281.10513191609,False,[]
4023,O=C(O)C(=Cc1c(C(=O)O)[nH]c2cc(Cl)cc(Cl)c12)c1ccccc1,,375.006513192,False,[]
4024,c1ccc(C2CCCC2N/C2=N/CCCCCCCCCCC2)cc1,,340.287849152,False,[]
4025,NCCC1CCCC(CCN)N1,,171.17354767199998,False,[]
4026,C=C=CCNCCCCNCC=C=C,,192.16264864,False,[]
4027,CCCNC(=O)C1OC1C(=O)NC(C(=O)N1CCCC1C(=O)OC)C(C)CC,,397.221285712,False,[]
4028,CCCCCCCCC=CCC=CCC=CCCCC(=O)O,,306.255880328,False,[]
4029,CCCCCCCCC=CCC=CCC=CCCCC(=O)NCCO,,349.298079488,False,[]
4030,COC(=O)Nc1nc2ccc(C(=O)c3ccccc3)cc2[nH]1,,295.0956912760001,False,[]
4031,CCN(CCCCOC(=O)c1ccc(OC)c(OC)c1)C(C)Cc1ccc(OC)cc1,,429.25152321999997,False,[]
4032,CNC1(C)C2CCC(C2)C1(C)C,,167.167399672,False,[]
4033,CN(CCCl)CCCl,,155.026854712,False,[]
4034,Cc1cccc(CN2CCN(C(c3ccccc3)c3ccc(Cl)cc3)CC2)c1,,390.186276544,False,[]
4036,Cc1ccc(Cl)c(Nc2ccccc2C(=O)[O-])c1Cl,,294.00940749990997,False,[]
4037,Cc1ccc(Cl)c(Nc2ccccc2C(=O)O)c1Cl,,295.01668395200005,False,[]
4038,Cc1ccc(Cl)c(Nc2ccccc2C(=O)[O-])c1Cl.[Na+],,316.9986282,False,[]
4039,CN(C)CCOC(=O)COc1ccc(Cl)cc1,,257.081871052,False,[]
4041,CN1CCN=C(c2ccccc2)c2cc(Cl)ccc21,,270.09237616,False,[]
4042,CC(=O)OC1(C(C)=O)CCC2C3CC(C)C4=CC(=O)CCC4(C)C3CCC21C,,386.245709568,False,[]
4043,CC(=O)C1CCC2C3CC(C)C4=CC(=O)CCC4(C)C3C(O)CC12C,,344.23514488399996,False,[]
4044,Cc1cccc(Nc2ccccc2C(=O)O)c1C,,241.11027872,False,[]
4045,CCN(CC)CCNC(=O)COc1ccc(OC)cc1,,280.178692628,False,[]
4046,OC(c1cc(C(F)(F)F)nc2c(C(F)(F)F)cccc12)C1CCCCN1,,378.116682452,False,[]
4047,CN(CC1(C)CCCO1)S(=O)(=O)c1ccc(Cl)c(S(N)(=O)=O)c1,,382.04239138800006,False,[]
4048,CC(=O)OC1(C(C)=O)CCC2C3C=C(C)C4=CC(=O)CCC4(C)C3CCC21C,,384.230059504,False,[]
4049,CNCC(O)C(O)C(O)C(O)CO,,195.110672644,False,[]
4050,CCCCCC=CCC=CCCCCCCCC(=O)NC(C)c1ccccc1,,383.318814932,False,[]
4051,Cc1cnc(NC(=O)C2=C([O-])c3ccccc3S(=O)(=O)N2C)s1.[Na+],,373.01669214400005,False,[]
4053,NC(Cc1ccc(N(CCCl)CCCl)cc1)C(=O)O,,304.07453317599993,False,[]
4054,CC12CC3CC(C)(C1)CC(N)(C3)C2,,179.167399672,False,[]
4055,CC1=CC(=O)c2ccccc2C1=O,,172.052429496,False,[]
4056,CC(C)=CCCC(C)=CCCC(C)=CCCC(C)=CCC1=C(C)C(=O)c2ccccc2C1=O,,444.30283051999993,False,[]
4057,C[N+]1(C)CCCC(OC(=O)C(O)(c2ccccc2)c2ccccc2)C1,,340.19072011209,False,[]
4058,CCOC(=O)C1(c2ccccc2)CCN(C)CC1,,247.157228912,False,[]
4059,Cc1ccccc1OCC(O)CO,,182.094294308,False,[]
4060,CCC1(c2ccccc2)NC(=O)N(C)C1=O,,218.105527688,False,[]
4061,COC1(OC2CCC3C4CCC5CC6SC6CC5(C)C4CCC23C)CCCC1,,404.27490151999996,False,[]
4062,Cc1cccc(C)c1NC(=O)C1CCCCN1C,,246.173213324,False,[]
4063,CC1CC2C3CCC4=CC(=O)C=CC4(C)C3C(=O)CC2(C)C1(O)C(=O)CO,,372.1936739959999,False,[]
4064,CCCC(C)(COC(N)=O)COC(N)=O,,218.126657056,False,[]
4065,CCCNC(C)(C)COC(=O)c1ccccc1,,235.157228912,False,[]
4066,c1ccc2c(c1)Sc1ccccc1N2CC1CN2CCC1CC2,,322.15036970399996,False,[]
4068,O.O=C([O-])c1ccccc1-c1c2cc(Br)c(=O)cc-2oc2[c]([Hg])c([O-])c(Br)cc12,,704.8483273678199,False,[]
4069,O=C(O)c1ccccc1-c1c2cc(Br)c(=O)cc-2oc2[c]([Hg])c(O)c(Br)cc12,,688.852315588,False,[]
4072,CCCCN1C(=O)C(=CC=CC=C2Oc3ccccc3N2CCCS(=O)(=O)[O-])C(=O)N(CCCC)C1=S.[Na+],,569.163022024,False,[]
4073,CCCCN1C(=O)C(=CC=CC=C2Oc3ccccc3N2CCCS(=O)(=O)O)C(=O)N(CCCC)C1=S,,547.1810777759999,False,[]
4074,CC(O)C(C(=O)O)C1N=C(C(=O)O)C(SC2CNC(C(=O)N(C)C)C2)C1C,,401.162056584,False,[]
4075,Nc1ccc(O)c(C(=O)O)c1,,153.042593084,False,[]
4076,COc1cc(CCN)cc(OC)c1OC,,211.120843404,False,[]
4078,CN1CCCCC1CCN1c2ccccc2Sc2ccc(S(C)=O)cc21,,386.14865545199996,False,[]
4079,CC12CCC(=O)CC1CCC1C2CCC2(C)C1CCC2(C)O,,304.240230264,False,[]
4080,C#CC1(O)CCC2C3CCc4cc(OC)ccc4C3CCC21C,,310.193280072,False,[]
4081,CN1CC(CS(=O)(=O)N(C)C)CC2c3cccc4c3c(cn4C)CC21,,361.1823981040001,False,[]
4083,C=NC(C(=O)NC1C(=O)N2C1SC(C)(C)C2C(=O)[O-])c1ccccc1,,360.10235063591,False,[]
4084,C=NC(C(=O)NC1C(=O)N2C1SC(C)(C)C2C(=O)O)c1ccccc1,,361.109627088,False,[]
4085,O=[N+]([O-])c1cccc(OC2OC(CO)C(O)C(O)C2O)c1,,301.07976644,False,[]
4086,CC(C)NCC(O)c1cc(O)cc(O)c1,,211.120843404,False,[]
4087,CC(N)C(O)c1cccc(O)c1,,167.094628656,False,[]
4088,CC(=O)OC1CCC2C3CCC4CC(=O)C=C(C)C4(C)C3CCC12C,,344.23514488399996,False,[]
4089,CCCCCCC(=O)OC1CCC2C3CCC4CC(=O)C=C(C)C4(C)C3CCC12C,,414.31339520399996,False,[]
4090,CN1CC(CNC(=O)OCc2ccccc2)CC2c3cccc4c3c(cn4C)CC21,,403.22597716800004,False,[]
4092,COC(=O)C(C)C[N+](C)(C)C,,160.13320523609,False,[]
4095,CCC(=O)C(CC(C)N(C)C)(c1ccccc1)c1ccccc1,,309.209264484,False,[]
4097,CC[N+](C)(CC)CCOC(=O)C1c2ccccc2Oc2ccccc21,,340.19072011209,False,[]
4098,CN(C)CCN(Cc1cccs1)c1ccccn1,,261.129968608,False,[]
4099,CCC1(CC)C(=O)NC(=O)N(C)C1=O,,198.100442308,False,[]
4100,CC(=O)/N=c1\sc(S(N)(=O)=O)nn1C,,236.003782116,False,[]
4102,COc1cccc(OC)c1C(=O)NC1C(=O)N2C1SC(C)(C)C2C(=O)[O-],,379.09693090790995,False,[]
4103,COc1cccc(OC)c1C(=O)NC1C(=O)N2C1SC(C)(C)C2C(=O)O,,380.1042073599999,False,[]
4105,CSCCC(N)C(=O)NC(CC(C)C)C(=O)NC(Cc1ccccc1)C(=O)O,,409.20352747199996,False,[]
4106,CSc1ccc2c(c1)C(N1CCN(C)CC1)Cc1ccccc1S2,,356.138090768,False,[]
4107,COc1ccccc1OCC(O)COC(N)=O,,241.09502258,False,[]
4108,COc1ccccc1CNCCCCCCNCCCCCCCCNCCCCCCNCc1ccccc1OC,,582.487277224,False,[]
4109,CNC(=O)ON=C(C)SC,,162.04629856,False,[]
4110,CCCCCC(C)(CC=CC=CC(=O)OC(C)C)OC,,282.21949482,False,[]
4111,COC(C)(C)CCCC(C)CC=CC(C)=CC(=O)O,,268.203844756,False,[]
4112,CN(Cc1cnc2nc(N)nc(N)c2n1)c1ccc(C(=O)NC(CCC(=O)O)C(=O)O)cc1,,454.1713158039999,False,[]
4114,COc1c2occc2cc2ccc(=O)oc12,,216.042258736,False,[]
4115,COc1ccc(C(c2ccc(OC)cc2)C(Cl)(Cl)Cl)cc1,,344.01376276,False,[]
4116,COC(F)(F)C(Cl)Cl,,163.960726548,False,[]
4117,CNC(C)Cc1ccccc1OC,,179.131014164,False,[]
4118,COc1ccc(CC[NH+](C)CCCC(C#N)(c2cc(OC)c(OC)c(OC)c2)C(C)C)cc1OC,,485.30099883208993,False,[]
4119,COc1cc(C)c2c(=O)cc(-c3ccccc3)oc2c1,,266.09429430800003,False,[]
4120,C[N+]1(C)C2CC(OC(=O)C(CO)c3ccccc3)CC1C1OC12,,318.16998466808997,False,[]
4121,CN1C(CCl)Nc2cc(Cl)c(S(N)(=O)=O)cc2S1(=O)=O,,358.956803192,False,[]
4122,COC(=O)Nc1nc2ccc(C(=O)c3cccs3)cc2[nH]1,,301.05211221200005,False,[]
4123,CC1(O)CC(OC(=O)c2cc(O)c(O)c(O)c2)C(OC(=O)c2cc(O)c(O)c(O)c2)C(OC(=O)c2cc(O)c(O)c(O)c2)C1,,618.1220847519999,False,[]
4124,COC1OC(CO)C(O)C(OC2OC(CO)C(O)C(O)C2NC(C)=O)C1O,,397.158410684,False,[]
4125,CCCCCC=CCC=CCC=CCC=CCCCCP(=O)(F)OC,,370.24369524199994,False,[]
4126,COC(=O)C1Cc2cccc(c2)CNC(=O)CC(NC(=O)C(NC(=O)CC(C)C)C(C)C)C(=O)NC(CC(C)C)P(=O)(O)O1,,638.308065714,False,[]
4127,COC(=O)C(C)c1ccc(-c2ccccc2)c(F)c1,,258.10560794,False,[]
4128,CCCCCC=CCC=CCC=CCCCCCP(=O)(F)OC,,344.22804517799995,False,[]
4129,CCC=CCC=CCC=CCCCCCCCCP(=O)(F)OC,,344.22804517799995,False,[]
4130,COP(=S)(OC)Oc1ccc([N+](=O)[O-])cc1,,263.00173005,False,[]
4131,CP(=O)(O)OCC1OC(n2cnc3c(N)ncnc32)C(O)C1O,,345.0838198619999,False,[]
4132,COC(=O)C1C(O)C2(O)c3c(OC)cc(OC)cc3OC2(c2ccc(OC)cc2)C1c1ccccc1,,492.17841785599995,False,[]
4133,COC(=O)c1ccccc1O,,152.047344116,False,[]
4134,CC[N+](C)(CC)CCOC(=O)C(O)(c1ccccc1)c1ccccc1,,342.20637017609,False,[]
4135,Cc1cc(C(C)(C)CC(C)(C)C)ccc1OCCOCC[N+](C)(C)Cc1ccccc1,,426.33665606809,False,[]
4136,CNC(=O)OCC[N+](C)(C)C,,161.12845420409,False,[]
4138,CC(N)(Cc1ccc(O)c(O)c1)C(=O)O,,211.084457896,False,[]
4139,CN(C)c1ccc2nc3ccc(=[N+](C)C)cc-3sc2c1,,284.12159499609,False,[]
4140,CCC(CO)NC(=O)C1C=C2c3cccc4[nH]cc(c34)CC2N(C)C1,,339.19467704000004,False,[]
4141,Cc1ccc(C[N+](C)(C)C)o1,,154.12264055209,False,[]
4142,O=C(NO)c1ccc(CCSc2ccccc2)cc1,,273.08234972,False,[]
4143,O=C(Cc1ccc(NS(=O)(=O)c2ccc3ccccc3c2)cc1)NO,,356.08307799199997,False,[]
4144,O=C(CCc1ccc(NS(=O)(=O)c2ccccc2)cc1)NO,,320.08307799199997,False,[]
4145,O=C(C=Cc1ccc(NS(=O)(=O)c2ccc(-c3ccccc3)cc2)cc1)NO,,394.09872805599997,False,[]
4146,O=C(C#Cc1ccc(NS(=O)(=O)c2ccc(-c3ccccc3)cc2)cc1)NO,,392.08307799199997,False,[]
4147,O=C(C=CC=CCCCC(=O)c1ccc(-c2ccccc2)cc1)NO,,335.152143532,False,[]
4148,O=C(CCCCCCC(=O)c1ccc(N2CCN(c3ccccc3)CC2)cc1)NO,,409.236541852,False,[]
4149,CN(CCCCCC(=O)NO)Cc1ccc2ccccc2c1,,300.183778008,False,[]
4150,O=C(CCCCSCC(=O)c1ccc(-c2ccccc2)cc1)NO,,343.124214532,False,[]
4151,O=C(C=Cc1ccc(NS(=O)(=O)c2ccccc2)cc1)NO,,318.067427928,False,[]
4152,CC(=Cc1ccc(NS(=O)(=O)c2ccccc2)cc1)C(=O)NO,,332.08307799199997,False,[]
4153,CN(c1ccc(C=CC(=O)NO)cc1)S(=O)(=O)c1ccccc1,,332.08307799199997,False,[]
4154,COc1ccc(S(=O)(=O)Nc2ccc(C=CC(=O)NO)cc2)cc1OC,,378.088557296,False,[]
4155,CCN1CC2(OC(=O)c3ccccc3N3C(=O)CC(C)C3=O)CCC(OC)C34C5CC6C(OC)CC(O)(C5C6OC)C(O)(C(OC)C23)C14,,668.330895736,False,[]
4157,CCCC(CCC)C(=O)OC1CC2CCC(C1)[N+]2(C)C,,282.24275568409,False,[]
4158,COC(=O)C(c1ccccc1)C1CCCCN1,,233.141578848,False,[]
4159,CC1CC2C(C(O)CC3(C)C2CCC3(O)C(=O)CO)C2(C)C=CC(=O)C=C12,,374.20932406,False,[]
4160,CC12CCC(=O)C=C1CCC1C2CCC2(C)C1CCC2(C)O,,302.2245802,False,[]
4162,CCC1(CC)C(=O)NCC(C)C1=O,,183.125928784,False,[]
4163,CCC(CO)NC(=O)C1C=C2c3cccc4c3c(cn4C)CC2N(C)C1,,353.21032710400004,False,[]
4164,CN1c2ccccc2Sc2ccc(CC(=O)O)cc21,,271.066699656,False,[]
4165,Cc1cc2c(cc1S(N)(=O)=O)S(=O)(=O)CCC2,,275.02859989600006,False,[]
4166,COC1C(O)CC(OC2C(O)CC(OC3C(O)CC(OC4CCC5(C)C(CCC6C5CC(O)C5(C)C(C7=CC(=O)OC7)CCC65O)C4)OC3C)OC2C)OC1C,,794.4452567920001,False,[]
4167,CN1CCCC(CC2c3ccccc3Sc3ccccc32)C1,,309.155120736,False,[]
4168,CCN(CC)CCNC(=O)c1cc(Cl)c(N)cc1OC,,299.14005462399996,False,[]
4169,CCc1cccc(C)c1N(C(=O)CCl)C(C)COC,,283.13390662399996,False,[]
4170,Cc1ccccc1N1C(=O)c2cc(S(N)(=O)=O)c(Cl)cc2NC1C,,365.060090052,False,[]
4171,COCCc1ccc(OCC(O)CNC(C)C)cc1,,267.18344366,False,[]
4172,CC(=O)Nc1c(I)c(C(=O)NC(C=O)C(O)C(O)C(O)CO)c(I)c(N(C)C(C)=O)c1I,,788.8541086639999,False,[]
4173,Cc1ncc([N+](=O)[O-])n1CCO,,171.064391148,False,[]
4174,CC(C)(C(=O)c1cccnc1)c1cccnc1,,226.110613068,False,[]
4175,CCC(C)C(=O)OC1CC(C)C=C2C=CC(C)C(CCC3CCCC(=O)O3)C21,,388.26135963199994,False,[]
4176,CCOC(=O)C=C(C)OP(=O)(OC)OC,,238.06062483,False,[]
4177,CC1COC2(c3ccccc3Cl)c3cc(Cl)ccc3NC(=O)CN12,,362.05888311200005,False,[]
4178,Cc1cccc(C)c1OCC(C)N,,179.131014164,False,[]
4179,C=C(C)C12OC3(c4ccccc4)OC1C1C4OC4(CO)C(O)C4(O)C(=O)C(C)=CC4C1(O3)C(C)C2OC(=O)C=CC=Cc1ccccc1,,654.2464974159999,False,[]
4180,CN(CC(O)C(O)C(O)C(O)CO)C(=S)[S-].[Na+],,293.036758892,False,[]
4181,CN(CC(O)C(O)C(O)C(O)CO)C(=S)S,,271.05481464400003,False,[]
4182,COc1cc(C(O)CO)ccc1OS(=O)(=O)[O-],,263.02309727191005,False,[]
4183,COc1cc(C(O)CO)ccc1OS(=O)(=O)O,,264.030373724,False,[]
4184,CN1CCN2c3ccccc3Cc3ccccc3C2C1,,264.16264864,False,[]
4185,COc1cc(C)cc2c(-c3c(O)cc(O)c4c3CC(C)NC4C)cc(-c3cc(-c4c(O)cc(O)c5c4CC(C)NC5C)c4cc(C)cc(OC)c4c3O)c(O)c12,,756.341066496,False,[]
4186,COc1cc(O)c(-c2cc(-c3cc(-c4c(O)cc(O)c5c4CC(C)NC5C)c4cc(C)cc(OC)c4c3O)c(O)c3c(OC)cc(C)cc23)c2c1C(C)NC(C)C2,,770.35671656,False,[]
4187,COc1cc(C)cc2c(-c3c(O)cc(O)c4c3CC(C)NC4C)cc(-c3cc(-c4c(O)cc(O)c5c4CC(C)N(C)C5C)c4cc(C)cc(OC)c4c3O)c(O)c12,,770.3567165600001,False,[]
4188,COc1cc(O)c(-c2cc(-c3cc(-c4c(O)cc(O)c5c4CC(C)NC5C)c4cc(C)cc(OC)c4c3O)c(O)c3c(OC)cc(C)cc23)c2c1C(C)=NC(C)C2,,768.3410664959999,False,[]
4189,Clc1ccc(COC(Cn2ccnc2)c2ccc(Cl)cc2Cl)c(Cl)c1,,413.98602378799995,False,[]
4191,CNCC1OC(OC2C(N)CC(N)C(OC3OCC(C)(O)C(NC)C3O)C2O)C(N)CC1O,,479.295513272,False,[]
4192,Cc1ncc2n1-c1ccc(Cl)cc1C(c1ccccc1F)=NC2,,325.07820331600004,False,[]
4195,COc1ccc(OC)c(C(O)CNC(=O)CN)c1,,254.126657056,False,[]
4196,CC#CC1(O)CCC2C3CCC4=CC(=O)CCC4=C3C(c3ccc(N(C)C)cc3)CC21C,,429.26677936000004,False,[]
4197,Cc1[nH]c(=O)c(C#N)cc1-c1ccncc1,,211.074561908,False,[]
4198,COC1=C(C)C(=O)c2cc(=O)n(C)cc2C1=O,,233.068807832,False,[]
4199,Cc1cc(-c2ccccc2)nnc1NCCN1CCOCC1,,298.179361324,False,[]
4201,[H]/N=c1\nc(N2CCCCC2)cc(N)n1O,,209.12766009999999,False,[]
4202,Nc1cc(N2CCCCC2)nc(N)[n+]1OS(=O)(=O)[O-],,289.08447495999997,False,[]
4203,Nc1cc(N2CCCCC2)nc(N)[n+]1OS(=O)(=O)O,,290.09175141208993,False,[]
4204,CC(O)C#CC#CC#CC#CCCCCCCCC(=O)O,,284.14124449999997,False,[]
4205,CN1CCN2c3ncccc3Cc3ccccc3C2C1,,265.157897608,False,[]
4206,CCCCC(C)(O)CC=CC1C(O)CC(=O)C1CCCCCCC(=O)O,,368.2562742519999,False,[]
4208,OC(CBr)C(O)C(O)C(O)CBr,,305.910233064,False,[]
4209,COC1=C(C)C(=O)C2=C(C1=O)C(COC(N)=O)C1(OC)C3NC3CN21,,349.1273853280001,False,[]
4210,CC1=C(N)C(=O)c2c(COC(N)=O)c3n(c2C1=O)CC(N)C3,,304.11715499200005,False,[]
4211,Clc1ccc(C(c2ccccc2Cl)C(Cl)Cl)cc1,,317.95366104,False,[]
4212,O=C1c2c(O)ccc(O)c2C(=O)c2c(NCCNCCO)ccc(NCCNCCO)c21,,444.200884616,False,[]
4213,NC(=O)c1ncn(C2OC(CO)C(O)C2O)c1O,,259.080435136,False,[]
4214,CCCCCCCCCCCCCCCCOCC(COCC(F)(F)F)OP(=O)([O-])OC.[Li+],,498.2909399359999,False,[]
4215,CCCCCCCCCCCCCCCCOCC(COCC(F)(F)F)OP(=O)(O)OC,,492.2827604179999,False,[]
4216,O=S(=O)(c1cccc2c(I)cccc12)N1CCCNCC1,,416.0055467840001,False,[]
4217,O=S(=O)(c1cccc2c(Cl)cccc12)N1CCCNCC1,,324.06992646400005,False,[]
4218,COc1ccc(S(=O)(=O)N2CC(C)(C)CN(S(=O)(=O)c3ccc(OC)cc3)C2C(=O)NO)cc1,,513.1239568239998,False,[]
4219,CNC(=O)C(CCc1ccccc1)NC(=O)C(CC(=O)NO)CC(C)C,,363.215806408,False,[]
4220,CCCCCCCCC=CCCCCCCCC(=O)NO,,297.26677936,False,[]
4222,O=C(O)C(Cc1ccccc1)NS(=O)(=O)c1ccc(-c2ccccc2)cc1,,381.10347908800003,False,[]
4223,O=C(NO)C(Cc1ccccc1)NS(=O)(=O)c1ccc(-c2ccccc2)cc1,,396.11437811999997,False,[]
4224,CCCC(C)N(CC(=O)NO)S(=O)(=O)c1ccc(OC)cc1,,330.124942804,False,[]
4226,O=C(O)CCC(=NO)c1ccc2oc3ccccc3c2c1,,283.084457896,False,[]
4227,O=C(O)CCC(=NO)c1ccc(-c2ccccc2)cc1,,269.10519334,False,[]
4228,COc1ccc(S(=O)(=O)C2Cc3ccccc3CC2C(=O)NO)cc1,,361.098393708,False,[]
4229,COc1ccc(S(=O)(=O)N2Cc3ccccc3CC2C(=O)NO)cc1,,362.09364267599994,False,[]
4230,COc1ccc(S(=O)(=O)N2CCN(C(=O)OCc3ccccc3)CC2C(=O)NO)cc1,,449.125671076,False,[]
4232,O=C(O)c1ccc(/C2=C3\C=CC(=N3)C(=c3ccc(=C(O)O)cc3)C3=N/C(=C(/c4ccc(C(=O)O)cc4)c4ccc([nH]4)/C(c4ccc(C(=O)O)cc4)=C4/C=CC2=N4)C=C3)cc1,,790.2063639200001,False,[]
4233,C[n+]1ccc(-c2c3nc(c(-c4cc[n+](C)cc4)c4ccc([n-]4)c(-c4cc[n+](C)cc4)c4nc(c(-c5cc[n+](C)cc5)c5ccc2[n-]5)C=C4)C=C3)cc1.[Mn+3],,731.2415953524501,False,[]
4234,C[n+]1ccc(-c2c3nc(c(-c4cc[n+](C)cc4)c4ccc([nH]4)c(-c4cc[n+](C)cc4)c4ccc([nH]4)c(-c4cc[n+](C)cc4)c4nc2C=C4)C=C3)cc1,,678.3197488963601,False,[]
4235,O=C(NCCN1CCOCC1)c1ccc(Cl)cc1,,268.097855464,False,[]
4236,NC(=O)CS(=O)C(c1ccccc1)c1ccccc1,,273.08234972,False,[]
4237,COc1ccc(-c2noc(CC(=O)O)c2-c2ccc(OC)cc2)cc1,,339.11067264400003,False,[]
4238,CCOC([O-])=Nc1c[n+](N2CCOCC2)no1,,242.101504928,False,[]
4239,CCOC(=O)Nc1c[n+](N2CCOCC2)no1,,243.10878138009,False,[]
4240,CC1CC2C3CCC4=CC(=O)C=CC4(C)C3(Cl)C(O)CC2(C)C1(OC(=O)c1ccco1)C(=O)CCl,,520.1419440399999,False,[]
4242,CCC1(C2OC(C3OC(O)(CO)C(C)CC3C)CC2C)CCC(C2(C)CCC3(CC(O)C(C)C(C(C)C(OC)C(C)C(=O)[O-])O3)O2)O1,,669.4219363519101,False,[]
4243,CCC1(C2OC(C3OC(O)(CO)C(C)CC3C)CC2C)CCC(C2(C)CCC3(CC(O)C(C)C(C(C)C(OC)C(C)C(=O)O)O3)O2)O1,,670.4292128040001,False,[]
4244,CCC1(O)OC(C2CC(C)C(C3(CC)CCC(C4(C)CCC5(CC(O)C(C)C(C(C)C(OC)C(C)C(=O)[O-])O5)O4)O3)O2)C(C)CC1C,,667.4426717959099,False,[]
4245,CCC1(O)OC(C2CC(C)C(C3(CC)CCC(C4(C)CCC5(CC(O)C(C)C(C(C)C(OC)C(C)C(=O)O)O5)O4)O3)O2)C(C)CC1C,,668.4499482479998,False,[]
4246,CC1C(=O)OC2CCN3CC=C(COC(=O)C(C)(O)C1(C)O)C23,,325.152537456,False,[]
4247,CN(C)c1cccc2c(S(=O)(=O)NCCCCCN)cccc12,,335.16674804,False,[]
4248,CC(C)(O)c1ccccc1CCC(SCC1(CC(=O)O)CC1)c1cccc(C=Cc2ccc3ccc(Cl)cc3n2)c1,,585.2104426919999,False,[]
4249,Cc1ccc(C2(O)CCN(CCCC(=O)c3ccc(F)cc3)CC2)cc1,,355.194757292,False,[]
4250,Cc1ccsc1C=CC1=NCCCN1C,,220.103419512,False,[]
4252,COC1(NC(=O)CSC(F)F)C(=O)N2C(C(=O)O)=C(CSc3nnnn3CCO)COC21,,496.06464535599997,False,[]
4253,CN1CCC23c4c5ccc(O)c4OC2C(O)C=CC3C1C5,,285.136493468,False,[]
4254,COCCCC(NC(=O)c1cccn1C(=O)C(NC(O)N1CCOCC1)C(c1ccccc1)c1ccccc1)B(O)O,,578.291179988,False,[]
4255,CCO/C([O-])=N/C1=C[N+](N2CCOCC2)=NC1,,240.122240372,False,[]
4257,O=C1NC2CCCCN2C12CCN(CCCN1c3ccccc3CCc3ccc(Cl)cc31)CC2,,478.24993942000003,False,[]
4258,COC1(NC(=O)C(C(=O)O)c2ccc(O)cc2)C(=O)N2C(C(=O)O)=C(C)COC21,,406.10123015599993,False,[]
4259,COc1c(N2CC3CCCNC3C2)c(F)cc2c(=O)c(C(=O)O)cn(C3CC3)c12,,401.17508446799997,False,[]
4260,CC(=O)Oc1cc(C(C)C)c(OCCN(C)C)cc1C,,279.18344366,False,[]
4261,Nc1ccccc1NC(=O)c1ccc(CNC(=O)OCc2cccnc2)cc1,,376.1535405,False,[]
4262,CCCCCCCCN1C(=O)C(C(C)=O)=C(C)C1(C)O,,281.199093724,False,[]
4263,CC(=O)C1=C(C)C(C)(O)NC1=O,,169.073893212,False,[]
4264,CC(=CC(=O)OCCCCCCCCC(=O)O)CC1OCC(CC2OC2C(C)C(C)O)C(O)C1O,,500.29853298799986,False,[]
4265,CC(C)CCC(O)C(C)(O)C1CCC2(O)C3=CC(=O)C4(O)CC(O)C(O)CC4(C)C3C(O)CC12C,,496.3036183679999,False,[]
4271,COc1c(C)c2c(c(O)c1CC=C(C)CCC(=O)OCCN1CCOCC1)C(=O)OC2,,433.210052332,False,[]
4272,COc1c(C)c2c(c(O)c1CC=C(C)CCC(=O)O)C(=O)OC2,,320.12598835999995,False,[]
4273,COc1ccc(CNc2nc(NCc3ccc(OC)cc3)c3ncn(C(C)C)c3n2)cc1,,432.22737413600004,False,[]
4274,CCOCCP(CCOCC)CCP(CCOCC)CCOCC,,382.24018301999996,False,[]
4276,C=CCc1cc(OC)c2c(c1)OCO2,,192.078644244,False,[]
4277,O=C(NC1CCCCC1)NC1CCCCC1,,224.188863388,False,[]
4278,CN(C)C(=O)N=NC(=O)N(C)C,,172.096025624,False,[]
4279,CCCCCCCCCCCCCCCC(O)C(CO)[N+](C)(C)C,,344.35230613209,False,[]
4280,O=C(O)c1cccc(S(=O)(=O)N(CCO)CCO)c1,,289.06200820000004,False,[]
4281,CCN(CC)C(=O)C(NS(=O)(=O)c1ccc(C)cc1)C(C)C,,326.166413692,False,[]
4282,CCNCCCNCCCNCCCNCC,,244.26269702399998,False,[]
4283,CCNCCCNCCCCNCCCNCC,,258.278347088,False,[]
4284,CCN(CC)C(=O)c1cccc(C)c1,,191.131014164,False,[]
4285,CCCCCCCCCCCCCC=CC(O)C(CO)N(C)C,,327.31372955200004,False,[]
4286,NC(N)=Nc1ccc(CNC(=O)NC23CC4CC(CC(C4)C2)C3)cc1,,341.221560484,False,[]
4287,NS(=O)(=O)C1CCC(C(=O)NCc2c(F)c(F)c(F)c(F)c2F)CC1,,386.07235444,False,[]
4288,NS(=O)(=O)c1ccc(C(=O)NCc2c(F)cccc2F)cc1,,326.053669684,False,[]
4289,NCCNC(=O)c1ccc(Cl)cc1,,198.055990652,False,[]
4290,NS(=O)(=O)c1ccc(C(=O)NCc2ccccc2F)cc1,,308.063091496,False,[]
4291,Cc1ccc(S(=O)(=O)N(CCO)CC(C)O)cc1,,273.10347908800003,False,[]
4292,COc1ccc2c(c1)c(CC(=O)NCCc1ccccc1)c(C)n2C(=O)c1ccc(Cl)cc1,,460.15537034000005,False,[]
4293,NS(=O)(=O)c1ccc(S(=O)(=O)NCc2cccs2)s1,,337.95234080000006,False,[]
4294,Nc1cc(S(=O)(=O)Nc2ccccc2C(=O)O)ccc1O,,308.04669248399995,False,[]
4295,COc1ccc2c(c1)c(CC(=O)NCCc1cccnc1)c(C)n2C(=O)c1ccc(Cl)cc1,,461.150619308,False,[]
4296,FC(F)(F)c1cccc(N2CCNCC2)c1,,230.103083076,False,[]
4297,COc1ccc2c(c1)c(CC(=O)NCCc1ccc(NC(C)=O)cc1)c(C)n2C(=O)c1ccc(Cl)cc1,,517.176834056,False,[]
4298,NCCCCNS(=O)(=O)c1ccc2ccccc2c1,,278.108898816,False,[]
4299,NCCCCNS(=O)(=O)c1ccc2c(Cl)cccc2c1,,312.069926464,False,[]
4300,[H]/N=C(\N)c1ccc(NC(=O)c2cc(C)cc(I)c2O)cc1Cl,,428.974102336,False,[]
4301,[H]/N=C(\N)c1ccc(NC(=O)c2ccccc2O)cc1,,255.100776656,False,[]
4302,O=C(O)c1ccc(N2C(=O)C=CC2=O)cc1O,,233.032422324,False,[]
4303,NCCCCCNS(=O)(=O)c1cccc2ccccc12,,292.12454888,False,[]
4304,NCCCCCNS(=O)(=O)c1cccc2c(Cl)cccc12,,326.085576528,False,[]
4305,NCCCCCNS(=O)(=O)c1ccc2c(Cl)cccc2c1,,326.085576528,False,[]
4306,NCCCCCCNS(=O)(=O)c1ccc2c(Cl)cccc2c1,,340.101226592,False,[]
4307,NCCCCCCCCNS(=O)(=O)c1cccc2c(I)cccc12,,460.06814704000004,False,[]
4308,CC(C)CC(NC(=O)OCC1c2ccccc2-c2ccccc21)C(=O)O,,353.162708216,False,[]
4309,c1ccc(CNn2nnc3ccccc32)cc1,,224.106196384,False,[]
4310,O=C(O)c1cccc2c1Oc1c(C(=O)O)cccc1N2c1cccc(C(F)(F)F)c1,,415.066757144,False,[]
4311,Cc1ccc(S(=O)(=O)NC(CCC(N)=O)C(=O)OC(C)C)cc1,,342.124942804,False,[]
4312,O=C(O)CC(NC(=O)CP(=O)(O)O)C(=O)O,,255.01440291000003,False,[]
4313,COc1cc(OC)cc(C(=O)NC2C(O)C(CO)OC2n2cnc3c(NC4CCCc5ccccc54)ncnc32)c1,,560.2383327440002,False,[]
4314,NCCCCCCNS(=O)(=O)c1cccc2ccccc12,,306.140198944,False,[]
4315,COC(=O)N1C=CN(c2ccnc(-n3ccnc3)n2)C(CC(=O)NCc2ccc3c(c2)OCO3)=C1,,475.16041677199996,False,[]
4316,COc1ccc(CNS(=O)(=O)c2ccc(S(N)(=O)=O)s2)cc1,,362.00648454799995,False,[]
4317,CC(C)CCNC(=O)C(CC(C)C)NC(=O)C(O)CC(=O)O,,316.19982199599997,False,[]
4318,CC(C)(C)NC(=O)C1CN(Cc2cc3ccccc3o2)CCN1CC(O)CC(Cc1ccccc1)C(=O)NC1c2ccccc2CC1O,,652.362470636,False,[]
4319,CC(C)(C)NC(=O)C1CN(Cc2ccc3c(c2)OCO3)CCN1CC(O)CC(Cc1ccccc1)C(=O)NC1c2ccccc2CC1O,,656.357385256,False,[]
4320,CC1CCC(O)C1NC(=O)C(Cc1ccccc1)CC(O)CN1CCN(C(=O)c2cnc(N3CCN(C)CC3)c(Cl)n2)CC1C(=O)NC(C)(C)C,,726.39839454,False,[]
4321,CC(C)CC(NC(=O)OCc1ccccc1)C(=O)NNC(=O)c1csc(C(CC(C)C)NC(=O)OCc2ccccc2)n1,,609.2621049679999,False,[]
4322,[H]/N=C(\N)c1ccc(O)c(Oc2nc(Oc3cccc(C4=NCCN4C)c3)c(F)c(N(C)CC(=O)O)c2F)c1,,526.1776243080001,False,[]
4323,CNC(=O)C(Cc1ccc(OC)cc1)NC(=O)C(CC(=O)NO)CC(C)C,,379.210721028,False,[]
4324,Cc1ncc(COP(=O)(O)O)c(CNC2(C(=O)O)CC2)c1O,,332.07733751399996,False,[]
4326,O=C(O)CCNC(=O)C1CCCN1S(=O)(=O)c1ccc(C(=O)NC(CCC(=O)O)C(=O)O)cc1,,499.1260649999999,False,[]
4327,Cc1ccc(NC(=O)c2cccnc2)cc1Nc1nccc(-c2cccnc2)n1,,382.15420919600007,False,[]
4328,CC(C)CC(C(=O)NO)N(Cc1ccccc1)P(C)(=O)c1ccccc1,,374.175929354,False,[]
4329,CC(=O)NC(CC(=O)O)C(=O)NC(CCC(=O)O)C(=O)NC(C(=O)NC(CC(=O)O)C(=O)Nc1ccc([N+](=O)[O-])cc1)C(C)C,,638.218385148,False,[]
4330,CC(=O)NC(CC(=O)O)C(=O)NC(CCC(=O)O)C(=O)NC(C(=O)NC(C=O)CC(=O)O)C(C)C,,502.1911077799999,False,[]
4331,CSCCC(C=O)NC(=O)C(CC(C)C)NC(=O)C(CC(C)C)NC(C)=O,,401.2348276,False,[]
4332,CCCCC(C=O)NC(=O)C(CC(C)C)NC(=O)C(CC(C)C)NC(C)=O,,383.27840666400004,False,[]
4333,CC(=O)NC(CC(C)C)C(=O)NC(C=O)Cc1ccccc1,,304.178692628,False,[]
4334,CC(=O)N(C)C(Cc1ccc(O)cc1)C(=O)NC(C(=O)NC(C)C(=O)NC(C=O)CC(=O)O)C(C)C,,506.23766404799994,False,[]
4335,CC(=O)NC(CO)C(O)c1ccc([N+](=O)[O-])cc1,,254.090271548,False,[]
4336,COC(=O)C(CSCC=C(C)CCC=C(C)CCC=C(C)C)NC(C)=O,,381.23376498,False,[]
4337,CC(=O)NC(Cc1ccc(O)cc1)C(=O)NC(C(=O)NC(C)C(=O)NC(CC(=O)O)C(=O)Nc1ccc2c(C)cc(=O)oc2c1)C(C)C,,665.269692448,False,[]
4338,CC(=O)NC(Cc1ccc(O)cc1)C(=O)NC(C(=O)NC(C)C(=O)NC(CC(=O)O)C(=O)Nc1ccc([N+](=O)[O-])cc1)C(C)C,,628.249291352,False,[]
4339,CC(=O)NC(Cc1ccc(O)cc1)C(=O)NC(C(=O)NC(C)C(=O)NC(C=O)CC(=O)O)C(C)C,,492.22201398399994,False,[]
4340,CC1=NC2C(OC(CO)C(O)C2O)S1,,219.056528896,False,[]
4341,CCCCCC=CCC=CC=CC=CC(SCC(NC(C)=O)C(=O)O)C(O)CCCC(=O)O,,481.24980896799985,False,[]
4342,CCN(CC)CCNC(=O)c1ccc(NC(C)=O)cc1,,277.179026976,False,[]
4343,Cc1ccc(S(=O)(=O)NC(CCCCN)C(N)=O)cc1,,299.13036253200005,False,[]
4345,CCCCCC=CCC=CCC=CCC=CCCCC(=O)NCC(=O)O,,361.26169397999996,False,[]
4346,CCOC(CN(Cc1ccc2c(c1)OCO2)S(=O)(=O)c1ccc(C)cc1)OCC,,421.155908584,False,[]
4347,NS(=O)(=O)c1ccc(C(=O)NCc2ccccc2)cc1,,290.072513308,False,[]
4348,OCCNCc1ccccc1,,151.099714036,False,[]
4349,CC(NC(=O)OCc1ccccc1)C(=O)N1CCCC1C(=O)NC(Cc1ccccc1)C(C)O,,467.242021156,False,[]
4350,O=CC1CCCN1C(=O)C1CCCN1C(=O)OCc1ccccc1,,330.157957184,False,[]
4351,CC(C)(C)OC(=O)NCCCCN,,188.15247788,False,[]
4352,CC(C)(C)OC(=O)NCCCCCN,,202.168127944,False,[]
4354,CC(=O)N(Br)CCOP(=O)(O)O,,260.940171118,False,[]
4355,NCCCCNNC(=O)C1CCCN1C(=O)OCc1ccccc1,,334.20049069199996,False,[]
4356,CC(C)CC(NC(=O)C(Cc1ccccc1)NCC(=O)O)C(=O)O,,336.1685218679999,False,[]
4357,O=C(Nc1ccc(I)cc1)NC1CCCCC1,,344.03856116400004,False,[]
4358,O=C(NCCCc1ccccc1)NC1CCCCC1,,260.188863388,False,[]
4359,CCCCCCCCCCNC(=O)NC1CCCCC1,,282.267113708,False,[]
4360,NC(CCCCNC=O)C(=O)O,,174.100442308,False,[]
4361,CCNC(=O)C=C(C)C=CC=C(C)C=CC1=C(C)CCCC1(C)C,,327.256214676,False,[]
4363,CSCCC(NC=O)C(=O)NC(C)C(=O)O,,248.083077992,False,[]
4364,CSCCC(NC=O)C(=O)NC(CC(C)C)C(=O)NC(Cc1ccccc1)C(=O)O,,437.198442092,False,[]
4365,CSCCC(NC=O)C(=O)NC(Cc1ccccc1)C(=O)O,,324.11437811999997,False,[]
4366,C/N=C(\N)NCCCC(N)C(=O)O,,188.127325752,False,[]
4367,N/C(=N\CCCC(N)C(=O)O)N[N+](=O)[O-],,219.096753896,False,[]
4368,COc1ccc(S(=O)(=O)N(Cc2cccnc2)c2c(C)cccc2C(=O)NO)cc1,,427.120191772,False,[]
4369,O=C(CC1(S(=O)(=O)c2ccc(Oc3ccccc3)cc2)CCOCC1)NO,,391.10895839200003,False,[]
4370,COc1ccc(S(=O)(=O)N2CCCSC(C)(C)C2C(=O)NO)cc1,,374.09701380399997,False,[]
4372,CCCCCC=CCC=CCCCCCCCC(=O)NCC(=O)O,,337.26169397999996,False,[]
4373,COC(=O)CCC(=O)NC(C)C(=O)NC(C)C(=O)N1CCCC1C(=O)NC(C(=O)CCl)C(C)C,,502.21942714,False,[]
4374,CC(C(O)c1ccccc1)N(C)C,,179.131014164,False,[]
4375,CNC(=O)c1cc2c(cn1)[nH]c1ccccc12,,225.090211972,False,[]
4379,CN(CC(=O)O)S(=O)(=O)c1ccccc1,,229.040878832,False,[]
4380,C#CCN(C)CCCOc1ccc(Cl)cc1Cl,,271.05306946,False,[]
4381,CN1CC(O)C(O)C(O)C1CO,,177.10010796,False,[]
4382,CNCCc1ccc(O)c(O)c1,,167.094628656,False,[]
4383,CCCCCCCCC=CCCCCCCCC(=O)NCCO,,325.298079488,False,[]
4384,Cc1ccc(S(=O)(=O)NC(C(=O)CCl)C(C)C)cc1,,303.069592116,False,[]
4385,CC(NC(=O)C(C)NC(=O)OC(C)(C)C)C(N)=O,,259.153206152,False,[]
4386,O=C(O)c1ccccc1Nc1ccccc1,,213.078978592,False,[]
4387,CCC/N=C(\N)NCCCC(N)C(=O)O,,216.15862588,False,[]
4388,CCCNC(=O)C(O)C(O)C(=O)O,,191.079372516,False,[]
4389,O=C(O)CCC(=O)N1CCCC1C(=O)O,,215.079372516,False,[]
4390,CC(C)(C)[N+]([O-])=Cc1ccccc1,,177.1153641,False,[]
4391,Nc1cccc(S(=O)(=O)N(CCO)CCO)c1,,260.083077992,False,[]
4392,Cc1ccc2c(c1)ncn2C1OC(COP(=O)(O)O)C(O)C1O,,344.07733751399996,False,[]
4393,COCCN1CCCCC(NC(=O)C(CC(C)C)C(CCCO)C(=O)NO)C1=O,,415.26823590399994,False,[]
4394,CC(C)CC(CC(=O)NO)C(=O)NC1Cc2cn(c3ccccc23)CCCCCCNC1=O,,456.273655632,False,[]
4395,C/C(N)=N\CCCC(N)C(=O)O,,173.11642672,False,[]
4396,Nc1ccc(CNc2ncnc3c2ncn3C2OC(CO)C(O)C2O)cc1,,372.1546031199999,False,[]
4397,Nc1ccc(CCNc2ncnc3c2ncn3C2OC(CO)C(O)C2O)cc1,,386.1702531839999,False,[]
4398,OCC1OC(n2cnc3c(NCCc4ccccc4)ncnc32)C(O)C1O,,371.159354152,False,[]
4399,CC(C)C(OC(=O)C(CS)NC(=O)CCCC(N)C(=O)O)C(=O)O,,364.1304221079999,False,[]
4400,CCNC(=O)C1OC(n2cnc3c(NCc4ccccc4)ncnc32)C(O)C1O,,398.170253184,False,[]
4401,Cn1cnc2c(NC3CCCC3)ncnc21,,217.13274547999998,False,[]
4402,OCC1OC(n2cnc3c(NC4CCCC4)ncnc32)C(O)C1O,,335.159354152,False,[]
4403,CNc1ncnc2c1ncn2C1OC(COP(=O)(O)O)C(O)C1O,,361.07873448199985,False,[]
4404,O=C(COc1ccccc1)Nc1ncnc2c1ncn2C1CC(O)C(CO)O1,,385.13861870799997,False,[]
4405,OCC1OC(n2cnc3c(Nc4ccccc4)ncnc32)C(O)C1O,,343.128054024,False,[]
4406,[H]/N=C(\N)c1ccc(CC(NC(=O)CNS(=O)(=O)c2ccc3ccccc3c2)C(=O)N2CCCCC2)cc1,,521.2096754720001,False,[]
4407,O=C1C=CC(=O)c2c(O)c(Cl)c(Cl)c(O)c21,,257.948663968,False,[]
4408,O=C(O)CCC(CP(=O)(O)CC(CCC(=O)O)C(=O)O)C(=O)O,,354.0715834379999,False,[]
4409,COc1ccc2cc(CCC(C)=O)ccc2c1,,228.115029752,False,[]
4410,CC1CCc2c(N3CCC(O)CC3)c(F)cc3c(=O)c(C(=O)O)cn1c23,,360.148535372,False,[]
4411,CC(C)(C)NCC(O)COc1cccc2c1CC(O)C(O)C2,,309.194008344,False,[]
4412,NC(=O)c1ccc[n+](C2OC(COP(=O)([O-])OP(=O)(O)OCC3OC(n4cnc5c(N)ncnc54)C(OP(=O)(O)O)C3O)C(O)C2O)c1,,743.0754523260002,False,[]
4413,[H]/N=C(\N)c1ccc2cc(OC(=O)c3ccc(N=C(N)N)cc3)ccc2c1,,347.138224784,False,[]
4414,CCOc1ccc2ccccc2c1NC(=O)C1C(=O)N2C1SC(C)(C)C2C(=O)[O-],,413.11766635191003,False,[]
4415,CCOc1ccc2ccccc2c1NC(=O)C1C(=O)N2C1SC(C)(C)C2C(=O)O,,414.124942804,False,[]
4416,COc1ccc2c(c1)CCC(c1ccccc1)=C2c1ccc(OCCN2CCCC2)cc1,,425.23547923200005,False,[]
4417,CCN(CC)CCOC(=O)C(Cc1cccc2ccccc12)CC1CCCO1,,383.246043916,False,[]
4418,COc1ccccc1N1CCN(CC(O)COc2cccc3ccccc23)CC1,,392.209992756,False,[]
4419,Oc1ccc2c3c1OC1C(O)CCC4(O)C(C2)N(CC2CCC2)CCC314,,357.194008344,False,[]
4420,COP(=O)(OC)OC(Br)C(Cl)(Cl)Br,,377.782574894,False,[]
4421,CCn1cc(C(=O)O)c(=O)c2ccc(C)nc21,,232.084792244,False,[]
4422,C=C1CCC2(O)C3Cc4ccc(O)c5c4C2(CCN3CC2CC2)C1O5,,339.18344366,False,[]
4423,C=CCN1CCC23c4c5ccc(O)c4OC2C(O)C=CC3C1C5,,311.152143532,False,[]
4424,C=CCN1CCC23c4c5ccc(O)c4OC2C(=NN=C2CCC4(O)C6Cc7ccc(O)c8c7C4(CCN6CC=C)C2O8)CCC3(O)C1C5,,650.3104350640001,False,[]
4425,C=CCN1CCC23c4c5ccc(O)c4OC2C(=O)CCC3(O)C1C5,,327.147058152,False,[]
4426,C=CCN1CCC23c4c5ccc(O)c4OC2C(=NNC(=O)c2ccccc2)CCC3(O)C1C5,,445.200156344,False,[]
4427,Cc1ccc(S(=O)(=O)NC(CCCCN)C(=O)CCl)cc1,,332.096141212,False,[]
4428,O=C1CCC2(O)C3Cc4ccc(O)c5c4C2(CCN3CC2CC2)C1O5,,341.162708216,False,[]
4429,Oc1ccc2c3c1OC1c4oc5ccccc5c4CC4(O)C(C2)N(CC2CC2)CCC314,,415.17835828000005,False,[]
4430,Oc1ccc2c3c1OC1c4[nH]c5ccccc5c4CC4(O)C(C2)N(CC2CC2)CCC314,,414.194342692,False,[]
4431,COc1ccccc1N1CCN(CCCCN2C(=O)c3ccccc3C2=O)CC1,,393.20524172399996,False,[]
4432,CCCCCCCCCC(=O)OC1CCC2C3CCC4=CC(=O)CCC4C3CCC12C,,428.32904526799996,False,[]
4433,CC12CCC3C4CCC(=O)C=C4CCC3C1CCC2OC(=O)CCC1CCCCC1,,412.29774513999996,False,[]
4434,CC12CCC3C4CCC(=O)C=C4CCC3C1CCC2OC(=O)CCc1ccco1,,396.23005950399994,False,[]
4435,CC12CCC3C4CCC(=O)C=C4CCC3C1CCC2OC(=O)CCc1ccccc1,,406.25079494799996,False,[]
4436,c1ccc2c(CC3=NCCN3)cccc2c1,,210.115698448,False,[]
4437,O=S(=O)([O-])c1ccc2c(S(=O)(=O)[O-])cc(S(=O)(=O)[O-])cc2c1,,364.91121547973,False,[]
4438,O=S(=O)(O)c1ccc2c(S(=O)(=O)O)cc(S(=O)(=O)O)cc2c1,,367.93304483599997,False,[]
4439,CCC(C(=O)C(C)C(O)C(C)C1OC(C(C)C(=O)O)C(C)CC1C)C1OC2(C=CC(O)C3(CCC(C)(C4CCC(O)(CC)C(C)O4)O3)O2)C(C)CC1C,,750.4918130600001,False,[]
4440,CNS(=O)(=O)CCc1ccc2[nH]cc(C3CCN(C)CC3)c2c1,,335.16674804,False,[]
4441,CC1OC(OC2C(Oc3cc(O)c4c(c3)OC(c3ccc(O)cc3)CC4=O)OC(CO)C(O)C2O)C(O)C(O)C1O,,580.1792057039999,False,[]
4442,Cn1cc(C(=O)C2CCc3nc[nH]c3C2)c2ccccc21,,279.137162164,False,[]
4443,CC(C)C1CCC(C(=O)NC(Cc2ccccc2)C(=O)O)CC1,,317.199093724,False,[]
4445,COc1ccc2nc(S(=O)Cc3ccccc3N(C)C)[nH]c2c1,,329.1197978480001,False,[]
4447,N#Cc1ccc(N/C(=N\CC(=O)O)NC(c2ccccc2)c2ccccc2)cc1,,384.15862588,False,[]
4448,Cc1ccc(S(=O)(=O)NC(CCCNC(=O)OCc2ccccc2)C(=O)O)cc1,,420.1355074879999,False,[]
4449,CCc1nn(CCCN2CCN(c3cccc(Cl)c3)CC2)c(=O)n1CCOc1ccccc1,,469.22445294399995,False,[]
4450,CN1CCOC(c2ccccc2)c2ccccc2C1,,253.146664228,False,[]
4451,Cc1c(O)cccc1C(=O)NC(CSc1ccccc1)C(O)CN1CC2CCCCC2CC1C(=O)NC(C)(C)C,,567.31307792,False,[]
4452,CNc1cc(OC)c(C(=O)NC2CCN(Cc3ccccc3)C2C)cc1Cl,,387.17135475199996,False,[]
4453,COc1ccc(CCC(=O)c2c(O)cc(OC3OC(CO)C(O)C(O)C3OC3OC(C)C(O)C(O)C3O)cc2O)cc1O,,612.2054204519999,False,[]
4454,NCC1OC(OC2C(CO)OC(OC3C(O)C(N)CC(N)C3OC3OC(CN)C(O)C(O)C3N)C2O)C(N)C(O)C1O,,614.3122855320001,False,[]
4456,CN(C)C(=O)Oc1cccc([N+](C)(C)C)c1,,223.14410426809,False,[]
4457,COC1C(O)C(C)OC(OC2CCC3(C)C(CCC4C3CCC3(C)C(C5=CC(=O)OC5)CCC43O)C2)C1O,,534.319268432,False,[]
4458,CC(C)=CCCC(C)=CCO,,154.135765196,False,[]
4459,CCCCCOc1ccccc1C(=CSC)n1ccnc1,,302.145284324,False,[]
4460,CCNC1CC(N)C(OC2OC(CN)=CCC2N)C(O)C1OC1OCC(C)(O)C(NC)C1O,,475.3005986519999,False,[]
4461,[H]/N=C(\N)CCNC(=O)c1cc(NC(=O)c2cc(NC(=O)CN=C(N)N)cn2C)cn1C,,430.2189346920001,False,[]
4462,COC1=C(OC)C(=O)C(CC=C(C)C)=C(C)C1=O,,250.120509056,False,[]
4463,Cc1ccnc2c1NC(=O)c1cccnc1N2C1CC1,,266.116761068,False,[]
4464,O=C(Nc1ccc(S(=O)(=O)O)c2cc(S(=O)(=O)O)cc(S(=O)(=O)O)c12)c1cccc([N+](=O)[O-])c1,,531.9552368239998,False,[]
4471,C/[NH+]=C(\N)NCCCC(N)C(=O)O,,189.13460220409,False,[]
4472,O=C(CCNNC(=O)c1ccncc1)NCc1ccccc1,,298.142975816,False,[]
4473,COC(=O)C1=C(C)NC(C)=C(C(=O)OCC[NH+](C)Cc2ccccc2)C1c1cccc([N+](=O)[O-])c1,,480.21291210008997,False,[]
4474,COC(=O)C1=C(C)NC(C)=C(C(=O)OCCN(C)Cc2ccccc2)C1c1cccc([N+](=O)[O-])c1,,479.205635648,False,[]
4475,COC12CC(COC(=O)c3cncc(Br)c3)CN(C)C1Cc1cn(C)c3cccc2c13,,483.115753792,False,[]
4476,O=C(OCC(COC(=O)c1cccnc1)(COC(=O)c1cccnc1)COC(=O)c1cccnc1)c1cccnc1,,556.159413728,False,[]
4477,O=C(Nc1ccc([N+](=O)[O-])cc1Cl)c1cc(Cl)ccc1O,,325.986112096,False,[]
4478,CCC(=O)C(C)c1cc[n+](C2OC(COP(=O)([O-])OP(=O)(O)OCC3OC(n4cnc5c(N)ncnc54)C(O)C3O)C(O)C2O)cc1C(N)=O,,747.1666366800001,False,[]
4479,CCC(=O)C(C)c1cc[n+](C2OC(COP(=O)(O)OP(=O)(O)OCC3OC(n4cnc5c(N)ncnc54)C(O)C3O)C(O)C2O)cc1C(N)=O,,748.1739131320901,False,[]
4484,O=C(O)c1ccc[n+](C2OC(COP(=O)([O-])O)C(O)C2O)c1,,335.0406176579999,False,[]
4485,COC(=O)C1=C(C)NC(C)=C(C(=O)OC)C1c1ccccc1[N+](=O)[O-],,346.11648629599995,False,[]
4486,Cn1c(NCCN(CCO)CCCc2ccc([N+](=O)[O-])cc2)cc(=O)n(C)c1=O,,405.20121896399996,False,[]
4487,Cc1c(NC(=O)c2cccnc2)c(=O)n(-c2ccccc2)n1C,,308.127325752,False,[]
4488,O=C(O)c1cccnc1Nc1cccc(C(F)(F)F)c1,,282.061612188,False,[]
4489,COC1CC(CC2CCC(C)C(C(C)C(=O)[O-])O2)OC2(OC(C)(C3CCC(C)(C4OC(C5OC(O)(CO)C(C)CC5C)CC4C)O3)CC2C)C1C,,723.4688865439099,False,[]
4490,COC1CC(CC2CCC(C)C(C(C)C(=O)O)O2)OC2(OC(C)(C3CCC(C)(C4OC(C5OC(O)(CO)C(C)CC5C)CC4C)O3)CC2C)C1C,,724.4761629959999,False,[]
4491,O=C(NN=Cc1c(O)ccc2ccccc12)c1ccncc1,,291.100776656,False,[]
4492,CC(c1ccc(O)cn1)C(C)C(N)C(=O)NC(C(=O)O)C1OC(N2C=CC(=O)CC2=O)C(O)C1O,,492.18562847599986,False,[]
4493,CC1(C)NC(=O)N(c2ccc([N+](=O)[O-])c(C(F)(F)F)c2)C1=O,,317.06234046,False,[]
4494,COC(=O)C1=C(C#N)NC(C)=C(C(=O)OC(C)C)C1c1cccc([N+](=O)[O-])c1,,385.127385328,False,[]
4495,CS(=O)(=O)Nc1ccc([N+](=O)[O-])cc1Oc1ccccc1,,308.046692484,False,[]
4496,CN1C(=O)CN=C(c2ccccc2)c2cc([N+](=O)[O-])ccc21,,295.095691276,False,[]
4497,COCCOC(=O)C1=C(C)NC(C)=C(C(=O)OC(C)C)C1c1cccc([N+](=O)[O-])c1,,418.174001172,False,[]
4499,COC(=O)C1=C(C)NC(C)=C(C(=O)OCC(C)C)C1c1ccccc1[N+](=O)[O-],,388.16343648799995,False,[]
4500,CNCCC(Oc1ccccc1OC)c1ccccc1,,271.157228912,False,[]
4501,COc1cc2c[n+](C)c3c4cc5c(cc4ccc3c2cc1OC)OCO5,,348.1230344760899,False,[]
4502,Cc1ccc(N(CC(=O)[O-])CC(=O)[O-])c(OCCOc2cc(C(O)c3cc4c(cc3[N+](=O)[O-])OCO4)ccc2N(CC(=O)[O-])CC(=O)[O-])c1,,681.1464114836399,False,[]
4503,Cc1ccc(N(CC(=O)O)CC(=O)O)c(OCCOc2cc(C(O)c3cc4c(cc3[N+](=O)[O-])OCO4)ccc2N(CC(=O)O)CC(=O)O)c1,,685.175517292,False,[]
4504,Cc1ccc(N(CC(=O)[O-])CC(=O)[O-])c(OC2CCCC2Oc2cc(C(O)c3ccc4c(c3)OCO4)ccc2N(CC(=O)[O-])CC(=O)[O-])c1.[Na+].[Na+].[Na+].[Na+],,768.1495162040002,False,[]
4505,Cc1ccc(N(CC(=O)O)CC(=O)O)c(OC2CCCC2Oc2cc(C(O)c3ccc4c(c3)OCO4)ccc2N(CC(=O)O)CC(=O)O)c1,,680.221739212,False,[]
4506,O=C1CN=C(c2ccccc2)c2cc([N+](=O)[O-])ccc2N1,,281.080041212,False,[]
4507,CCOC(=O)C1=C(C)NC(C)=C(C(=O)OC)C1c1cccc([N+](=O)[O-])c1,,360.13213635999995,False,[]
4508,COc1cc(-c2ccc(-[n+]3nc(-c4ccc(C)cc4)nn3-c3ccc([N+](=O)[O-])cc3)c(OC)c2)ccc1-[n+]1nc(-c2ccccc2)nn1-c1ccc([N+](=O)[O-])cc1,,760.24953158418,False,[]
4509,O=C1CN(N=Cc2ccc([N+](=O)[O-])o2)C(=O)N1,,238.033819292,False,[]
4510,O=[N+]([O-])OCC(CO[N+](=O)[O-])O[N+](=O)[O-],,227.00257874000002,False,[]
4511,NC(=O)c1cc([N+](=O)[O-])cc([N+](=O)[O-])c1,,211.02292026,False,[]
4513,CNC(=C[N+](=O)[O-])NCCSCc1csc(CN(C)C)n1,,331.1136669120001,False,[]
4514,CCN(CC)Cc1nccn1-c1ccc([N+](=O)[O-])cc1C(=O)c1ccccc1Cl,,412.130218212,False,[]
4515,O=C(O)C1=CCCN(CCON=C(c2ccccc2)c2ccccc2)C1,,350.163042564,False,[]
4516,CC[NH2+]CCN(CC)N([O-])N=O,,176.127325752,False,[]
4517,CCNCCN(CC)N([O-])N=O,,175.12004929991,False,[]
4518,NCCN(CC[NH3+])N([O-])N=O,,163.106924656,False,[]
4519,NCCN(CCN)N([O-])N=O,,162.09964820391,False,[]
4520,CC(C)N(CCC[NH3+])N([O-])N=O,,176.127325752,False,[]
4521,CC(C)N(CCCN)N([O-])N=O,,175.12004929991,False,[]
4522,C[NH2+]CCCN(C)N([O-])N=O,,162.111675688,False,[]
4523,CNCCCN(C)N([O-])N=O,,161.10439923591,False,[]
4524,C[NH2+]CCCCCCN(C)N([O-])N=O,,204.15862588,False,[]
4525,CNCCCCCCN(C)N([O-])N=O,,203.15134942791,False,[]
4526,COC(=O)C1c2cc3c(c(O)c2C(OC2OC(C)C(OC)C(C)(OC)C2OC)CC1(C)O)C(=O)c1c(O)cc2c(c1C3=O)OC1OC2(C)C(O)C(N(C)C)C1O,,787.305134488,False,[]
4527,OCC1C(O)C(O)C(O)c2nnnn21,,202.0702048,False,[]
4528,CN1Cc2c(N)cccc2C(c2ccccc2)C1,,238.146998576,False,[]
4529,CC1CC2CCC(O2)C(C)C(=O)OC(C)CC2CCC(O2)C(C)C(=O)OC(C)CC2CCC(O2)C(C)C(=O)OC(C)CC2CCC(O2)C(C)C(=O)CO1,,750.4554275520001,False,[]
4532,CCC(=CC(CNC(=O)c1cccnc1)=NO)C(C)[N+](=O)[O-],,306.13280505599994,False,[]
4533,Oc1ccc2c3c1OC1c4[nH]c5c(c4CC4(O)C(C2)N(CC2CC2)CCC314)CC1(O)C2Cc3ccc(O)c4c3C1(CCN2CC1CC1)C5O4,,661.3151860959999,False,[]
4534,CC(Cc1ccc(O)c(O)c1)C(C)Cc1ccc(O)c(O)c1,,302.151809184,False,[]
4535,CNCCC=C1c2ccccc2COc2ccccc21,,265.146664228,False,[]
4536,C#CC1(O)CCC2C3CCC4=CC(=O)CCC4C3CCC21C,,298.193280072,False,[]
4537,C#CC1(O)CCC2C3CCC4=C(CCC(=O)C4)C3CCC21C,,298.193280072,False,[]
4538,NCC(O)c1cccc(O)c1,,153.078978592,False,[]
4539,CCn1cc(C(=O)O)c(=O)c2cc(F)c(N3CCNCC3)cc21,,319.133219656,False,[]
4540,O=C1CN=C(c2ccccc2F)c2cc(Cl)ccc2N1,,288.04656884,False,[]
4541,NCCC(Oc1ccc(C(F)(F)F)cc1)c1ccccc1,,295.118398792,False,[]
4542,C#CC1(O)CCC2C3CCC4=CC(=O)CCC4C3CCC21CC,,312.208930136,False,[]
4543,CNCCC=C1c2ccccc2CCc2ccccc21,,263.167399672,False,[]
4544,COc1ccc2c(c1OC)C(=O)OC2C1c2c(cc3c(c2OC)OCO3)CCN1C,,413.147452076,False,[]
4545,COC1C(OC(N)=O)C(O)C(Oc2ccc3c([O-])c(NC(=O)c4ccc(O)c(CC=C(C)C)c4)c(=O)oc3c2C)OC1(C)C,,611.22463351991,False,[]
4547,CCOc1cc(CC(=O)NC(CC(C)C)c2ccccc2N2CCCCC2)ccc1C(=O)O,,452.267507632,False,[]
4548,CCCCCCCCCCCCC(=O)N1CCCCC1CNC(=O)C(N)CCCCN,,438.39337684000003,False,[]
4549,O=C(O)c1cc([N+](=O)[O-])ccc1NCCCc1ccccc1,,300.111006992,False,[]
4551,O=c1onc2n1-c1cc(Br)ccc1OC2,,267.94835412000003,False,[]
4552,O=c1[nH]c2cc(C(F)(F)F)ccc2n1-c1cc(C(F)(F)F)ccc1O,,362.04899681599994,False,[]
4553,CS(=O)(=O)Nc1ccc([N+](=O)[O-])cc1OC1CCCCC1,,314.093642676,False,[]
4554,C=C(Cl)C(Cl)(CBr)CCC(Cl)=C(C)C,,317.93444558799996,False,[]
4555,C=C(Cl)C(Cl)(CBr)CCC(Br)=C(C)C,,361.883930008,False,[]
4556,CC(C)=CCOc1c(CC=C(C)C)c(=O)[nH]c2ccccc12,,297.17287897600005,False,[]
4557,C=CC(O)C#CC#CC=CC(O)CCCCCCC,,260.177630008,False,[]
4558,CCCCCCCCC=CCCCCCCCC1(O)CC(=O)C=CC1O,,364.29774513999996,False,[]
4559,C=C1C=CC2(CC1)C(=C)CC(O)C(Br)C2(C)C,,296.077577392,False,[]
4560,C=C1CC(O)C(Br)C(C)(C)C12C=CC(=CBr)CC2,,373.98808945999997,False,[]
4561,CC(C)=CCCC(C)=CCCC(C)=CCCC(C)=CCCC(C)=CCCC(C)=CCc1cc(O)ccc1O,,518.412380968,False,[]
4562,CC(C)=CCCC(C)=CCCC(C)=CCCC(C)=CCCC(C)=CCc1cc(O)ccc1O,,450.3497807119999,False,[]
4563,Oc1c(Br)cc(Br)cc1Oc1ccc(Br)cc1Br,,497.71012783200007,False,[]
4564,Nc1nc(OCC2CCCCC2)c2[nH]cnc2n1,,247.14331016399998,False,[]
4565,Clc1cccc(Nc2nc(OCC3CCCCC3)c3[nH]cnc3n2)c1,,357.1356379400001,False,[]
4566,NS(=O)(=O)c1ccc(Nc2nc(OCC3CCCCC3)c3[nH]cnc3n2)cc1,,402.1474095640001,False,[]
4567,CC(CCc1ccccc1)NC(C)C(O)c1ccc(O)cc1,,299.18852904000005,False,[]
4569,O=[N+]([O-])c1ccc(NCCOP(=O)(O)OP(=O)([O-])O)c([N+](=O)[O-])c1.[Be+2].[F-].[F-].[F-],,451.98754541981987,False,[]
4570,O=[N+]([O-])c1ccc(NCCOP(=O)(O)OP(=O)(O)O)c([N+](=O)[O-])c1,,386.9868814319999,False,[]
4571,O=[N+]([O-])c1ccc(NCCCOP(=O)(O)OP(=O)([O-])O)c([N+](=O)[O-])c1.[Be+2].[F-].[F-].[F-],,466.00319548381987,False,[]
4572,O=[N+]([O-])c1ccc(NCCCOP(=O)(O)OP(=O)(O)O)c([N+](=O)[O-])c1,,401.0025314959999,False,[]
4573,NC(COCc1ccccc1)C(=O)O,,195.089543276,False,[]
4574,NC(Cc1ccc(OC(=O)OCc2ccccc2)cc1)C(=O)O,,315.110672644,False,[]
4576,O=[N+]([O-])c1ccccc1NCCOP(=O)(O)OP(=O)([O-])O.[Be+2].[F-].[F-].[F-],,407.0024672118199,False,[]
4577,O=[N+]([O-])c1ccccc1NCCOP(=O)(O)OP(=O)(O)O,,342.0018032239999,False,[]
4578,Nc1nc(OCc2ccccc2)c2[nH]cnc2n1,,241.096359972,False,[]
4579,CCCCCCCCCCCCCCCCCCc1ccc(C(=O)C=CC(=O)O)cc1,,428.3290452679999,False,[]
4580,CC1Cc2c(Cl)cc(C(=O)NC(Cc3ccccc3)C(=O)O)c(O)c2C(=O)O1,,403.08226497599986,False,[]
4581,NCC(O)c1ccc(O)cc1,,153.078978592,False,[]
4582,COC(=O)CCCCC(CCSSC(CCO)=C(C)N(C=O)Cc1cnc(C)nc1N)SC(C)=O,,544.1847832520001,False,[]
4583,CC1COc2c(N3CCN(C)CC3)c(F)cc3c(=O)c(C(=O)O)cn1c23,,361.14378433999997,False,[]
4586,COC1CC(OC(C(C)C(=O)OC(C)C(C)C(O)C(C)C(=O)C2(C)CO2)C(C)C(OC2OC(C)CC(N(C)C)C2O)C(C)C)OC(C)C1O,,703.45067652,False,[]
4587,COC1CC(OC2C(C)C(=O)OC(C)C(C)C(O)C(C)C(=O)C3(CO3)CC(C)C(OC3OC(C)CC(N(C)C)C3O)C2C)OC(C)C1O,,687.419376392,False,[]
4588,CCCCCCCCC=CCCCCCCCC(=O)C(F)(F)F,,334.24835033600004,False,[]
4589,CCCCCCCCC=CCCCCCCCCOCCOP(=O)([O-])OCC[N+](C)(C)C,,477.35831039399994,False,[]
4590,CCCCCCCCC=CCCCCCCCCOCCOP(=O)(O)OCC[N+](C)(C)C,,478.36558684608997,False,[]
4591,CCC1C=CC=CCC(C)C(O)C(C)(O)C(=O)C(C)C(O)C(C)C(=O)C(C)C(O)C(C)C=CC(=O)OC2C(C)C(CC1)OC1(CCC(C)C(CC(C)O)O1)C2C,,790.523113188,False,[]
4592,Cn1cnc2c(NCc3ccccc3)nc(NCCO)nc21,,298.154209196,False,[]
4593,Cc1[nH]c(=O)c(C#N)cc1-c1ccc2nccn2c1,,250.08546094,False,[]
4594,COc1ccc2nc(S(=O)Cc3ncc(C)c(OC)c3C)[nH]c2c1,,345.11471246800005,False,[]
4595,Cc1nccn1CC1CCc2c(c3ccccc3n2C)C1=O,,293.152812228,False,[]
4596,CC(C)C(NC(=O)Cn1c(-c2ccccc2)ncc(N)c1=O)C(O)c1nnc(C(C)(C)C)o1,,454.23285344,False,[]
4597,CC1OC(Oc2ccccc2[N+](=O)[O-])C(O)C(O)C1O,,285.08485182000004,False,[]
4598,CC(C)=CC1CC(C)C2(CCC3(C)CC4C(C(=O)CC4(C)O)C(C=O)=CCC32)O1,,400.26135963199994,False,[]
4599,CCCCCCCCCCCC(CC1OC(=O)C1CCCCCC)OC(=O)C(CC(C)C)NC=O,,495.39237379599996,False,[]
4600,CCCCC(C)CC(O)C=CC1C(O)CC(=O)C1CC(=O)CCCCC(=O)OC,,410.26683893599994,False,[]
4601,Cc1ccccc1C(OCCN(C)C)c1ccccc1,,269.177964356,False,[]
4602,O=C(Nc1ccc(O)cc1)c1ccccc1O,,229.073893212,False,[]
4603,CCOC(=O)C1=CC(OC(CC)CC)C(NC(C)=O)C(N)C1,,312.204907376,False,[]
4604,O=C(O)c1nc(=O)[nH]c(=O)[nH]1,,157.012355576,False,[]
4605,CC1OC(OC2CC(O)C3(CO)C4C(O)CC5(C)C(C6=CC(=O)OC6)CCC5(O)C4CCC3(O)C2)C(O)C(O)C1O,,584.2832768479999,False,[]
4606,CC1OC(C[N+](C)(C)C)CS1,,176.11036161609,False,[]
4607,Cc1onc(-c2ccccc2)c1C(=O)NC1C(=O)N2C1SC(C)(C)C2C(=O)[O-],,400.09726525591,False,[]
4608,Cc1onc(-c2ccccc2)c1C(=O)NC1C(=O)N2C1SC(C)(C)C2C(=O)O,,401.104541708,False,[]
4609,O=C(O)C(=O)O.[NH-]C1CCCCC1[NH-].[Pt+2],,397.060148028,False,[]
4611,O=C(C=CC#Cc1cccc(NS(=O)(=O)c2ccccc2)c1)NO,,342.067427928,False,[]
4612,CC(C)NCC1CCc2cc(CO)c([N+](=O)[O-])cc2N1,,279.158291532,False,[]
4613,C[N+]1(CC2COC(c3ccccc3)(C3CCCCC3)O2)CCCCC1,,344.25840574808996,False,[]
4614,O=C(O)CCc1nc(-c2ccccc2)c(-c2ccccc2)o1,,293.10519334,False,[]
4615,O=c1[nH]c2ccccc2n1CCCN1CCN(C(c2ccccc2)c2ccccc2)CC1,,426.24196158,False,[]
4616,O=C1Nc2ccc(Cl)cc2C(c2ccccc2)=NC1O,,286.050905272,False,[]
4617,CC1CN2CC(=O)Nc3ccc(Cl)cc3C2(c2ccccc2)O1,,328.097855464,False,[]
4618,CCS(=O)CCSP(=O)(OC)OC,,246.01493759,False,[]
4619,CCN(CC)CCOCCOC(=O)C(CC)(CC)c1ccccc1,,335.246043916,False,[]
4620,CCC1CC2C3CCC4=CC(=O)CCC4C3CCC2(C)C1O,,302.2245802,False,[]
4621,CN(C(=O)CN(CCO)CC(=O)N(C)C(C)(C)Cc1ccccc1)C(C)(C)Cc1ccccc1,,467.314792172,False,[]
4622,CCCOc1ccc2nc(NC(=O)OC)[nH]c2c1,,249.11134134,False,[]
4623,Clc1ccc(CON=C(Cn2ccnc2)c2ccc(Cl)cc2Cl)c(Cl)c1,,426.981272756,False,[]
4624,NCCc1cc(O)c(O)cc1O,,169.073893212,False,[]
4625,O=C1Nc2ccccc2C1=Cc1ccc[nH]1,,210.07931294,False,[]
4626,NC(=O)CN1CC(O)CC1=O,,158.06914218,False,[]
4627,CC[N+]1(C)C2CC(OC(=O)C(CO)c3ccccc3)CC1C1OC12,,332.18563473208997,False,[]
4628,CCn1cc(C(=O)O)c(=O)c2cc3c(cc21)OCO3,,261.06372245200004,False,[]
4629,C[N+](C)(C)CC#CCN1CCCC1=O,,195.14918964809,False,[]
4630,O=C1CCCN1CC#CCN1CCCC1,,206.141913196,False,[]
4631,C=CCOc1ccccc1OCC(O)CNC(C)C,,265.167793596,False,[]
4632,COc1ccc(C(=O)c2ccccc2)c(O)c1,,228.078644244,False,[]
4633,CCCCOc1cc(C(=O)OCCN(CC)CC)ccc1N,,308.209992756,False,[]
4634,CCN(CC)CC#CCOC(=O)C(O)(c1ccccc1)C1CCCCC1,,357.230393852,False,[]
4635,COc1ccc2c3c1OC1C(=O)CCC4(O)C(C2)N(C)CCC314,,315.147058152,False,[]
4636,Cc1cc(C(C)(C)C)c(O)c(C)c1CC1=NCCN1,,260.188863388,False,[]
4637,COc1ccc2c(c1OC)C13CCN(C)C(C2)C1(O)CCC(O)C3,,333.194008344,False,[]
4638,CC12CC(=CO)C(=O)CC1CCC1C2CCC2(C)C1CCC2(C)O,,332.23514488399996,False,[]
4639,CN1CCC23c4c5ccc(O)c4OC2C(=O)CCC3(O)C1C5,,301.131408088,False,[]
4640,COc1cc2[nH]c(C)c(CCN3CCN(c4ccccc4)CC3)c2cc1OC,,379.225977168,False,[]
4641,CCCCC1C(=O)N(c2ccccc2)N(c2ccc(O)cc2)C1=O,,324.14739249999997,False,[]
4642,CN1CCCN=C1COC(=O)C(O)(c1ccccc1)C1CCCCC1,,344.209992756,False,[]
4643,CC[N+](CC)(CC)CCOC(=O)C(O)(c1ccccc1)C1CCCCC1,,362.26897043209,False,[]
4646,O=C(O)C=Cc1ccc(Cn2ccnc2)cc1,,228.089877624,False,[]
4647,Nc1ccc(C(O)C(CO)NC(=O)C(Cl)Cl)cc1,,292.038147668,False,[]
4648,CC(C)CC(NC(=O)C1CCCN1C(=O)CNC(=O)c1ccc(N)cc1)C(=O)NC(C)C(=O)NO,,490.253982808,False,[]
4649,Nc1ccc(C(=O)O)c(O)c1,,153.042593084,False,[]
4651,CCCCNc1ccc(C(=O)OCCN(CC)CC)cc1,,292.215078136,False,[]
4652,NC(Cc1ccc(Cl)cc1)C(=O)O,,199.04000624,False,[]
4654,NC(Cc1ccc(F)cc1)C(=O)O,,183.06955678,False,[]
4655,CNC(C)Cc1ccc(O)cc1,,165.1153641,False,[]
4656,Clc1cc(I)cc(Cl)c1NC1=NCCN1,,354.91400061600007,False,[]
4657,COc1ccc(CCN)cc1,,151.099714036,False,[]
4658,COc1ccccc1N1CCN(CCN(C(=O)c2ccc(I)cc2)c2ccccn2)CC1,,542.117874104,False,[]
4659,O=[N+]([O-])c1ccc(NCCOP(=O)(O)OP(=O)([O-])O)cc1.[Be+2].[F-].[F-].[F-],,407.0024672118199,False,[]
4660,O=[N+]([O-])c1ccc(NCCOP(=O)(O)OP(=O)(O)O)cc1,,342.0018032239999,False,[]
4661,O=C(O)Cc1ccc([N+](=O)[O-])cc1,,181.037507704,False,[]
4665,O=c1c(-c2ccc(F)cc2)c(-c2ccncc2)[nH]n1-c1ccc(Cl)cc1,,365.073117936,False,[]
4667,C=C1CCCC2C1(C)CCC(C)C2(C)CCC(C)=CCC(O)C1=CC(=O)OC1O,,402.2770096959999,False,[]
4668,CCCCCCC=CCCCCCCCC(=O)O,,254.2245802,False,[]
4669,CCCCCCCCCCCCCCC(=O)OC(CC(=O)O)C[N+](C)(C)C,,386.32648530808996,False,[]
4670,CCCCCCCCCCCCCCCC(=O)C(F)(F)F,,308.23270027200005,False,[]
4671,CCCCCCCCCCCCCCCC(=O)NCCO,,299.282429424,False,[]
4673,NCCC(O)(P(=O)([O-])O)P(=O)([O-])O.[Na+].[Na+],,278.96496344800005,False,[]
4674,NCCC(O)(P(=O)(O)O)P(=O)(O)O,,235.001074952,False,[]
4675,CC(=O)OC1CC2CCC3C(CCC4(C)C3CC([N+]3(C)CCCCC3)C4OC(C)=O)C2(C)CC1[N+]1(C)CCCCC1,,572.4542112401799,False,[]
4676,[H]/N=C(\C)N1CCC(SC2=C(C(=O)O)N3C(=O)C(C(C)O)C3C2)C1,,339.12527715199997,False,[]
4677,CC(C)(CO)C(O)C(=O)NCCC(=O)NCCSSCCNC(=O)CCNC(=O)C(O)C(C)(C)CO,,554.244406304,False,[]
4678,CC(C)(CO)C(O)C(=O)NCCCO,,205.131408088,False,[]
4679,COc1ccnc(CS(=O)c2nc3ccc(OC(F)F)cc3[nH]2)c1OC,,383.0751334,False,[]
4680,COc1ccc(Cc2nccc3cc(OC)c(OC)cc23)cc1OC,,339.147058152,False,[]
4683,OCC1OC(Sc2ccc(N(O)O)cc2)C(O)C(O)C1O,,319.072572884,False,[]
4686,CC(=O)OCC(=O)C1(O)C(C)CC2C3CC(F)C4=CC(=O)C=CC4(C)C3C(O)CC21C,,434.210466932,False,[]
4687,Cn1c(=O)[nH]c2ncn(C)c2c1=O,,180.064725496,False,[]
4688,C#CCN(C)Cc1ccccc1,,159.104799416,False,[]
4689,NCC1OC(OC2C(CO)OC(OC3C(O)C(N)CC(N)C3OC3OC(CO)C(O)C(O)C3N)C2O)C(N)C(O)C1O,,615.29630112,False,[]
4690,Cn1c(=O)on(-c2ccc(Cl)c(Cl)c2)c1=O,,259.975547412,False,[]
4691,Fc1ccc(C2CCNCC2COc2ccc3c(c2)OCO3)cc1,,329.14272171999994,False,[]
4692,C=C1C(=O)OC2C1CCC(C)=CCCC1(C)OC21,,248.1412445,False,[]
4693,CCC(C)C1NC(=O)c2csc(n2)C(C)NC(=O)C2N=C(OC2C)C(CC(C)C)NC(=O)c2csc(n2)C(Cc2ccccc2)NC(=O)C2N=C1OC2C,,776.313823256,False,[]
4694,CC(C)C1NC(=O)c2csc(n2)C(C(C)C)NC(=O)C2N=C(OC2C)C(C(C)C)NC(=O)c2csc(n2)C(Cc2ccccc2)NC(=O)C2COC1=N2,,762.298173192,False,[]
4695,CCN(CC)c1ccc(C(=C2C=CC(=[N+](CC)CC)C=C2)c2cc(S(=O)(=O)O)ccc2S(=O)(=O)O)cc1,,545.1774551960898,False,[]
4696,O=C1C=C2C(=CCOC2O)O1,,154.026608672,False,[]
4697,CC(C)(O)C1OC2CCC3(C)C(O)(CCC4Cc5c([nH]c6ccccc56)C43C)C2=CC1=O,,435.240958536,False,[]
4698,COC(=O)C1=C(C)NC(C)=C(C(=O)OCCSc2ccccc2)C1C,,361.134779216,False,[]
4699,CCCCC(OP(=O)(O)O)C(=O)NC(CC(C)C)C(=O)Nc1ccc([N+](=O)[O-])cc1,,445.161401486,False,[]
4700,CC1(C)Oc2ccc(C#N)cc2C(OC2=CC(=O)CC2)C1O,,299.115758024,False,[]
4701,Cc1cc(Cn2cnc3c2CC(C(=O)O)N(C(=O)C(c2ccccc2)c2ccccc2)C3)ccc1N(C)C,,508.247440884,False,[]
4702,O=C(O)C(S)Cc1ccccc1,,182.04015056,False,[]
4703,Cc1ccc(C=C(S)C(=O)O)cc1,,194.04015056,False,[]
4704,O=C(O)C(S)=Cc1c[nH]c2ccc(F)cc12,,237.025977716,False,[]
4705,COc1cc2ncnc(Nc3cccc(Br)c3)c2cc1OC,,359.02693878799994,False,[]
4706,CNc1cc2ncnc(Nc3cccc(Br)c3)c2cc1N,,343.04325754800004,False,[]
4707,CNc1cc2c(Nc3cccc(Br)c3)ncnc2cn1,,329.02760748400004,False,[]
4708,C=CC(=O)Nc1ccc2ncnc(Nc3cccc(Br)c3)c2c1,,368.027273136,False,[]
4709,CCC(=O)Nc1ccc2ncnc(Nc3cccc(Br)c3)c2c1,,370.0429232,False,[]
4710,CC(C)CC(O)C(O)C(N)CC1CCCCC1,,243.219829168,False,[]
4711,O=C(O)C(S)Cc1ccc(I)cc1,,307.93679852800005,False,[]
4712,O=[N+]([O-])c1ccc(-c2nc(-c3ccc(F)cc3)c(-c3ccncc3)[nH]2)cc1,,360.1022538760001,False,[]
4713,COc1cccc(-c2cc(=O)c3ccccc3o2)c1N,,267.08954327600003,False,[]
4714,C#CC(O)C=CCCCCCCCCCCCC=CCCCCCCCCCC(O)C#CC#CCO,,496.39164552399996,False,[]
4715,C#CC(O)C=CCCCCCCCCCCC=CCCCCCCCCCC(O)C#CC#CCO,,482.37599545999996,False,[]
4716,C#CC(O)C=CCCCCCCCC#CC=CCCCCCCCCCCCC(O)C#CC#CCO,,492.36034539599996,False,[]
4717,C#CC(O)C=CCCCCCCCC#CC=CCCCCCCCCCCCCCC(O)C#CC#CCO,,520.391645524,False,[]
4718,C#CC(O)C=CCCCCCCCCCCC#CCCCCCCCCCCC(O)C#CC#CCO,,494.37599545999996,False,[]
4719,C#CC(O)C=CCCCCCCCCCC(C)CCCCCCCCCCC(O)C#CC#CCO,,484.39164552399996,False,[]
4720,C=CC(C)(CCC=C(C)CCC=C(C)C)c1cc(O)c(O)c(-c2cc(C(C)(C=C)CCC=C(C)CCC=C(C)C)cc(O)c2O)c1,,626.433510336,False,[]
4721,C=CC(C)(CCC=C(C)CCC=C(C)C)c1ccc(O)c(Oc2cc(C(C)(C=C)CCC=C(C)CCC=C(C)C)cc(O)c2O)c1,,626.433510336,False,[]
4722,C=CC(C)(CCC=C(C)CCC=C(C)C)c1ccc(Oc2cc(C(C)(C=C)CCC=C(C)CCC=C(C)C)cc(O)c2O)c(O)c1,,626.433510336,False,[]
4723,NC1=NC(=O)C(c2ccccc2)O1,,176.058577496,False,[]
4724,CC(C)(C)NCC(O)COc1ccccc1C1CCCC1,,291.21982916800005,False,[]
4726,CCCCCC1Nc2cc(C(F)(F)F)c(S(N)(=O)=O)cc2S(=O)(=O)N1,,401.0690827159999,False,[]
4728,C=C(C)C1(O)OC(=O)C=C1OC,,170.0579088,False,[]
4729,CC1(C)SC2C(NC(=O)Cc3ccccc3)C(=O)N2C1C(=O)[O-],,333.09145160391,False,[]
4730,CC1(C)SC2C(NC(=O)COc3ccccc3)C(=O)N2C1C(=O)[O-],,349.08636622391,False,[]
4731,CC1(C)SC2C(NC(=O)COc3ccccc3)C(=O)N2C1C(=O)O,,350.09364267599994,False,[]
4732,C=C(C)C1OC2CCC3(C)C4(C)c5[nH]c6cc(Cl)c7c8c6c5C(OC(C)(C)C5CC(C(=C)C7)C85O)C4CCC3(O)C23OC3C1O,,633.285715808,False,[]
4733,O=c1c2ccccc2c(=O)c2cc3c(=O)c4ccccc4c(=O)c3cc12,,338.05790879999995,False,[]
4734,CSCCC(NC(=O)C(Cc1c[nH]c2ccccc12)NC(=O)CCNC(=O)OC(C)(C)C)C(=O)NC(CC(=O)O)C(=O)NC(Cc1ccccc1)C(N)=O,,767.331247148,False,[]
4735,[H]/N=C(\N)c1ccc(OCCCCCOc2ccc(/C(N)=N/[H])cc2)cc1,,340.18992600800004,False,[]
4736,CC(C)=CCN1CCC2(C)c3cc(O)ccc3CC1C2C,,285.209264484,False,[]
4737,CCCC(C)C1(CC)C(=O)NC(=O)NC1=O,,226.131742436,False,[]
4738,COC1COC(COCC2COC(OC)C(OS(=O)(=O)O)C2OS(=O)(=O)O)C(OS(=O)(=O)O)C1OS(=O)(=O)O,,657.984941852,False,[]
4739,OCC1OC(n2cnc3c2NC=NCC3O)CC1O,,268.117154992,False,[]
4740,CC(=O)CCCCn1c(=O)c2c(ncn2C)n(C)c1=O,,278.13789043599996,False,[]
4742,CC(C)CC(=O)NC(C(=O)NC(C(=O)NC(CC(C)C)C(O)CC(=O)NC(C)C(=O)NC(CC(C)C)C(O)CC(=O)O)C(C)C)C(C)C,,685.462578596,False,[]
4743,CC(C)CC(NC(=O)C(C)C)C(=O)NC(C(=O)NC(CC(C)C)C(O)CC(=O)NC(C)C(=O)NC(CC(C)C)C(O)CC(=O)O)C(C)C,,685.4625785960001,False,[]
4744,CN1CCN(CCCN2c3ccccc3Sc3ccccc32)CC1,,339.1769188,False,[]
4745,CCCN1CC(CSC)CC2c3cccc4[nH]cc(c34)CC21,,314.18166983199995,False,[]
4746,C1CCC(C(CC2CCCCN2)C2CCCCC2)CC1,,277.27695012,False,[]
4747,N#Cc1ccc2c(c1)N(CCCN1CCC(O)CC1)c1ccccc1S2,,365.156183356,False,[]
4748,OCCN1CCN(CCCN2c3ccccc3Sc3ccc(Cl)cc32)CC1,,403.14851113199995,False,[]
4749,COC1C(O)C(C)OC(OC2CCC3(C=O)C(CCC4C3CCC3(C)C(C5=CC(=O)OC5)CCC43O)C2)C1O,,548.2985329879999,False,[]
4752,CC1NC(=O)C(CC(C)(O)CO)NC(=O)C2Cc3c([nH]c4ccccc34)SCC(NC(=O)C(C(C)O)NC1=O)C(=O)N1CC(O)CC1C(=O)NC(C)C(=O)N2,,788.3163253560001,False,[]
4753,NC(=O)NC(=O)Cc1ccccc1,,178.07422756,False,[]
4754,CCOc1ccc(NC(C)=O)cc1,,179.094628656,False,[]
4756,Nc1ccc(/N=N/c2ccccc2)c(N)n1,,213.10144535199998,False,[]
4757,c1ccc2nc3ccccc3nc2c1,,180.068748256,False,[]
4758,CC(Oc1ccccc1)C(=O)NC1C(=O)N2C1SC(C)(C)C2C(=O)[O-],,363.10201628791,False,[]
4759,CC(Oc1ccccc1)C(=O)NC1C(=O)N2C1SC(C)(C)C2C(=O)O,,364.10929273999994,False,[]
4760,O=C1c2ccccc2C(=O)C1c1ccccc1,,222.06807956,False,[]
4761,CN(C)CCC(c1ccccc1)c1ccccn1,,240.16264864,False,[]
4762,CC1NCCOC1c1ccccc1,,177.1153641,False,[]
4763,CCC1(c2ccccc2)C(=O)NC(=O)NC1=O,,232.084792244,False,[]
4764,O=C1OC(c2ccc(O)cc2)(c2ccc(O)cc2)c2ccccc21,,318.089208928,False,[]
4765,O=S(=O)(O)c1ccc(O)cc1,,173.998679672,False,[]
4766,O=S1(=O)OC(c2ccc(O)cc2)(c2ccc(O)cc2)c2ccccc21,,354.056194548,False,[]
4767,CC(C)=CC1C(C(=O)OCc2cccc(Oc3ccccc3)c2)C1(C)C,,350.18819469199997,False,[]
4768,CC(COc1ccccc1)N(CCCl)Cc1ccccc1,,303.138992004,False,[]
4769,CC1(C)SC2C(NC(=O)COc3ccccc3)C(=O)N2C1C(=O)[O-].[K+],,388.04952432399995,False,[]
4770,NC(=O)OCCCc1ccccc1,,179.094628656,False,[]
4772,CC1=CC=C(N(CC2=[NH+]CCN2)c2cccc(O)c2)CC1,,284.17573874409,False,[]
4773,CC1=CC=C(N(CC2=NCCN2)c2cccc(O)c2)CC1,,283.168462292,False,[]
4774,Cc1ccc(N(Cc2ncc[nH]2)c2ccc(O)cc2)cc1,,279.137162164,False,[]
4775,O=C(O)CCCc1ccccc1,,164.083729624,False,[]
4776,CCCCC(NC(=O)CCC(=O)O)P(=O)(O)Oc1ccccc1,,343.11847405400005,False,[]
4777,Nc1ncnc2c1ncn2C1OC(COP(=O)(O)OCC(N)Cc2ccccc2)C(O)C1O,,480.15223376999995,False,[]
4778,O=[As]c1ccccc1,,167.95563628,False,[]
4779,NC(Cc1cccc(-c2ccccc2CP(=O)(O)O)c1)C(=O)O,,335.0922593059999,False,[]
4780,NC(N)=N/C(N)=N/c1ccccc1,,177.10144535199998,False,[]
4781,CCCCC1C(=O)N(c2ccccc2)N(c2ccccc2)C1=O,,308.15247787999994,False,[]
4782,CNCC(O)c1cccc(O)c1,,167.094628656,False,[]
4783,O=C(CCCCCCCCC#CI)Oc1ccccc1,,384.05862791199996,False,[]
4784,O=S(=O)(F)Cc1ccccc1,,174.015078684,False,[]
4785,CC(C)C(NC(=O)c1cccn1C(=O)C(NC(=O)OCc1ccccc1)C(c1ccccc1)c1ccccc1)B(O)O,,567.2540662080002,False,[]
4786,CC(N)C(O)c1ccccc1,,151.099714036,False,[]
4787,O=C1NC([O-])=NC1(c1ccccc1)c1ccccc1,,251.08260117191,False,[]
4788,O=C(CCc1ccc(O)cc1)c1c(O)cc(O)cc1O,,274.084123548,False,[]
4789,O=C(CCc1ccc(O)cc1)c1c(O)cc(O)cc1OC1OC(CO)C(O)C(O)C1O,,436.13694696799985,False,[]
4790,CCOP(=S)(OCC)SCSCC,,260.012829414,False,[]
4791,CCCCCCCCCCCCC(=O)OC1C(C)C2(O)C(C=C(C(=O)O)CC3(O)C(=O)C(C)=CC32)C2C(C)(C)C12OC(C)=O,,616.3611332439999,False,[]
4792,CCCCCCCCCCCCCC(=O)OC1C(C)C2(O)C(C=C(CO)CC3(O)C(=O)C(C)=CC32)C2C(C)(C)C12OC(C)=O,,616.3975187519999,False,[]
4793,CCOP(=S)(OCC)SCn1c(=O)oc2cc(Cl)ccc21,,366.98686427,False,[]
4794,CP(=O)(O)CCC(N)C(=O)O,,181.050394494,False,[]
4795,Nc1ncnc2c1ncn2C1OC(COP(=O)(O)OP(=O)(O)NP(=O)(O)O)C(O)C1O,,506.01172987399985,False,[]
4796,Nc1ncnc2c1ncn2C1OC(COP(=O)(O)OP(=O)(O)C(F)(F)P(=O)(O)O)C(O)C1O,,540.9976372819998,False,[]
4797,O=C(COP(=O)(O)O)NO,,170.993273542,False,[]
4798,Nc1ncnc2c1ncn2C1OC(COP(=O)(O)CP(=O)(O)O)C(O)C1O,,425.0501503839999,False,[]
4799,Nc1ncnc2c1ncn2C1OC(COP(=O)(O)OP(=O)(O)CP(=O)(O)O)C(O)C1O,,505.0164809059998,False,[]
4801,CC1OC1P(=O)([O-])[O-].[Na+].[Na+],,181.97208382999997,False,[]
4802,CC(C)CC(NP(=O)(O)OC1OC(C)C(O)C(O)C1O)C(=O)NC(Cc1c[nH]c2ccccc12)C(=O)O,,543.1981809179999,False,[]
4804,O=C([O-])CCC(NC(=O)c1ccccc1C(=O)[O-])C(=O)[O-],,292.04737239972997,False,[]
4805,O=C(O)CCC(NC(=O)c1ccccc1C(=O)O)C(=O)O,,295.069201756,False,[]
4806,O=C(O)c1ccccc1C(=O)Nc1ccc(S(=O)(=O)Nc2nccs2)cc1,,403.02966251600003,False,[]
4808,CC1CCC2OC(C)(C)CCCC2(C)C1(O)CCCCC1(C)CC2(O)CCC1C(C)(C)C2Cc1cc(OS(=O)(=O)O)ccc1O,,650.385239816,False,[]
4809,CCC1=C(C)C(C=c2[nH]c(=Cc3[nH]c(C=C4NC(=O)C(C)C4CC)c(C)c3CCC(=O)O)c(CCC(=O)O)c2C)=NC1=O,,588.2947849999999,False,[]
4810,COc1nc(C)nc(Cl)c1NC1=NCCN1,,241.07303768399998,False,[]
4811,CNC(=O)Oc1ccc2c(c1)C1(C)CCN(C)C1N2C,,275.163376912,False,[]
4812,CC(=CCC1=C(C)C(=O)c2ccccc2C1=O)CCCC(C)CCCC(C)CCCC(C)C,,450.349780712,False,[]
4813,Oc1cc(O)cc(C=Cc2ccc(O)c(O)c2)c1,,244.073558864,False,[]
4814,COc1ccc(C(=O)NCc2cccnc2)cc1C(=O)NCc1cccnc1,,376.1535405,False,[]
4815,CC(C)(O)C1C2OC(=O)C1C1(O)CC3OC34C(=O)OC2C14C,,310.105252916,False,[]
4816,C=C(C)C1C2OC(=O)C1C1(O)CC3OC34C(=O)OC2C14C,,292.094688232,False,[]
4817,[H]/N=c1\sc2c(n1CC(=O)c1ccc(C)cc1)CCCC2,,286.11398419600005,False,[]
4818,Cc1ncc(CO)c(C=NNC(=O)c2ccncc2)c1O,,286.10659030799997,False,[]
4819,CCC1C(=O)OCC1Cc1cncn1C,,208.121177752,False,[]
4820,Cc1cccc(C)c1NC(=O)CC12CCCN1CCC2,,272.188863388,False,[]
4821,CC1CC=CC=CC=CC=CC(OC2(C)OC(C)C(O)C(N)C2O)CC2OC(O)(CC(O)CC3OC3C=CC(=O)O1)CC(O)C2C(=O)O,,679.320390628,False,[]
4822,CN1CCC(=C2c3ccccc3Sc3ccccc32)CC1,,293.123820608,False,[]
4823,COc1ccc(-c2nc3ccc(C4=NNC(=O)CC4C)cc3[nH]2)cc1,,334.142975816,False,[]
4824,O=c1[nH]c2ccccc2n1C1CCN(CCCC(c2ccc(F)cc2)c2ccc(F)cc2Cl)CC1,,495.188896636,False,[]
4825,COc1c(OC)c2occc2c2oc(=O)ccc12,,246.05282342,False,[]
4826,CC(/N=C(\NC#N)Nc1ccncc1)C(C)(C)C,,245.16404560799998,False,[]
4827,CC1(NC(=O)CBr)CCC(C(C)(C)NCC(O)COc2cccc3[nH]ccc23)CC1,,479.17835404799996,False,[]
4828,CC(C)NCC(O)COc1cccc2[nH]ccc12,,248.15247788,False,[]
4829,CCc1ccc(CCOc2ccc(CC3SC(=O)NC3=O)cc2)nc1,,356.1194635,False,[]
4830,NC(=O)C1(N2CCCCC2)CCN(CCCC(=O)c2ccc(F)cc2)CC1,,375.23220541999996,False,[]
4831,CCn1cc(C(=O)O)c(=O)c2cnc(N3CCNCC3)nc21,,303.133139404,False,[]
4832,CC[N+]1(C)CCCC(OC(=O)C(O)(c2ccccc2)c2ccccc2)C1,,354.20637017609,False,[]
4833,O=C1C2=C3C4=C(C=CC3C(=O)N1CCN1CCCCC1)c1ccc3c5c(ccc(c15)C4C=C2)C(=O)N(CCN1CCCCC1)C3=O,,614.2893056960002,False,[]
4834,CCN1CCN(C(=O)NC(C(=O)NC2C(=O)N3C2SC(C)(C)C3C(=O)[O-])c2ccccc2)C(=O)C1=O,,516.1558427519099,False,[]
4835,CCN1CCN(C(=O)NC(C(=O)NC2C(=O)N3C2SC(C)(C)C3C(=O)O)c2ccccc2)C(=O)C1=O,,517.1631192039998,False,[]
4836,CC1(Cn2ccnn2)C(C(=O)O)N2C(=O)CC2S1(=O)=O,,300.05284048399994,False,[]
4838,O=S(=O)(O)C1CCNCC1,,165.045964212,False,[]
4839,CCN1CCCC(OC(=O)C(c2ccccc2)c2ccccc2)C1,,323.18852904000005,False,[]
4840,O=C(C=CC=Cc1ccc2c(c1)OCO2)N1CCCCC1,,285.136493468,False,[]
4841,CC[N+]1(CCOC(=O)C(O)(c2ccccc2)c2ccccc2)CCCCC1,,368.22202024009,False,[]
4842,O=C(CCBr)N1CCN(C(=O)CCBr)CC1,,353.957851952,False,[]
4844,COc1cccc2c1C(=O)c1c(O)c3c(c(O)c1C2=O)CC(O)(C(=O)CO)CC3OC1CC(N)C(OC2CCCCO2)C(C)O1,,627.2315756239999,False,[]
4845,CC(C)(C)NCC(O)c1ccc(O)c(CO)n1,,240.1473925,False,[]
4846,O=C(O)c1cc(=O)c2c3nc4ccccc4oc-3cc(=O)c2[nH]1,,308.043321356,False,[]
4847,Cc1nc2ccccn2c(=O)c1CCN1CCC(C(=O)c2ccc(F)cc2)CC1,,393.18525522799996,False,[]
4848,CN1CCN(CC(=O)N2c3ccccc3C(=O)Nc3cccnc32)CC1,,351.16952491200004,False,[]
4849,NS(=O)(=O)c1cc(C(=O)O)cc(N2CCCC2)c1Oc1ccccc1,,362.093642676,False,[]
4850,c1cnc(N2CCN(Cc3ccc4c(c3)OCO4)CC2)nc1,,298.142975816,False,[]
4851,CCCCCC(O)C=CC1c2cc(CCCC(=O)[O-])n(-c3ccccc3)c2CC1O.[K+],,449.196840184,False,[]
4852,CCCCCC(O)C=CC1c2cc(CCCC(=O)O)n(-c3ccccc3)c2CC1O,,411.240958536,False,[]
4853,CC1CCCC(C)N1CCCC(O)(c1ccccc1)c1ccccn1,,338.23581358,False,[]
4854,CCN1CCC(=C2c3ccccc3CCc3ccccc32)C1C,,303.1986998,False,[]
4855,CCn1cc(C(=O)O)c(=O)c2cnc(N3CCCC3)nc21,,288.122240372,False,[]
4857,CC(C)(C)C(=O)OCOC(=O)C1N2C(=O)C(/N=C/N3CCCCCC3)C2SC1(C)C,,439.214092156,False,[]
4858,CN(C)CC(=O)Nc1ccc2[nH]c(=O)c3ccccc3c2c1,,295.132076784,False,[]
4859,CCCCCCCN1C(C)=CSC1=CC=C(C=Cc1scc(C)[n+]1CCCCCCC)c1scc(C)[n+]1CCCCCCC,,655.4016647921801,False,[]
4860,CC(C)=CCCC(C)=CCCC(=CCCC(C)=CCO)CO,,306.255880328,False,[]
4861,COC(C(=O)C(O)C(C)O)C1CC(=O)c2c(cc3ccc(C)c(O)c3c2O)C1,,388.152203108,False,[]
4862,C=C(C)C1NC(=O)C(NC)C(O)c2cc(Cl)c(O)c(c2)OC(C)(CC)C(C(=O)N2CC=CC2C(=O)NC(C(=O)NC(=CC(=O)O)C(=O)O)=C(C)CC)NC1=O,,788.27839856,False,[]
4863,CCCCCNC(=O)C(Cc1ccc(OC(C(=O)O)C(=O)O)cc1)NC(=O)NC(Cc1ccccc1)C(=O)O,,543.2216796359999,False,[]
4864,CCCCCNC(=O)C(Cc1ccc(OCC(=O)O)c(C(=O)O)c1)NC(=O)C(Cc1ccccc1)NC(=O)CCC(=O)O,,599.247894384,False,[]
4865,COc1cc(C2c3cc4c(cc3C(O)C3COC(=O)C23)OCO4)cc(OC)c1OC,,414.1314676639999,False,[]
4867,OCCOCCOCCOCCOCCOCCOCCOCCOCCO,,414.2464974159999,False,[]
4869,NC(=O)OCC(O)C(O)C(N)C(=O)NC(C(=O)O)C1OC(n2cc(C(=O)O)c(=O)[nH]c2=O)C(O)C1O,,521.1241504159999,False,[]
4870,CN1C(CSCC(F)(F)F)Nc2cc(Cl)c(S(N)(=O)=O)cc2S1(=O)=O,,438.97088123599997,False,[]
4871,CC(C)=CCc1c2c(c3occ(-c4ccc(O)c(O)c4)c(=O)c3c1O)C=CC(C)(C)O2,,420.1572884879999,False,[]
4872,CC12CCC(=O)C=C1C=CC1C2CCC2(C)C1CCC2(O)CCC(=O)O,,358.21440943999994,False,[]
4874,COc1cc(S(=O)(=O)O)ccc1O,,204.009244356,False,[]
4875,[I-].[K+],,165.86817968,False,[]
4877,CC(C)(C)n1nc(-c2cccc3ccccc23)c2c(N)ncnc21,,317.16404560800004,False,[]
4878,CC(C)(C)n1nc(-c2ccc(Cl)cc2)c2c(N)ncnc21,,301.109423192,False,[]
4879,Nc1ncnc2c1cnn2-c1ccccc1,,211.08579528799999,False,[]
4880,Cc1nc(/N=N/c2ccc(S(=O)(=O)[O-])cc2S(=O)(=O)[O-])c(COP(=O)([O-])[O-])c(C=O)c1O.[Na+].[Na+].[Na+].[Na+],,598.9034285100001,False,[]
4881,Cc1nc(/N=N/c2ccc(S(=O)(=O)O)cc2S(=O)(=O)O)c(COP(=O)(O)O)c(C=O)c1O,,510.9756515179998,False,[]
4882,O=C(NC1=CC(=O)c2ccccc2C1=O)c1ccccc1,,277.07389321200003,False,[]
4883,CC(=O)Nc1ccc(OCC(O)CNC(C)C)cc1,,266.163042564,False,[]
4885,CCCNC1CCc2nc(N)sc2C1,,211.11431854399999,False,[]
4886,CCCCOc1ccc(OCCCN2CCOCC2)cc1,,293.199093724,False,[]
4887,O=C(Nc1cccc2c(=O)cc(-c3nn[nH]n3)oc12)c1ccc(OCCCCc2ccccc2)cc1,,481.175004216,False,[]
4888,CC(C(=O)O)c1ccc2c(c1)Cc1cccnc1O2,,255.089543276,False,[]
4889,CCC(C)C(=O)OC1CC(O)C=C2C=CC(C)C(CCC(O)CC(O)CC(=O)O)C21,,424.24610349199986,False,[]
4890,O=C1CN=C(c2ccccc2)c2cc(Cl)ccc2N1CC1CC1,,324.10294084400005,False,[]
4891,O=C(C1CCCCC1)N1CC(=O)N2CCc3ccccc3C2C1,,312.183778008,False,[]
4892,COc1cc2nc(N3CCN(C(=O)C4=CC5C=CC4CC5)CC3)nc(N)c2cc1OC,,421.211389724,False,[]
4893,COc1cc2nc(N3CCN(C(=O)c4ccco4)CC3)nc(N)c2cc1OC,,383.15935415200005,False,[]
4894,CC12C=CC(=O)C=C1CCC1C2C(O)CC2(C)C1CCC2(O)C(=O)CO,,360.1936739959999,False,[]
4895,CC(=O)OCC(=O)C1(O)CCC2C3CCC4=CC(=O)C=CC4(C)C3C(O)CC21C,,402.20423868,False,[]
4896,CC12C=CC(=O)C=C1CCC1C2C(O)CC2(C)C1CCC2(O)C(=O)COP(=O)(O)O,,440.1600045179999,False,[]
4897,CC12C=CC(=O)C=C1CCC1C2C(O)CC2(C)C1CCC2(O)C(=O)COC(=O)CCC(=O)O,,460.20971798399984,False,[]
4898,CC(C)(C)CC(=O)OCC(=O)C1(O)CCC2C3CCC4=CC(=O)C=CC4(C)C3C(O)CC21C,,458.26683893599994,False,[]
4899,CCCCC(=O)OC1(C(=O)COC(C)=O)CCC2C3CCC4=CC(=O)C=CC4(C)C3C(O)CC21C,,486.261753556,False,[]
4900,CC12C=CC(=O)C=C1CCC1C2C(=O)CC2(C)C1CCC2(O)C(=O)CO,,358.1780239319999,False,[]
4901,CC(O)C1CCC2C3CCC4CC(O)CCC4(C)C3CCC12C,,320.271530392,False,[]
4902,CC(=O)C1CCC2C3CC=C4CC(OS(=O)(=O)[O-])CCC4(C)C3CCC12C,,395.18976867191003,False,[]
4903,CC(=O)C1CCC2C3CC=C4CC(OS(=O)(=O)O)CCC4(C)C3CCC12C,,396.197045124,False,[]
4904,OC(CCN1CCCCC1)(c1ccccc1)c1ccccc1,,295.19361442,False,[]
4905,CC[N+]1(CC)CCC(=C(c2ccccc2)c2ccccc2)C1C,,306.22162631609,False,[]
4906,CCCNC(C)C(=O)Nc1ccccc1C,,220.15756326,False,[]
4907,CC1CCN(C)C(CO)(CO)C1=O,,187.120843404,False,[]
4908,COc1cc(NC(C)CCCN)c2ncccc2c1,,259.168462292,False,[]
4909,CCC1(c2ccccc2)C(=O)NCNC1=O,,218.105527688,False,[]
4910,CCCC(C(=O)OCCN(CC)CC)(c1ccccc1)c1ccccc1,,353.23547923200005,False,[]
4911,CCCN(CCC)S(=O)(=O)c1ccc(C(=O)O)cc1,,285.10347908800003,False,[]
4912,CC(C)(Sc1cc(C(C)(C)C)c(O)c(C(C)(C)C)c1)Sc1cc(C(C)(C)C)c(O)c(C(C)(C)C)c1,,516.309572776,False,[]
4913,CCN(CC)CCNC(=O)c1ccc(N)cc1,,235.168462292,False,[]
4914,CCN(CC)CCOC(=O)c1ccc(N)cc1,,236.15247788,False,[]
4915,CNNCc1ccc(C(=O)NC(C)C)cc1,,221.152812228,False,[]
4916,CCC(NC(C)C)C(O)c1ccc(O)c2[nH]c(=O)ccc12,,290.163042564,False,[]
4917,CN1CCN(CCCN2c3ccccc3Sc3ccc(Cl)cc32)CC1,,373.137946448,False,[]
4918,CC(C)C(NC(=O)C(Cc1ccc(O)cc1)NC(=O)C(N)CCCN=C(N)N)C(=O)N1CCCC1C(=O)NC(C(=O)O)C(C)O,,634.3438604320002,False,[]
4919,OC(CCN1CCCC1)(c1ccccc1)C1CCCCC1,,287.224914548,False,[]
4920,CC(=O)C1CCC2C3CCC4=CC(=O)CCC4(C)C3CCC12C,,314.2245802,False,[]
4922,CCCN(CCC)C(=O)C(CCC(=O)O)NC(=O)c1ccccc1,,334.189257312,False,[]
4923,CC(C)/N=C(\N)N=C(N)Nc1ccc(Cl)cc1,,253.10942319199998,False,[]
4924,O=C([O-])C1CCCN1[N+]([O-])=N[O-].[Na+].[Na+],,219.02319426399998,False,[]
4925,O=NN([O-])N1CCCC1C(=O)O,,174.05202931591,False,[]
4926,CN(C)CCCN1c2ccccc2Sc2ccccc21,,284.13471963999996,False,[]
4927,CC(CN1c2ccccc2Sc2ccccc21)N(C)C,,284.13471963999996,False,[]
4928,COc1nc(NC(C)C)nc(NC(C)C)n1,,225.15896022799998,False,[]
4929,CSc1nc(NC(C)C)nc(NC(C)C)n1,,241.13611660799998,False,[]
4930,CC(C)NCC(O)c1ccc2ccccc2c1,,229.146664228,False,[]
4931,CC(C)N(C(=O)CCl)c1ccccc1,,211.076391748,False,[]
4932,CCCNCC(O)COc1ccccc1C(=O)CCc1ccccc1,,341.199093724,False,[]
4933,CCC(=O)Nc1ccc(Cl)c(Cl)c1,,217.006119268,False,[]
4934,CC(C)[N+](C)(CCOC(=O)C1c2ccccc2Oc2ccccc21)C(C)C,,368.22202024009,False,[]
4935,CCCOc1ccc(C(=O)OCCN(CC)CC)cc1N,,294.194342692,False,[]
4936,C#CCOS(=O)OC1CCCCC1Oc1ccc(C(C)(C)C)cc1,,350.155180312,False,[]
4937,CC(C)Nc1nc(Cl)nc(NC(C)C)n1,,229.10942319199998,False,[]
4938,CCCn1cnc2c1c(=O)n(CCCCC(C)=O)c(=O)n2C,,306.169190564,False,[]
4939,CC[N+](C)(CC)CCC[n+]1c(-c2ccccc2)c2cc(N)ccc2c2ccc(N)cc21,,414.27724992818,False,[]
4940,CCC(=O)c1ccc2c(c1)N(CC(C)N(C)C)c1ccccc1S2,,340.160934388,False,[]
4941,CCC(=O)NC(CC(C)C)C(=O)NC(CC(C)C)C(=O)NC(C=O)CCCN=C(N)N,,440.31110376000004,False,[]
4942,CCCOC(C(=O)OC1CCN(C)CC1)(c1ccccc1)c1ccccc1,,367.214743788,False,[]
4943,CC(C)c1cccc(C(C)C)c1O,,178.135765196,False,[]
4944,CNC(=O)Oc1ccccc1OC(C)C,,209.10519334,False,[]
4945,CC(CN(C)C)C(O)(Cc1ccccc1)c1ccccc1,,283.19361442,False,[]
4946,CC(C)NCC(O)COc1cccc2ccccc12,,259.157228912,False,[]
4947,CCCOC(=O)c1cc(O)c(O)c(O)c1,,212.068473484,False,[]
4948,NC(C(=O)NC1C(=O)N2C(C(=O)O)=C(CSc3cn[nH]n3)CSC12)c1ccc(O)cc1,,462.0780096760001,False,[]
4949,CCCOC(=O)Cn1cc(I)c(=O)c(I)c1,,446.88283921199996,False,[]
4951,CC1OC(OC2C=C3CCC4C(CCC5(C)C(c6ccc(=O)oc6)CCC45O)C3(C)CC2)C(O)C(O)C1O,,530.2879683039998,False,[]
4952,CCCCCC(O)C=CC1C=CC(=O)C1CCCCCCC(=O)O,,336.23005950399994,False,[]
4953,CCCCCC(O)C=CC1C=CC(=O)C1CC=CCCCC(=O)O,,334.21440943999994,False,[]
4954,CCCCCC(O)C=CC1=C(CCCCCCC(=O)O)C(=O)CC1,,336.23005950399994,False,[]
4955,CCCCCC(O)C=CC1=C(CC=CCCCC(=O)O)C(=O)CC1,,334.21440943999994,False,[]
4956,CCCCCC(O)C=CC1C(=O)CC(O)C1CC=CCCCC(=O)O,,352.2249741239999,False,[]
4957,CCCCCC(O)C=CC1C(O)CC(O)C1CCCCCCC(=O)O,,356.2562742519999,False,[]
4958,CCCCCC(C=CC1C2CC(OO2)C1CC=CCCCC(=O)O)OO,,368.2198887439999,False,[]
4959,CCCCCC(O)C=CC1C(O)CC2OC(=CCCCCC(=O)[O-])CC21,,365.23334773590994,False,[]
4960,CCCCCC(O)C=CC1C(O)CC2OC(=CCCCCC(=O)O)CC21,,366.2406241879999,False,[]
4961,CCCCCC(O)C=CC1C(=O)C=CC1CC=CCCCC(=O)O,,334.21440943999994,False,[]
4962,CC(=O)OC12CC(C)C3(O)C(C=C(CO)CC4(O)C(=O)C(C)=CC43)C1C2(C)C,,390.20423868,False,[]
4963,CCCSSC(CCO)=C(C)N(C=O)Cc1cnc(C)nc1N,,356.13406800800004,False,[]
4964,O=C(CBr)c1ccc(O)cc1,,213.962941564,False,[]
4965,COc1ccc(C(=O)CBr)cc1,,227.978591628,False,[]
4966,O=C(O)COc1ccc(C(=O)CBr)cc1,,271.968420868,False,[]
4968,O=C1CCC(C(=O)NC(Cc2cnc[nH]2)C(=O)N2CCCC2C(=O)O)N1,,363.15426877199997,False,[]
4969,CC(Cc1ccc2c(c1)OCO2)NCC(O)c1ccc(O)c(O)c1,,331.141972772,False,[]
4970,CN1CCc2cc3c(cc2C(=O)Cc2ccc4c(c2C1)OCO4)OCO3,,353.1263227079999,False,[]
4971,C=Cc1c(C)c2cc3[nH]c(cc4nc(cc5nc(cc1[nH]2)C(C)=C5CCC(=O)O)C(CCC(=O)O)=C4C)c(C)c3C=C,,562.2580055679999,False,[]
4972,C=CC1=C(C)c2cc3[n-]c(cc4nc(cc5[n-]c(cc1n2)c(C)c5CCC(=O)O)C(CCC(=O)O)=C4C)c(C)c3C=C.[Co+2],,619.1755505039998,False,[]
4973,C=CC1=C(C)c2cc3[n-]c(cc4nc(cc5[n-]c(cc1n2)c(C)c5C=C)C(C)=C4CCC(=O)O)c(CCC(=O)O)c3C.[Fe+2],,616.1772930039999,False,[]
4974,CCC(C)C(=O)OC1C(O)C2C(CN3CC(C)CCC3C2(C)O)C2CC34OC5(O)C(OC(=O)C(C)(O)CC)CCC3(C)C5C(OC(C)=O)C(OC(C)=O)C4C21O,,793.424855696,False,[]
4976,CNCCCC1c2ccccc2C=Cc2ccccc21,,263.167399672,False,[]
4977,CC(O)Cn1cnc2c1c(=O)n(C)c(=O)n2C,,238.106590308,False,[]
4978,Cc1cc(=O)c2c(O)c3c(O)cc(O)c4c5c(O)cc(O)c6c(O)c7c(=O)cc(CO)c8c1c2c(c34)c(c65)c78,,520.0794320919999,False,[]
4980,CN(C)CCc1c[nH]c2cccc(O)c12,,204.126263132,False,[]
4981,COc1c2occc2c(CC(O)C(C)(C)O)c2ccc(=O)oc12,,318.11033829599995,False,[]
4982,CCCCCCCCCCCCCC=CC(O)C(N)COC1OC(CO)C(O)C(O)C1O,,461.33525284399985,False,[]
4983,CC1(C)N(O)C(c2ccccc2)=[N+]([O-])C1(C)C,,234.136827816,False,[]
4984,COc1ccc(CC(N)C(=O)NC2C(CO)OC(n3cnc4c(N(C)C)ncnc43)C2O)cc1,,471.22301702800013,False,[]
4986,CCC(Nc1nc(Nc2cccc(Cl)c2)c2ncn(C(C)C)c2n1)C(C)C,,386.19857254400006,False,[]
4987,CC(C)C(CO)Nc1nc(Nc2cccc(Cl)c2)c2ncn(C(C)C)c2n1,,388.1778371000001,False,[]
4988,CC1(C)CCCC2(C)C1CCC1(C)OC3=CC(=O)C(O)=CC3=CC12,,328.20384475599997,False,[]
4989,CN1CCCN=C1C=Cc1cccs1,,206.087769448,False,[]
4990,CNC(=O)OCc1cccc(COC(=O)NC)n1,,253.10625596,False,[]
4991,CN(C)C(=O)Oc1ccc[n+](C)c1,,181.09715407609,False,[]
4992,COc1ccc(CN(CCN(C)C)c2ccccn2)cc1,,285.184112356,False,[]
4993,CCc1nc(N)nc(N)c1-c1ccc(Cl)cc1,,248.08287409599998,False,[]
4994,CCC1(CC)C(=O)C=CNC1=O,,167.094628656,False,[]
4995,O=P([O-])(O)OP(=O)([O-])O,,175.92867282382002,False,[]
4996,O=C(CCCCCCC(=O)Nc1cccnc1)NO,,265.142641468,False,[]
4997,CC(C)=CCCC(C)=CCc1c[nH]c(C(=O)O)c1,,247.157228912,False,[]
4998,COC1=CC(C)C2CC3OC(=O)CC4C(C)=C(OC)C(=O)C(C2(C)C1=O)C34C,,388.18858861599995,False,[]
4999,Fc1ccccc1C1=NCC(=S)N(CC(F)(F)F)c2ccc(Cl)cc21,,386.026759912,False,[]
5002,OCCOCCN1CCN(C2=Nc3ccccc3Sc3ccccc32)CC1,,383.16674804,False,[]
5003,COc1cc(N(CC(=O)O)CC(=O)O)c2nc(COc3ccc(C)cc3N(CC(=O)O)CC(=O)O)ccc2c1,,541.169644064,False,[]
5004,O=C1c2ccc(O)c(O)c2C(=O)c2c(O)ccc(O)c21,,272.032087976,False,[]
5005,CCOC(=O)C(CCc1ccccc1)NC(C)C(=O)N1Cc2ccccc2CC1C(=O)O,,438.21547205999997,False,[]
5006,[NH-]N1CCCC2Cc3nc(N)ncc3CC21.[Pr],,359.04877189190995,False,[]
5007,Nc1ncc2c(n1)CC1CCCN(N)C1C2,,219.14839554399998,False,[]
5008,C=CC1CC2CCC1CC2C(O)c1cc[nH+]c2ccc(OC)cc12,,324.19580549208996,False,[]
5009,C=CC1CC2CCC1CC2C(O)c1ccnc2ccc(OC)cc12,,323.18852904,False,[]
5010,C=CC1CN2CCC1CC2C(OC(=O)OCC)c1ccnc2ccc(OC)cc12,,396.204907376,False,[]
5011,c1ccc2nc(N3CCNCC3)ccc2c1,,213.12659748,False,[]
5012,O=[N+]([O-])c1ccc2nc(N3CCNCC3)ccc2c1,,258.111675688,False,[]
5013,CN1CCN(c2ccc3ccccc3n2)CC1,,227.14224754399999,False,[]
5014,Cc1cccc(C)c1NC(=O)C[N+](C)(C)C,,221.16483971209,False,[]
5015,CCC(CC)(CC)CC(=O)Nc1c(C)cccc1C,,261.209264484,False,[]
5016,C=CCN1CCc2c(cc(O)c(O)c2Br)C(c2ccccc2)C1,,373.06774098,False,[]
5017,CCCCC1(C2CCCC2)Cc2cc(OCC(=O)O)c(Cl)c(Cl)c2C1=O,,398.105164608,False,[]
5018,CN1CCc2cc(Cl)c(O)cc2C(c2ccccc2)C1,,287.107691876,False,[]
5019,CCCN1CCc2cc(O)cc3c2C1Cc1ccc(O)c(O)c1-3,,311.152143532,False,[]
5020,CN1CCc2cc(O)cc3c2C1Cc1ccc(O)c(O)c1-3,,283.120843404,False,[]
5021,COc1ccc2c(c1O)-c1cccc3c1C(C2)N(C)CC3,,281.14157884800005,False,[]
5022,CC(Cc1ccccc1)Nc1ncnc2c1ncn2C1OC(CO)C(O)C1O,,385.17500421599993,False,[]
5023,Oc1ccc2c(c1O)-c1cccc3c1C(C2)NCC3,,253.11027872,False,[]
5024,COc1cc2c(cc1OC)C(c1ccccc1)CN(C)CC2,,297.17287897600005,False,[]
5025,CC(Cc1ccccc1)NCCCc1ccccc1,,253.183049736,False,[]
5026,CC1=C(C(=O)OC(C)C)C(c2cccc3nonc23)C([N+](=O)[O-])=C(C)N1,,358.12771967599997,False,[]
5028,CC(=O)c1ccc(C)cc1NC(C(N)=O)c1c(Br)cccc1Br,,437.95785195200006,False,[]
5029,COCCCOc1ccnc(CS(=O)c2nc3ccccc3[nH]2)c1C,,359.13036253200005,False,[]
5030,CCCCCCCCCCCCCCCCCC(=O)NCC(COP(=O)([O-])OCC[N+](C)(C)C)OC,,536.3954241739999,False,[]
5031,CCCCCCCCCCCCCCCCCC(=O)NCC(COP(=O)(O)OCC[N+](C)(C)C)OC,,537.4027006260899,False,[]
5032,CNC(C)C(O)c1ccccc1,,165.1153641,False,[]
5033,CC1CC2OC2C=CC=CC(=O)Cc2c(Cl)c(O)cc(O)c2C(=O)O1,,364.071365944,False,[]
5034,O=C1Nc2ccc(I)cc2C1=Cc1cc(Br)c(O)c(Br)c1,,518.7966506959999,False,[]
5035,O=C(c1ccc(OCCN2CCCCC2)cc1)c1c(-c2ccc(O)cc2)sc2cc(O)ccc12,,473.16607934399997,False,[]
5036,O=C(O)CCn1c2c(c3ccccc31)CC(NS(=O)(=O)c1ccc(F)cc1)CC2,,416.120606372,False,[]
5037,Cc1c(NC(C)C)c(=O)n(-c2ccccc2)n1C,,245.152812228,False,[]
5038,CCOC(=O)C(CCc1ccccc1)NC(C)C(=O)N1C(C(=O)O)CC2CCCC21,,416.23112212399997,False,[]
5039,CNC(=C[N+](=O)[O-])NCCSCc1ccc(CN(C)C)o1,,314.14126156399993,False,[]
5041,CC(C)Oc1cccnc1N(C)C1CCN(Cc2ccc(I)cc2)CC1,,465.127710516,False,[]
5042,O=C(NC(Cc1cc(=O)[nH]c2ccccc12)C(=O)O)c1ccc(Cl)cc1,,370.07203464,False,[]
5043,COC1C(CO)OC(n2c3c(Cl)cccc3c3c4c(c5c6cccc(Cl)c6[nH]c5c32)C(=O)NC4=O)C(O)C1O,,569.075655372,False,[]
5044,Nc1ccccc1NC(=O)c1ccc(CNC(=O)OCc2ccccc2)cc1,,375.158291532,False,[]
5045,O=C(NCc1ccc(C(=O)Nc2ccccc2O)cc1)OCc1ccccc1,,376.14230712,False,[]
5046,Nc1cccc(NC(=O)c2ccc(CNC(=O)OCc3ccccc3)cc2)c1,,375.158291532,False,[]
5047,Nc1ccccc1NC(=O)C=Cc1ccc(NS(=O)(=O)c2ccccc2)cc1,,393.114712468,False,[]
5048,Nc1ccccc1NC(=O)CCCCCN1C(=O)c2cccc3c(CN4CCCCC4)c(O)cc(c23)C1=O,,514.2580055679999,False,[]
5049,CC=C(C)C(=O)OCC1C2=C(CC3C4C5=C(CC(C(O)N13)N4C)C(=O)C(C)=C(OC)C5=O)C(=O)C(C)=C(OC)C2=O,,566.226430668,False,[]
5050,Cc1ccc2c([nH]c(=O)c3c(=O)cc(C(=O)OCCC(C)C)oc32)c1C,,355.141972772,False,[]
5051,COC(=O)C1C2CC3c4[nH]c5cc(OC)ccc5c4CCN3CC2CC(OC(=O)C=Cc2cc(OC)c(OC)c(OC)c2)C1OC,,634.289030924,False,[]
5052,COC(=O)C1C2CC3c4[nH]c5cc(OC)ccc5c4CCN3CC2CC(OC(=O)c2cc(OC)c(OC)c(OC)c2)C1OC,,608.27338086,False,[]
5053,CC(C)=CC1C(C(=O)OCc2coc(Cc3ccccc3)c2)C1(C)C,,338.18819469199997,False,[]
5055,CC(=O)Oc1cccc(O)c1,,152.047344116,False,[]
5056,Oc1ccc(C=Cc2cc(O)cc(O)c2)cc1,,228.078644244,False,[]
5057,CC(=O)OCC=C(C)C=CC=C(C)C=CC1=C(C)CCCC1(C)C,,328.240230264,False,[]
5058,CCCCCCCCCCCCCCCC(=O)OCC=C(C)C=CC=C(C)C=CC1=C(C)CCCC1(C)C,,524.45933116,False,[]
5059,CCCCCC(O)c1cccc(OCc2ccc3ccccc3n2)c1,,335.18852904000005,False,[]
5060,COc1ccc(C=C(C#N)c2cccnc2)cc1OC,,266.105527688,False,[]
5061,N#CC(=Cc1cc(Cl)cc(Cl)c1)c1cccnc1,,274.006453616,False,[]
5062,COc1ccc(C=Cc2cc(O)cc(OC3OC(CO)C(O)C(O)C3O)c2)cc1O,,420.1420323479999,False,[]
5063,O=C(NCCCCCCNC(=O)ON=C1CCCCC1)ON=C1CCCCC1,,394.258005568,False,[]
5064,NC(=O)c1ncn(C2OC(CO)C(O)C2O)n1,,244.080769484,False,[]
5065,CCCC(=O)OCC(OC(=O)CCC)C(OC(=O)CCC)C(Cn1c2nc(=O)[nH]c(=O)c-2nc2cc(C)c(C)cc21)OC(=O)CCC,,656.3057436080002,False,[]
5066,NCC1OC(OC2C(N)CC(N)C(O)C2OC2OC(CO)C(O)C2O)C(N)C(O)C1O,,454.2274932879999,False,[]
5069,CN(C)C(=O)c1nc(CNC(=O)CN)n(-c2ccc(Cl)cc2C(=O)c2ccccc2Cl)n1,,474.09739385999995,False,[]
5070,Nc1nc2ccc(OC(F)(F)F)cc2s1,,234.00746844,False,[]
5071,CC(N)C12CC3CC(CC(C3)C1)C2,,179.167399672,False,[]
5072,CC1CN(CCCn2c3ccccc3c3ccccc32)CC(C)N1,,321.22049786400004,False,[]
5073,Cc1nc2n(c(=O)c1CCN1CCC(c3noc4cc(F)ccc34)CC1)CCCC2,,410.211804324,False,[]
5074,Cc1nc2sccn2c(=O)c1CCN1CCC(=C(c2ccc(F)cc2)c2ccc(F)cc2)CC1,,477.16863986,False,[]
5075,CC(CC(O)c1ccc(O)cc1)NCc1ccc(O)cc1,,287.152143532,False,[]
5076,CC(C)c1nc(CN(C)C(=O)NC(C(=O)NC(Cc2ccccc2)CC(O)C(Cc2ccccc2)NC(=O)OCc2cncs2)C(C)C)cs1,,720.3127606359999,False,[]
5077,CCN(C)C(=O)Oc1cccc(C(C)N(C)C)c1,,250.168127944,False,[]
5078,CN(C)CCc1c[nH]c2ccc(Cn3cncn3)cc12,,269.164045608,False,[]
5081,CCOC(=O)c1ncn2c1CN(C)C(=O)c1cc(N=[N+]=[N-])ccc1-2,,326.112738308,False,[]
5082,CCOC(=O)C(C)NC(=O)C(CC(C)C)NC(=O)C(CC(=O)NO)CC(C)C,,401.25258584,False,[]
5083,[H]/N=C(\N)SCCCn1cc(C2=C(c3cn(C)c4ccccc34)C(=O)NC2=O)c2ccccc21,,457.15724597599996,False,[]
5084,CN(C)CC1CCn2c(c(C3=C(c4cn(C)c5ccccc45)C(=O)NC3=O)c3ccccc32)C1,,452.221226136,False,[]
5086,NCCNC(=O)c1ncsc1-c1cccc(F)c1,,265.068511224,False,[]
5087,CCCCOc1cc(CC2CNC(=O)N2)ccc1OC,,278.163042564,False,[]
5088,COC(=O)C(NC(=O)CNC(=O)C(CS)NCc1ccc(-c2ccccc2)cc1)C(C)C,,457.203527472,False,[]
5089,COc1ccc(C23Oc4cc(OC)cc(OC)c4C2(O)C(O)CC3c2ccccc2)cc1,,434.17293855199995,False,[]
5090,CS(=O)(=O)c1ccc(C2=C(c3ccccc3)C(=O)OC2)cc1,,314.061279928,False,[]
5092,COc1ccc(C2CNC(=O)C2)cc1OC1CCCC1,,275.152143532,False,[]
5094,Cn1c([N+](=O)[O-])cnc1COC(N)=O,,200.054554736,False,[]
5095,CCCN(CCC)CCc1cccc2c1CC(=O)N2,,260.188863388,False,[]
5096,CCC1OC(=O)CC(O)C(C)C(OC2OC(C)CC(N(C)C)C2O)C(CC=O)CC(C)C(=O)C=CC2(C)OC2C1C,,581.3563822119999,False,[]
5097,CCC(CO)Nc1nc(NCc2ccccc2)c2ncn(C(C)C)c2n1,,354.216809452,False,[]
5098,Cc1oc(-c2ccccc2)nc1CCOc1ccc(CC(Nc2ccccc2C(=O)c2ccccc2)C(=O)O)cc1,,546.21547206,False,[]
5099,O=C(C=Cc1ccc(O)c(O)c1)OC(Cc1ccc(O)c(O)c1)C(=O)O,,360.0845174719999,False,[]
5100,O=C1C=CC(=C(c2ccc(O)cc2)c2ccc(O)cc2)C=C1,,290.094294308,False,[]
5101,C=C(C)C1CC2C3=C(C=CC2O1)C(=O)C1(O)c2cc(OC)c(OC)cc2OCC1O3,,412.1522031079999,False,[]
5102,C=C(C)C1Cc2c(ccc3c2OC2COc4cc(OC)c(OC)cc4C2C3=O)O1,,394.1416384239999,False,[]
5103,CC(=O)c1c(O)c(C)c(O)c(Cc2c(O)c3c(c(C(=O)C=Cc4ccccc4)c2O)OC(C)(C)C=C3)c1O,,516.1784178559999,False,[]
5104,O=[N+]([O-])c1cc([As](=O)(O)O)ccc1O,,262.941108412,False,[]
5105,CC(=O)OCC(=O)NCCCOc1cccc(CN2CCCCC2)c1,,348.204907376,False,[]
5107,[H]/N=C(\N)c1cccc(CC(C(=O)OC)C(C)NC(=O)c2ccc(-c3cccc(CN)c3)cc2)c1,,458.23179082000007,False,[]
5108,[H]/N=C(\N)c1ccc(O)c(CN2CCC(NS(=O)(=O)c3cc4ncccc4s3)C2=O)c1,,445.087846088,False,[]
5109,O=C1C(NS(=O)(=O)c2cc3ncccc3s2)CCN1Cc1cc2ccncc2[nH]1,,427.0772814040001,False,[]
5110,Nc1nccc2ccc(CN3CCC(NS(=O)(=O)c4cc5ncccc5s4)C3=O)cc12,,453.09293146799996,False,[]
5111,O=C(CC1(S(=O)(=O)c2ccc(Oc3ccc(Cl)cc3)cc2)CCOCC1)NO,,425.06998603999995,False,[]
5113,CC(=O)OCOC(c1cc(Oc2ccc(Br)cc2)ccc1[N+](=O)[O-])P(=O)(OCOC(C)=O)OCOC(C)=O,,619.0090385259999,False,[]
5114,CC1CCC2(O)C3(C)CC4(O)OC2(C1O)C1(O)C3(O)C(OC(=O)c2ccc[nH]2)C(O)(C(C)C)C41C,,493.2311817,False,[]
5115,NC(C(=O)O)c1ccc(C(=O)O)cc1,,195.053157768,False,[]
5116,CCN1CCCC1CNC(=O)c1c(O)c(Cl)cc(Cl)c1O,,332.06944779599996,False,[]
5117,CCCN1CCOC2c3cc(O)ccc3OCC21,,249.136493468,False,[]
5118,CCN1CCCC1CNC(=O)c1c(O)c(Cl)cc(Cl)c1OC,,346.08509785999996,False,[]
5119,CCCN1CCCC(c2cccc(C#N)c2)C1,,228.16264864,False,[]
5120,CCN1CCCC1CNC(=O)c1c(OC)ccc(I)c1O,,404.059690532,False,[]
5121,Brc1ccc(C2CN3CCSC3=N2)cc1,,281.982631452,False,[]
5122,CCCN(CCC)C1CCc2c(F)ccc(O)c2C1,,265.184192608,False,[]
5123,NC(Cn1ccc(=O)[nH]c1=O)C(=O)O,,199.059305768,False,[]
5124,COC(=O)NC(C(=O)NC(C(=O)O)C(C)(C)SN=O)C(C)(C)SN=O,,396.07734098000003,False,[]
5125,CCCCSP(=O)(SCCCC)SCCCC,,314.09616511400003,False,[]
5127,[H]N=S(C)(CC(Cc1ccccc1)C(=O)O)=N[H],,240.093248752,False,[]
5128,Cc1ccccc1I,,217.959248224,False,[]
5129,O=[N+]([O-])c1ccc(CSc2ncnc3c2ncn3C2OC(CO)C(O)C2O)cc1,,419.0899542639999,False,[]
5131,[N-]=[N+]=Nc1ccc(C(=O)CSCC(NC(=O)CCC(N)C(=O)O)C(=O)NCC(=O)O)cc1,,466.1270680439999,False,[]
5133,NC(CCC(=O)NC(CSCc1ccc([N+](=O)[O-])cc1)C(=O)NCC(=O)O)C(=O)O,,442.1158346639999,False,[]
5135,Nc1ncnc2c1ncn2C1OC(C[Se]CCC(N)C(=O)O)C(O)C1O,,432.0660390399999,False,[]
5136,C[S+](CCC(N)C(=O)[O-])CC1OC(n2cnc3c(N)ncnc32)C(O)C1O,,398.137238804,False,[]
5137,NC(CCC(=O)NC(CSCc1ccccc1)C(=O)NCC(=O)O)C(=O)O,,397.1307564559999,False,[]
5138,[H]/N=C(\N)SCc1ccccc1,,166.05646932,False,[]
5140,CCCCCCSCC(NC(=O)CCC([NH3+])C(=O)O)C(=O)NCC(=O)O,,392.18498310008994,False,[]
5141,CCCCCCSCC(NC(=O)CCC(N)C(=O)O)C(=O)NCC(=O)O,,391.17770664799997,False,[]
5143,O=C1NS(=O)(=O)c2ccccc21,,182.99901402,False,[]
5144,C=CCc1ccc2c(c1)OCO2,,162.06807956,False,[]
5145,OCc1ccccc1OC1OC(CO)C(O)C(O)C1O,,286.105252916,False,[]
5149,CCC=CC=CC(=O)NC=CCC1CC(O)C(C)CC=CCc2cccc(O)c2C(=O)O1,,439.23587315599997,False,[]
5150,CCC(C(=O)[O-])C1CCC(C)C(C(C)C(O)C(C)C(=O)C(CC)C2OC3(C=CC(O)C4(CCC(C)(C5CCC(O)(CC)C(C)O5)O4)O3)C(C)CC2C)O1,,749.4845366079101,False,[]
5151,CCC(C(=O)O)C1CCC(C)C(C(C)C(O)C(C)C(=O)C(CC)C2OC3(C=CC(O)C4(CCC(C)(C5CCC(O)(CC)C(C)O5)O4)O3)C(C)CC2C)O1,,750.49181306,False,[]
5152,OCc1cc(C(O)CNCCCCCCOCCCCc2ccccc2)ccc1O,,415.272258664,False,[]
5153,NC(=O)c1cn(C2OC(CO)C(O)C2O)c2ncnc(N)c12,,309.1073185800001,False,[]
5154,C[n+]1cc2c3c(ccc2c2ccc4cc5c(cc4c21)OCO5)OCO3,,332.0917343480899,False,[]
5155,Cc1cn(C2C=CC(CO)O2)c(=O)[nH]c1=O,,224.079706864,False,[]
5156,CC1=C2C3OC(=O)C(C)C3CCC2(C)C=CC1=O,,246.125594436,False,[]
5157,CNc1ccccc1C(=O)OC1C(C)C2(O)C(C=C(CO)CC3(O)C(=O)C(C)=CC32)C2C(C)(C)C12OC(C)=O,,539.2519171439999,False,[]
5160,COc1cccc(CCc2ccccc2OCC(CN(C)C)OC(=O)CCC(=O)O)c1,,429.21513771199994,False,[]
5161,O=C(Oc1ccccc1C(=O)O)c1ccccc1O,,258.05282342000004,False,[]
5162,CCc1[nH]c(-c2ccc(OC)cc2)nc1-c1ccncc1,,279.137162164,False,[]
5163,Cn1ccc2cc3c(cc21)CCN3C(=O)Nc1cccnc1,,292.132411132,False,[]
5164,Nc1nccc(-c2c(-c3ccc(F)cc3)ncn2C2CCNCC2)n1,,338.16552282800006,False,[]
5166,COc1nccc(-c2c(-c3ccc(F)cc3)ncn2C2CCC(O)CC2)n1,,368.164854132,False,[]
5167,NC(N)=NCCCC(NC(=O)COCC(c1ccccc1)c1ccccc1)C(=O)O,,412.21105537599993,False,[]
5169,Oc1ccc(-c2nc(-c3ccc(F)cc3)c(-c3ccncc3)[nH]2)cc1,,331.112090288,False,[]
5170,COC(=O)C(NC(=O)C(NC(=O)C(C)N1CCC(C(C)NC(=O)C(C)N)=CC(Cc2ccccc2)C1)C(C)C)C(C)C,,585.3890197320001,False,[]
5171,Fc1ccc(-c2ncn(CC3CC3)c2-c2ccncc2)cc1,,293.132825732,False,[]
5172,Nc1nccc(-c2c(-c3ccc(F)cc3)ncn2CC2CC2)n1,,309.138973732,False,[]
5173,O=C(CCCCCCC(=O)NO)NO,,204.111006992,False,[]
5174,Cc1nc(-c2ccccc2)c(-c2ccncc2)o1,,236.094963004,False,[]
5175,CCCCCCCNS(=O)(=O)c1cccc2c(Cl)cccc12,,339.105977624,False,[]
5176,CCCCCc1ccc(C(=O)Nc2ccc(S(=O)(=O)N(CCN3CCOCC3)C(C(=O)NO)C(C)C)cc2)cc1,,574.282506064,False,[]
5177,Nc1[nH]c(C2C(CNC(=O)c3cc(Br)c[nH]3)C(CNC(=O)c3cc(Br)c[nH]3)C2c2c[nH+]c(N)[nH]2)c[nH+]1,,620.05959711218,False,[]
5178,Nc1ncc(C2C(CNC(=O)c3cc(Br)c[nH]3)C(CNC(=O)c3cc(Br)c[nH]3)C2c2cnc(N)[nH]2)[nH]1,,618.0450442079998,False,[]
5179,O=C(CCCC(=O)NCc1ccc(C2OC(CSc3nc4ccccc4s3)CC(c3ccc(CO)cc3)O2)cc1)NO,,607.1810777759999,False,[]
5180,O=C(CCCCCCC(=O)Nc1cccc(C2OC(CSc3nc4ccccc4s3)CC(c3ccc(CO)cc3)O2)c1)NO,,635.212377904,False,[]
5181,CC(C)=CCCC(C)=CCc1c(O)cc(C=Cc2cc(O)c3c(c2)CC2C(C)(CC(O)C(O)C2(C)C)O3)cc1O,,548.3137891279999,False,[]
5182,COc1cc(C=Cc2cc(O)c(CC=C(C)CCC=C(C)C)c(O)c2)cc2c1OC1(C)CC(O)C(O)C(C)(C)C1C2,,562.329439192,False,[]
5183,COc1cc(C=Cc2cc(O)c(CC=C(C)CCCC(C)(C)O)c(O)c2)cc2c1OC1(C)CC(O)C(O)C(C)(C)C1C2,,580.3400038759999,False,[]
5184,CN1C2CC(OC(=O)C(CO)c3ccccc3)CC1C1OC12,,303.147058152,False,[]
5186,O=C(CCCCCN1C(=O)c2cccc3cccc(c23)C1=O)NO,,326.126657056,False,[]
5188,OC(COc1ccc(C2CCCCC2)cc1)CN1CCN(c2ccccn2)CC1,,395.25727729600004,False,[]
5189,CCOC(=O)c1csc(N2CCN(C3=Nc4ccccc4SC3)CC2)n1,,388.10276788000004,False,[]
5190,N#Cc1cc2c(OCC(O)CN3CCN(C(c4ccccc4)c4ccccc4)CC3)cccc2[nH]1,,466.2368762,False,[]
5191,CCN(CC)CCOC(=O)c1cc(Cl)c(N)cc1OC,,300.124070212,False,[]
5192,O=C(O)CCCCCCCCC(=O)O,,202.120509056,False,[]
5193,C=CCC1(C(C)CCC)C(=O)NC(=O)NC1=O,,238.131742436,False,[]
5194,COC1CC(OC2C(C)=CCC3CC(CC4(CCC(C)C(C5CCCCC5)O4)O3)OC(=O)C3C=C(C)CC4OCC(=CC=CC2C)C43O)OC(C)C1O,,740.4499482479999,False,[]
5195,C#CCN(C)C(C)Cc1ccccc1,,187.136099544,False,[]
5198,CC1CCC(NC(=O)N(CCCl)N=O)CC1,,247.108754496,False,[]
5201,COC(=O)C12OCC34C(CC5C(C)C6=CC(=O)OC6=CC5(C)C3C(O)C1O)OC(=O)C(OC(C)=O)C24,,504.1631617159999,False,[]
5202,NCCc1c[nH]c2ccc(O)cc12,,176.094963004,False,[]
5203,CNC1CCC(c2ccc(Cl)c(Cl)c2)c2ccccc21,,305.073804904,False,[]
5204,c1cc2c(cc1C1OCC3C(c4ccc5c(c4)OCO5)OCC13)OCO2,,354.11033829599995,False,[]
5205,CN1CCC2=C(C1)c1ccccc1Cc1ccccc12,,261.151749608,False,[]
5206,FCOC(C(F)(F)F)C(F)(F)F,,200.007212256,False,[]
5207,NCCCNCCCNC(=O)C(N)CCCN=C(N)N,,287.243358548,False,[]
5208,CC(C)=CCC(O)C1=CC(=O)c2c(O)ccc(O)c2C1=O,,288.099773612,False,[]
5209,CC(C)=CCc1c(O)c(C)cc2c1[nH]c1ccccc12,,265.146664228,False,[]
5210,CC(C)CC(N(C)C)C1(c2ccc(Cl)cc2)CCC1,,279.175377512,False,[]
5211,Cc1cc(O)c2c(c1)OC1(C)CCC3C(C)(C)CCCC34CCOC2C14,,356.23514488399996,False,[]
5213,COc1cc(C2Oc3cc(C4Oc5cc(O)cc(O)c5C(=O)C4O)ccc3OC2CO)ccc1O,,482.1212969039999,False,[]
5214,[Ag+].[H][O+]=S(=O)([NH2+]c1ncccn1)c1ccc(N)cc1,,358.97154788427,False,[]
5215,Nc1ccc(S(=O)(=O)Nc2ncccn2)cc1,,250.05244656,False,[]
5216,CCNc1nc(Cl)nc(NCC)n1,,201.07812306399998,False,[]
5217,CC(C)(Oc1ccc(Cl)cc1)C(=O)OCCCOC(=O)C(C)(C)Oc1ccc(Cl)cc1,,468.11064391199994,False,[]
5218,CCC(C)(C)C(=O)OC1CC(C)C=C2C=CC(C)C(CCC(O)CC(O)CC(=O)O)C21,,436.2824889999999,False,[]
5219,[H]/N=c1/c[n+](N2CCOCC2)[n-]o1,,170.08037556,False,[]
5220,CC1(CC(N)CCC(N)C(=O)O)OC(C)(n2cnc3c(N)ncnc32)C(O)C1O,,409.207366964,False,[]
5221,CC1CCC2N(C1)CC1C3CC4C(CC(=O)C5CC(O)CCC54C)C3CCC1C2(C)O,,429.324294236,False,[]
5224,CNC1C(O)C(OC2C(N)CC(N)C(OC3OC(CN)=CCC3N)C2O)OCC1(C)O,,447.26929852399996,False,[]
5225,CC(C)(C)C(=O)Oc1ccc(S(=O)(=O)Nc2ccccc2C(=O)NC(=O)O)cc1,,420.09912197999995,False,[]
5226,NS(=O)(=O)c1ccc2c(c1)CNCC2,,212.061948624,False,[]
5227,[H]/N=C(\N)SCCCCN(C)C,,175.11431854399999,False,[]
5228,Fc1ccc(-c2nc3n(c2-c2ccncc2)CCS3)cc1,,297.073596604,False,[]
5229,COc1ccc(CCCOC(C[n+]2cc[nH]c2)c2ccc(OC)cc2)cc1,,367.20161914409,False,[]
5231,CC(=O)NC(C(=O)O)C(C)(C)SN=O,,220.051777864,False,[]
5232,CCCCC(=O)NC(C(=O)O)C(C)(C)SN=O,,262.098728056,False,[]
5233,CC(C)COC(=O)OCN1C(=O)CN(CCN2CC(=O)N(COC(=O)OCC(C)C)C(=O)C2)CC1=O,,514.2274932879999,False,[]
5239,O=C([O-])CI.[Na+],,207.899721584,False,[]
5240,O=C(O)CI,,185.917777336,False,[]
5241,CN(C)/C=N/c1c(I)cc(I)c(CCC(=O)O)c1I,,597.811121656,False,[]
5243,O=S(=O)(O)Oc1ccc(C(c2ccc(OS(=O)(=O)O)cc2)c2ccccn2)cc1,,437.02390844,False,[]
5244,CC12CCC3C(CC=C4CC(OS(=O)(=O)O)CCC43C)C1CCC2=O,,368.165744996,False,[]
5245,O=P(O)(O)C(O)(Cc1cccnc1)P(=O)(O)O,,283.001074952,False,[]
5246,CC(CCC(=O)NCCS(=O)(=O)[O-])C1CCC2C3C(O)CC4CC(O)CCC4(C)C3CC(O)C12C.[Na+],,537.273618028,False,[]
5247,CC(CCC(=O)NCCS(=O)(=O)O)C1CCC2C3C(O)CC4CC(O)CCC4(C)C3CC(O)C12C,,515.2916737799999,False,[]
5248,CCCCCCCCCCCCCCOS(=O)(=O)O,,294.18648043999997,False,[]
5249,CC(C)=CCOc1ccc(C=CC(=O)c2ccc(OCC=C(C)C)cc2OCC(=O)O)cc1,,450.2042386799999,False,[]
5250,CC1CCC2(NC1)OC1CC3C4CC=C5CC(O)CCC5(C)C4CCC3(C)C1C2C,,413.32937961600004,False,[]
5252,O=C1NC(=O)C2(CCOc3ccc(F)cc32)N1,,236.059720368,False,[]
5253,CC(C)NCC(O)c1ccc(NS(C)(=O)=O)cc1,,272.1194635,False,[]
5254,CC1Oc2c3c(c4c(-c5ccccc5)cc(=O)oc4c2C(=O)C1C)OC(C)(C)C=C3,,402.1467238039999,False,[]
5255,CC(=O)NC(CC(=O)O)C(=O)NC(CCC(=O)O)C(=O)O,,304.09066547199996,False,[]
5256,NCCCCC(N)C(=O)NCC(=O)NC(Cc1cnc[nH]1)C(=O)NC(CCCCN)C(=O)O,,468.280866252,False,[]
5257,CC1CN(c2c(F)c(N)c3c(=O)c(C(=O)O)cn(C4CC4)c3c2F)CC(C)N1,,392.165997004,False,[]
5258,O=C([O-])CCCc1ccccc1.[Na+],,186.065673872,False,[]
5260,CCCCCCCCCCCCCC=CC(O)C(COP(=O)([O-])OCC[N+](C)(C)C)NC(=O)CCCCCCCCCCCCCCCCC,,730.5988750060001,False,[]
5261,CCCCCCCCCCCCCC=CC(O)C(COP(=O)(O)OCC[N+](C)(C)C)NC(=O)CCCCCCCCCCCCCCCCC,,731.6061514580899,False,[]
5262,CCCCCCCCCCCCCC=CC(O)C(N)COP(=O)(O)O,,379.2487599459999,False,[]
5263,CCCCCCCCCCCCCC=CC(O)C(N)COP(=O)([O-])OCC[N+](C)(C)C,,464.33790929799994,False,[]
5264,CCCCCCCCCCCCCC=CC(O)C(N)COP(=O)(O)OCC[N+](C)(C)C,,465.3451857500899,False,[]
5265,O=C(CCCN1CCC2(CC1)C(=O)NCN2c1ccccc1)c1ccc(F)cc1,,395.20090529199996,False,[]
5267,CC(=O)SC1CC2=CC(=O)CCC2(C)C2CCC3(C)C(CCC34CCC(=O)O4)C12,,416.2021305039999,False,[]
5268,O=C1NCN(c2ccccc2)C12CCN(CC1COc3ccccc3O1)CC2,,379.18959165999996,False,[]
5269,O=C1CCc2c(ccc3ccccc23)O1,,198.06807956,False,[]
5270,Nc1ncnc2c1ncn2C1CCCO1,,205.096359972,False,[]
5271,O=C(O)CCCC=CCC1C2CCC(O2)C1CNNC(=O)Nc1ccccc1,,387.21580640800005,False,[]
5272,CCCCC=CCC1C2CCC(O2)C1CNNC(=O)Nc1ccccc1,,357.241627232,False,[]
5273,Nc1ncnc2c1[nH]c[n+]2C1CCCO1,,206.10363642408998,False,[]
5274,CCCOc1cc(N2CCOCCOCCN(c3cc(OCCC)c(OCCC)c4ccc(C)nc34)CCOCC2)c2nc(C)ccc2c1OCCC,,732.44620026,False,[]
5275,COc1ccc(-c2ccc(N)[n+](CCCC(=O)O)n2)cc1,,288.13426785609,False,[]
5276,CCOc1cc(C=C(C#N)C(N)=O)cc(CSc2ccccc2)c1O,,354.103813436,False,[]
5277,CC12Cc3cn[nH]c3CC1CCC1C2CCC2(C)C1CCC2(C)O,,328.25146364399995,False,[]
5278,O=C(O)Cc1nn(Cc2ccc(Br)cc2F)c(=O)c2ccccc12,,390.001532564,False,[]
5279,CNC1CC2OC(C)(C1OC)n1c3ccccc3c3c4c(c5c6ccccc6n2c5c31)C(=O)NC4,,466.200490692,False,[]
5280,Cc1cn(C2CCC(CO)O2)c(=O)[nH]c1=O,,226.095356928,False,[]
5281,CCCCCCCCCCCCCCCCCC(=O)O,,284.271530392,False,[]
5282,CCCCCCCCCCCCCCCCCC(=O)OC(CC(=O)O)C[N+](C)(C)C,,428.37343550008995,False,[]
5283,COc1cc2c(c(OC)c1OC)-c1cc3c(cc1C(=O)C1COC(=O)C1C2)OCO3,,412.1158175999999,False,[]
5284,CC(=CC=CC(C)=C1C(=O)CC2C1(C)CCC1C(C)(C)C(=O)CCC12C)c1ccc(C)c(=O)o1,,462.27700969599994,False,[]
5285,CC(=O)OC1CCC2(C)C3CC(=O)C(=C(C)C=CC=C(C)c4ccc(C)c(=O)o4)C3(C)CCC2C1(C)C,,506.3032244439999,False,[]
5286,CC(=CC=CC(C)=C1C(=O)CC2C1(C)CCC1C(C)(C)C(=O)CCC12C)C=C(C)C=C(C)C(=O)O,,478.30830982399993,False,[]
5287,CC(C=CC=C(C)C(=O)O)=CC=CC(C)=C1C(=O)CC2C1(C)CCC1C(C)(C)C(=O)CCC12C,,464.29265975999994,False,[]
5288,COC(=O)C(C)=CC=CC(C)=CC=CC(C)=C1C(=O)CC2C1(C)CCC1C(C)(C)C(=O)CCC12C,,478.30830982399993,False,[]
5289,CC(=O)OC(CC=C(C)C)C(C)=CC=CC(C)=C1C(=O)CC2C1(C)CCC1C(C)(CO)C(O)CCC21C,,512.3501746359999,False,[]
5290,COc1cc2c(cc1O)C1Cc3ccc(O)c(OC)c3CN1CC2,,327.14705815200006,False,[]
5291,Cc1ccc(NC(=O)c2ccc(CN3CCN(C)CC3)cc2)cc1Nc1nccc(-c2cccnc2)n1,,493.2590086120001,False,[]
5292,CC=C(C)C=CC=CC(C)C(C)C(C)C(C)CCc1oc2c(O)c(OC)cc(OC)c2c(=O)c1C,,482.3032244439999,False,[]
5293,CC=C(C)C=CC=CC(OC)C(C)C(OC)C(C)CCc1oc2c(O)c(OC)cc(OC)c2c(=O)c1C,,514.2930536839999,False,[]
5294,C=CCCC=CC=CCCCCCCCCC1CCC(C2CCC(CC(=O)O)OO2)O1,,434.30322444399985,False,[]
5295,CCCCC=CC=CCCCCCCCCC1CCC(C2CCC(CC(=O)O)OO2)O1,,436.31887450799985,False,[]
5296,C=CCCC=CC=CCCCCCCC1CCC(C2CCC(CC(=O)OC)OO2)O1,,420.28757437999985,False,[]
5297,CNC1C(OC2C(OC3C(O)C(O)C(N=C(N)N)C(O)C3N=C(N)N)OC(C)C2(O)C=O)OC(CO)C(O)C1O,,581.2656696879999,False,[]
5298,COC1=C(N)C(=O)c2nc(-c3nc(C(=O)O)c(C)c(-c4ccc(OC)c(OC)c4O)c3N)ccc2C1=O,,506.14376366399995,False,[]
5299,CN(N=O)C(=O)NC(C=O)C(O)C(O)C(O)CO,,265.09099982000004,False,[]
5300,CN(N=O)C(=O)NC1C(O)OC(CO)C(O)C1O,,265.09099982000004,False,[]
5301,C=CC1C(OC2OC(CO)C(O)C(O)C2O)OC=C2C(=O)N3CCC4c5ccccc5NC4C3CC21,,500.215865984,False,[]
5302,CC1(C)C2(Cl)C(Cl)C(Cl)C(Cl)(C(Cl)Cl)C1(Cl)C2Cl,,409.82907176,False,[]
5303,CC12CCC3C(CCC4(O)CC(O)CCC34C=O)C1(O)CCC2C1=CC(=O)OC1,,404.21988874399995,False,[]
5304,O=C1CC2OCC=C3CN4CCC56c7ccccc7N1C5C2C3CC46,,334.168127944,False,[]
5305,CC(C)c1cc(C=C(C#N)C(=O)NCCCc2ccccc2)cc(C(C)C)c1O,,390.23072819999993,False,[]
5306,O=CN1CCN(c2ccc(C=C3C(=O)Nc4ccccc43)cc2)CC1,,333.147726848,False,[]
5307,Cc1c[nH]c(C=C2C(=O)Nc3ccccc32)c1CCC(=O)O,,296.11609237199997,False,[]
5308,Cc1cc(C)c(C=C2C(=O)Nc3ccc(Cl)cc32)[nH]1,,272.07164071600005,False,[]
5309,CN(C)S(=O)(=O)c1ccc2c(c1)C(=Cc1cc3c([nH]1)CCCC3)C(=O)N2,,371.13036253200005,False,[]
5310,C=C1C(=O)CC2C3CCC(C)C12CC3(C)C,,218.167065324,False,[]
5311,O=C(CCCCCCC(=O)Nc1ccccc1)NO,,264.1473925,False,[]
5312,CC(=O)CC(=O)CCC(=O)O,,158.0579088,False,[]
5314,C[N+](C)(C)CCOC(=O)CCC(=O)OCC[N+](C)(C)C,,290.21946028018,False,[]
5315,O=C(O)CCC(=O)Nc1ccc(S(=O)(=O)Nc2nccs2)cc1,,355.02966251600003,False,[]
5316,CC1(C)C(C(=O)O)N2C(=O)CC2S1(=O)=O,,233.035793452,False,[]
5317,CC1(C)SC2C(NC(=O)C(c3ccccc3)S(=O)(=O)O)C(=O)N2C1C(=O)O,,414.05554291599987,False,[]
5318,Clc1ccc(CSC(Cn2ccnc2)c2ccc(Cl)cc2Cl)cc1,,396.00215252000004,False,[]
5319,Nc1ccc(S(=O)(=O)NC(=O)c2ccccc2)cc1,,276.056863244,False,[]
5320,CC(=O)NS(=O)(=O)c1ccc(N)cc1,,214.04121318,False,[]
5321,Nc1ccc(S(=O)(=O)Nc2cnnc(Cl)c2)cc1,,284.01347420800005,False,[]
5322,CCn1ccc(NS(=O)(=O)c2ccc(N)cc2)nc1=O,,294.07866130799994,False,[]
5323,COc1cc(NS(=O)(=O)c2ccc(N)cc2)nc(OC)n1,,310.073575928,False,[]
5324,NC(N)=NS(=O)(=O)c1ccc(N)cc1,,214.05244656,False,[]
5325,Cc1ccnc(NS(=O)(=O)c2ccc(N)cc2)n1,,264.068096624,False,[]
5326,COc1cnc(NS(=O)(=O)c2ccc(N)cc2)nc1,,280.063011244,False,[]
5327,Cc1cc(C)nc(NS(=O)(=O)c2ccc(N)cc2)n1,,278.083746688,False,[]
5328,Cc1nnc(NS(=O)(=O)c2ccc(N)cc2)s1,,270.02451756,False,[]
5329,Cc1cc(NS(=O)(=O)c2ccc(N)cc2)no1,,253.052112212,False,[]
5330,COc1ccc(NS(=O)(=O)c2ccc(N)cc2)nn1,,280.063011244,False,[]
5331,CC1(C)OC2C3OS(=O)(=O)OC3COC2(COS(N)(=O)=O)O1,,361.01373768,False,[]
5332,COc1cc(NS(=O)(=O)c2ccc(N)cc2)ncn1,,280.063011244,False,[]
5333,Nc1ccc(S(N)(=O)=O)cc1,,172.030648496,False,[]
5334,CC(=O)Nc1ccc(S(=O)(=O)Nc2ccc([N+](=O)[O-])cc2)cc1,,335.057591516,False,[]
5335,Nc1ccc(S(=O)(=O)Nc2ccnn2-c2ccccc2)cc1,,314.08374668799996,False,[]
5336,Nc1ccc(S(=O)(=O)Nc2ccccn2)cc1,,249.057197592,False,[]
5337,Nc1ccc(S(=O)(=O)[N-]c2cnc3ccccc3n2)cc1,,299.06082017191005,False,[]
5338,Nc1ccc(S(=O)(=O)Nc2cnc3ccccc3n2)cc1,,300.068096624,False,[]
5339,O=C(O)c1cc(/N=N/c2ccc(S(=O)(=O)Nc3ccccn3)cc2)ccc1O,,398.068490548,False,[]
5340,Nc1ccc(S(=O)(=O)Nc2nccs2)cc1,,255.013618528,False,[]
5342,O=C1C(CCS(=O)c2ccccc2)C(=O)N(c2ccccc2)N1c1ccccc1,,404.1194635,False,[]
5343,Cc1cc(NS(=O)(=O)c2ccc(N)cc2)nc(C)n1,,278.083746688,False,[]
5344,Cc1noc(NS(=O)(=O)c2ccc(N)cc2)c1C,,267.067762276,False,[]
5345,O=C1OC(c2ccc(O)c(S(=O)(=O)O)c2)(c2ccc(O)c(S(=O)(=O)O)c2)c2c(Br)c(Br)c(Br)c(Br)c21,,789.64488692,False,[]
5350,CS(=O)CCCCN=C=S,,177.028205972,False,[]
5351,O=S(O)CNc1ccc(S(=O)(=O)c2ccc(NCS(=O)O)cc2)cc1,,404.017049232,False,[]
5352,CC1=C(CC(=O)O)c2cc(F)ccc2C1=Cc1ccc(S(C)=O)cc1,,356.088243624,False,[]
5353,COc1cc(S(C)=O)ccc1-c1nc2ncccc2[nH]1,,287.0728476560001,False,[]
5354,CCCCCCCCNC(C)C(O)c1ccc(SC(C)C)cc1,,337.24393574000004,False,[]
5355,CCN1CCCC1CNC(=O)c1cc(S(N)(=O)=O)ccc1OC,,341.140927216,False,[]
5356,NS(=O)(=O)c1ccc(N2CCCCS2(=O)=O)cc1,,290.039498928,False,[]
5357,CCN1CCCC1CNC(=O)c1cc(S(=O)(=O)CC)ccc1OC,,354.16132831199997,False,[]
5358,CNS(=O)(=O)Cc1ccc2[nH]cc(CCN(C)C)c2c1,,295.135447912,False,[]
5359,CC(C(=O)O)c1ccc(C(=O)c2cccs2)cc1,,260.050715244,False,[]
5362,CCCCC1(COC(=O)CCC(=O)O)C(=O)N(c2ccccc2)N(c2ccccc2)C1=O,,438.179086552,False,[]
5363,OC1CN2CCCC(O)C2C1O,,173.10519334,False,[]
5365,CC(CC(N)C(=O)O)C(=O)O,,161.068807832,False,[]
5366,CCN(CC)CCS(=O)(=O)C1CCN2C(=O)c3coc(n3)CC(=O)CC(O)C=C(C)C=CCNC(=O)C=CC(C)C(C(C)C)OC(=O)C12,,690.32985018,False,[]
5367,CCOC(=O)Oc1c(OC)cc(C(=O)OC2CC3CN4CCc5c([nH]c6cc(OC)ccc56)C4CC3C(C(=O)OC)C2OC)cc1OC,,666.2788601640001,False,[]
5368,COC(=O)c1c(-c2cc(OC)c(OC)c(OC)c2)c2ccnc(OCc3ncccn3)c2c(=O)n1Cc1ccnc(C)c1,,583.2066982680001,False,[]
5369,COC(=O)c1c(-c2cc(OC)c(OC)c(OC)c2)c2ccc(OCc3ccccn3)cc2c(=O)n1-c1ccc(N)cc1,,567.200550268,False,[]
5371,C=C1C(=CC=C2CCCC3(C)C2CCCC3C(C)CCC(O)C(C)C)CC(O)CC1O,,430.3446953319999,False,[]
5373,CC1(C)SC2C(NC(=O)C(N)c3ccccc3)C(=O)N2C1C(=O)OC1OC(=O)c2ccccc21,,481.1307564559999,False,[]
5374,C=CCN1CCc2nc(N)sc2CC1,,209.09866848,False,[]
5375,CN1C(=O)CC(C(=O)NC(Cc2cnc[nH]2)C(=O)N2CCCC2C(N)=O)NC1=O,,405.176066836,False,[]
5376,CCC(=C(c1ccccc1)c1ccc(OCCN(C)C)cc1)c1ccccc1,,371.224914548,False,[]
5377,CCC(=C(c1ccc(OCCN(C)C)cc1)c1cccc(O)c1)c1ccccc1,,387.219829168,False,[]
5378,O=C1C2C3CCC(C3)C2C(=O)N1CCCCN1CCN(c2ncccn2)CC1,,383.23212516800004,False,[]
5379,COc1c(N2CCNC(C)C2)c(F)cc2c(=O)c(C(=O)O)cn(C3CC3)c12,,375.15943440399997,False,[]
5380,CCCCOC(=O)C(=O)Nc1cccc(-c2nn[nH]n2)c1,,289.11748934,False,[]
5381,CCOC(=O)c1ccc(C#Cc2ccc3c(c2)C(C)(C)CCS3)nc1,,351.129299912,False,[]
5382,Clc1cnc(Oc2ccc(Oc3ncc(Cl)cc3Cl)cc2)c(Cl)c1,,399.933988216,False,[]
5383,CNC(=O)N(C)c1nnc(C(C)(C)C)s1,,228.104482132,False,[]
5384,[H]/[C-]=N\CC(C)(C)OC.[H]/[C-]=N\CC(C)(C)OC.[H]/[C-]=N\CC(C)(C)OC.[H]/[C-]=N\CC(C)(C)OC.[H]/[C-]=N\CC(C)(C)OC.[H]/[C-]=N\CC(C)(C)OC.[Tc+6],,781.4576990239999,False,[]
5386,O=c1[nH]c(=O)n(C2CCCO2)cc1F,,200.059720368,False,[]
5387,Cc1scc2c1N(C(=O)CN1CCN(C)CC1)c1ccccc1NC2=O,,370.14634694399996,False,[]
5388,C[N+]1(CCC(=O)Nc2ccc3c(c2)C(=O)c2ccc(NC(=O)CC[N+]4(C)CCCCC4CO)cc2C3=O)CCCCC1CO,,606.3406380321801,False,[]
5389,O=C(CCN1CCCCC1)Nc1ccc2c(c1)C(=O)c1ccc(NC(=O)CCN3CCCCC3)cc1C2=O,,516.273655632,False,[]
5390,O=C(CCN1CCCCC1)Nc1ccc2cc3ccc(NC(=O)CCN4CCCCC4)cc3nc2c1,,487.29472542400003,False,[]
5391,CN1C(=O)C(O)N=C(c2ccccc2)c2cc(Cl)ccc21,,300.066555336,False,[]
5392,COP(=S)(OC)Oc1ccc(Sc2ccc(OP(=S)(OC)OC)cc2)cc1,,465.98972461999995,False,[]
5393,CCOC(=O)C(CCc1ccccc1)NC1CSC(c2cccs2)CN(CC(=O)O)C1=O,,476.1439639959999,False,[]
5394,Cn1nnc2c(C(N)=O)ncn2c1=O,,194.055223432,False,[]
5395,CC1(C)CC(O)CC(C)(C)N1O,,173.141578848,False,[]
5396,COc1cc(C2c3cc4c(cc3C(OC3OC5COC(c6cccs6)OC5C(O)C3O)C3COC(=O)C23)OCO4)cc(OC)c1O,,656.156362084,False,[]
5398,CC(C)CC1NC(=O)C(C)N(C)C(=O)CNC(=O)C(=Cc2ccccc2)N(C)C1=O,,414.22670544,False,[]
5399,CC(=O)CCC=C(C)CCC=C(C)CCC=C(C)CCC=C(C)C,,330.292265836,False,[]
5400,CN(C)CC1Cc2ccccc2C1=O,,189.1153641,False,[]
5401,COc1cc2nc(N3CCN(C(=O)C4CCCO4)CC3)nc(N)c2cc1OC,,387.19065428000005,False,[]
5402,CN(CC=CC#CC(C)(C)C)Cc1cccc2ccccc12,,291.1986998,False,[]
5403,CC(C)(C)NCC(O)c1cc(O)cc(O)c1,,225.136493468,False,[]
5404,CC(C)N1CCN(c2ccc(OCC3COC(Cn4cncn4)(c4ccc(Cl)cc4Cl)O3)cc2)CC1,,531.180395212,False,[]
5405,CC(C)(C)c1ccc(C(O)CCCN2CCC(C(O)(c3ccccc3)c3ccccc3)CC2)cc1,,471.31372955200004,False,[]
5406,CCN(CC)C(=O)NC1CC2c3cccc4[nH]cc(c34)CC2N(C)C1,,340.226311516,False,[]
5407,CC12CCC3C(CCC4=CC(=O)C=CC43C)C1CCC(=O)O2,,300.17254462799997,False,[]
5408,CC12CCC(=O)C=C1CCC1C2CCC2(C)C(O)CCC12,,288.208930136,False,[]
5409,CCCCCCC(=O)OC1CCC2C3CCC4=CC(=O)CCC4(C)C3CCC12C,,400.29774513999996,False,[]
5410,CCC(=O)OC1CCC2C3CCC4=CC(=O)CCC4(C)C3CCC12C,,344.23514488399996,False,[]
5411,CCCCNc1ccc(C(=O)OCCN(C)C)cc1,,264.183778008,False,[]
5414,CCCCCCCCOCCOCCOCCOCCO,,306.24062418799997,False,[]
5415,CSCCC(NC(=O)C(Cc1c[nH]c2ccccc12)NC(=O)OCc1ccccc1)C(=O)NC(CC(=O)O)C(=O)NC(Cc1ccccc1)C(N)=O,,730.278483304,False,[]
5417,COc1cc2c(cc1OC)C1Cc3ccc(OC)c(OC)c3CN1CC2,,355.17835828000005,False,[]
5418,COc1ccc(CC2NCCc3cc(OC)c(OC)cc32)cc1OC,,343.17835828,False,[]
5419,c1ccc2c(c1)CCCC2C1=NCCN1,,200.131348512,False,[]
5420,CC(C)NP(=O)(NC(C)C)OP(=O)(NC(C)C)NC(C)C,,342.194964144,False,[]
5421,CN(C)c1ccc2c(-c3ccc(N)cc3C(=O)O)c3ccc(=[N+](C)C)cc-3oc2c1,,402.18121804809,False,[]
5422,COc1ccc2cc1Oc1ccc(cc1)CC1c3cc(c(OC)cc3CCN1C)Oc1c(OC)c(OC)cc3c1C(C2)N(C)CC3,,622.3042870639999,False,[]
5423,CCCCCC=CCC(O)C=CC=CCCC(=O)O,,266.188194692,False,[]
5424,O=C1C(O)=C(O)C(=O)C(O)=C1O,,172.00078784800002,False,[]
5426,O=C1CCC(N2C(=O)c3ccccc3C2=O)C(=O)N1,,258.0640568,False,[]
5427,CC=C(C)C(=O)OC1C(C)=C2C(C1OC(=O)CCCCC)C(C)(OC(C)=O)CC(OC(=O)CCC)C1(O)C2OC(=O)C1(C)O,,622.298926912,False,[]
5428,CC=C(C)C(=O)OC1C(C)=C2C(C1OC(=O)CCCCCCC)C(C)(OC(C)=O)CC(OC(=O)CCC)C1(O)C2OC(=O)C1(C)O,,650.3302270400001,False,[]
5429,Cn1cnc2c1c(=O)[nH]c(=O)n2C,,180.064725496,False,[]
5430,c1ccc2[nH]c(-c3cscn3)nc2c1,,201.036068224,False,[]
5431,Cc1ncc(C[n+]2csc(CCOP(=O)(O)OP(=O)([O-])O)c2C)c(N)n1,,424.037143176,False,[]
5432,CC(=C(CCO)SSC(CCO)=C(C)N(C=O)Cc1cnc(C)nc1N)N(C=O)Cc1cnc(C)nc1N,,562.2144435680002,False,[]
5433,CS(=O)(=O)c1ccc(C(O)C(CO)NC(=O)C(Cl)Cl)cc1,,355.00479894,False,[]
5434,CS(=O)(=O)c1ccc(C(O)C(COC(=O)CN)NC(=O)C(Cl)Cl)cc1,,412.026262656,False,[]
5438,NC(=[NH2+])c1cc2cccnc2s1,,178.04334467609,False,[]
5439,[H]/N=C(\N)c1cc2cccnc2s1,,177.036068224,False,[]
5440,CCSc1ccc2c(c1)N(CCCN1CCN(C)CC1)c1ccccc1S2,,399.180289928,False,[]
5441,C[CH2][Hg+].O=C([O-])c1ccccc1[S-],,383.00351710791,False,[]
5442,C[CH2][Hg+],,231.00921958009,False,[]
5443,O=C(O)c1ccccc1S,,154.008850432,False,[]
5446,CC12CCC(CC1=S)C2(C)C,,168.097271512,False,[]
5451,NC(=O)CSP(=O)(O)OP(=O)(O)OP(=O)(O)OCC1OC(n2cnc3c(N)ncnc32)C(O)C1O,,579.994365558,False,[]
5452,CSc1ccc2c(c1)N(CCC1CCCCN1C)c1ccccc1S2,,370.153740832,False,[]
5453,S=P(N1CC1)(N1CC1)N1CC1,,189.04895501399997,False,[]
5454,CN1CCN(CCC=C2c3ccccc3Sc3ccc(S(=O)(=O)N(C)C)cc32)CC1,,443.170119168,False,[]
5455,CN(C)C(=S)SSC(=S)N(C)C,,239.988332384,False,[]
5456,CCCCCCCCCCCCCCCC[N+](C)(C)CCN(Cc1ccc(OC)cc1)c1ncccn1,,511.43703880009,False,[]
5457,COc1ccc(CN(CCN(C)C)c2ncccn2)cc1,,286.179361324,False,[]
5458,CNCC(O)c1ccc(O)c(C2(O)c3ccccc3-[n+]3ccc4c([nH]c5ccccc54)c32)c1,,438.18121804809,False,[]
5459,C=C1CCCC2C1(C)CCC(C)C2(C)CCC(C)=CCC1OC(=O)C=C1CO,,386.2820950759999,False,[]
5460,C=C1CCCC2C1(C)CCC(C)C2(CCC(C)=CCC1OC(=O)CC1CO)COC(C)=O,,446.3032244439999,False,[]
5461,CCCCCC(O)C=CC1OC(O)CC(O)C1CC=CCCCC(=O)O,,370.23553880799994,False,[]
5462,C=C(C)C12OC3(c4ccccc4)OC1C1C4OC4(CO)C(O)C4(O)C(=O)C(C)=CC4C1(O3)C(C)C2OC(=O)C=Cc1ccccc1,,628.2308473519998,False,[]
5463,Cc1cn(C2CC(OP(=O)(O)O)C(CO)O2)c(=O)[nH]c1=O,,322.05660207000005,False,[]
5464,Cc1cn(C2CC3OP(=O)(O)OCC3O2)c(=O)[nH]c1=O,,304.046037386,False,[]
5465,CC(=O)Oc1cc(C(C)C)c(O)cc1C,,208.109944372,False,[]
5466,Cc1ccsc1C(=CCCN1CCCC(C(=O)O)C1)c1sccc1C,,375.13267104,False,[]
5467,CCN(CC)CCNC(=O)c1cc(S(C)(=O)=O)ccc1OC,,328.14567824799997,False,[]
5468,CC(C(=O)O)c1ccc(C(=O)c2ccccc2)s1,,260.050715244,False,[]
5469,O=C(Cn1c(=O)sc2ccc(Cl)cc21)N1CCN(CCO)CC1,,355.07574011599996,False,[]
5470,C#CC1(O)CCC2C3C(C)CC4=C(CCC(=O)C4)C3CCC21C,,312.208930136,False,[]
5471,CC1(C)SC2C(NC(=O)C(C(=O)O)c3ccsc3)C(=O)N2C1C(=O)O,,384.04497823199995,False,[]
5472,Clc1ccccc1CN1CCc2sccc2C1,,263.053548128,False,[]
5473,C[N+]1(CCC(O)(c2ccccc2)c2cccs2)CCOCC1,,318.15222642809,False,[]
5474,Cn1cc(OCC(O)CNC(C)(C)C)c2ccccc2c1=O,,304.17869262799996,False,[]
5475,CCN(CC)CCOc1ccc2c(c1)C(=O)c1cc(OCCN(CC)CC)ccc1-2,,410.256942948,False,[]
5476,COC1CC(=C(c2cccs2)c2cccs2)C[N+](C)(C)C1,,320.11373274409,False,[]
5478,CC(C)(C)NCC(O)COc1nsnc1N1CCOCC1,,316.156911628,False,[]
5479,CCS(=O)(=O)CCn1c([N+](=O)[O-])cnc1C,,247.062676896,False,[]
5480,CCOC(=O)c1c(N)sc2c1CCN(Cc1ccccc1)C2,,316.12454888,False,[]
5481,C=C(C)C12CC(C)C34OC(Cc5ccccc5)(OC1C3C=C(COC(=O)Cc1ccc(O)cc1)CC1(O)C(=O)C(C)=CC14)O2,,598.256668176,False,[]
5482,Clc1ccc(C(Cn2ccnc2)OCc2ccsc2Cl)c(Cl)c1,,385.981417076,False,[]
5483,CC(S)C(=O)NCC(=O)O,,163.030314148,False,[]
5484,CN1CCCC(=C(c2cccs2)c2cccs2)C1,,275.08024154400005,False,[]
5485,C[N+]12CCCCC1CCC(=C(c1cccs1)c1cccs1)C2,,330.13446818808995,False,[]
5486,CCCCS(=O)(=O)NC(Cc1ccc(OCCCCC2CCNCC2)cc1)C(=O)O,,440.23449325199994,False,[]
5487,Clc1ccc2nsnc2c1NC1=NCCN1,,253.01889393599998,False,[]
5488,O=C(NN=Cc1c[nH]c2ccccc12)c1ccncc1,,264.101111004,False,[]
5489,CC(NC(=O)OCc1ccccc1)C(=O)NC(C(=O)NC(CO)Cc1ccccc1)C(C)C,,455.242021156,False,[]
5490,CCN(CC)CCCCCCCOC(=O)c1cc(OC)c(OC)c(OC)c1,,381.25152321999997,False,[]
5491,COc1cc(C=Cc2ccc(OC)cc2OC)cc(OC)c1,,300.13615912,False,[]
5492,C[N+](C)(C)c1cccc(C(=O)C(F)(F)F)c1,,232.09437511609,False,[]
5494,CCN(CC)CCCCCCCCOC(=O)c1cc(OC)c(OC)c(OC)c1,,395.26717328399997,False,[]
5495,CCOCn1c(Sc2ccccc2)c(C(C)C)c(=O)[nH]c1=O,,320.1194635,False,[]
5496,NCC1OC(OC2C(N)CC(N)C(OC3OC(CO)C(O)C(N)C3O)C2O)C(N)CC1O,,467.25912776399997,False,[]
5497,CCN(CC)C(=O)c1cccnc1,,178.110613068,False,[]
5498,Cc1ccc(C(C)OC(=O)C2CCC(C)(C(=O)O)C2(C)C)cc1,,318.183109312,False,[]
5499,Cc1c(C)c2c(c(C)c1OCCC(=O)O)CCC(C)(CCCC(C)CCCC(C)CCCC(C)C)O2,,502.40221020799993,False,[]
5500,Cc1c(C)c2c(c(C)c1OC(=O)c1cccnc1)CCC(C)(CCCC(C)CCCC(C)CCCC(C)C)O2,,535.402544556,False,[]
5501,CCOC(=O)NNc1nncc2ccccc12,,232.096025624,False,[]
5502,CCC1C(C)=NN=C(c2ccc(OC)c(OC)c2)c2cc(OC)c(OC)cc21,,382.18925731199994,False,[]
5503,Cc1ccc(S(=O)(=O)NC(=O)NN2CCCCCC2)cc1,,311.13036253200005,False,[]
5504,c1ccc(CC2=NCCN2)cc1,,160.100048384,False,[]
5505,CCCCNC(=O)NS(=O)(=O)c1ccc(C)cc1,,270.103813436,False,[]
5506,Cc1cccc(N(C)C(=S)Oc2ccc3c(c2)C2CCC3C2)c1,,323.13438529200005,False,[]
5507,Cc1cc(Nc2ccccc2C(=O)O)ccc1Cl,,261.055656304,False,[]
5508,Cc1ccc(C(=O)c2ccc(CC(=O)[O-])n2C)cc1,,256.09791688791,False,[]
5509,Cc1ccc(C(=O)c2ccc(CC(=O)O)n2C)cc1,,257.10519334,False,[]
5510,Cc1cccc(N(C)C(=S)Oc2ccc3ccccc3c2)c1,,307.10308516400005,False,[]
5511,Cc1ccc(C(=O)C(C)CN2CCCCC2)cc1,,245.177964356,False,[]
5512,Cc1ccc(O)c(C(CCN(C(C)C)C(C)C)c2ccccc2)c1,,325.240564612,False,[]
5514,CC1(C)OC2COC3(COS(N)(=O)=O)OC(C)(C)OC3C2O1,,339.098787632,False,[]
5515,CCC1(O)C(=O)OCc2c1cc1n(c2=O)Cc2cc3c(CN(C)C)c(O)ccc3nc2-1,,421.163770836,False,[]
5516,CN(C)CCOc1ccc(C(=C(CCCl)c2ccccc2)c2ccccc2)cc1,,405.185942196,False,[]
5517,NC1CCN(c2nc3c(cc2F)c(=O)c(C(=O)O)cn3-c2ccc(F)cc2F)C1,,404.10962500000005,False,[]
5518,CC1(C)C(C(Cl)Cl)C2(Cl)C(Cl)C(Cl)C1(Cl)C2(Cl)Cl,,409.82907176,False,[]
5519,c1ccc(CN(CCN(Cc2ccccn2)Cc2ccccn2)Cc2ccccn2)nc1,,424.2375448960001,False,[]
5520,CP(=O)([O-])C1=CC[NH2+]CC1,,161.06056525399998,False,[]
5521,CP(=O)(O)C1=CCNCC1,,161.06056525399998,False,[]
5522,CCCCNc1c(C(=O)OCC)c(C)nc2c1cnn2CC,,304.189926008,False,[]
5523,COc1cccc(C2(O)CCCCC2CN(C)C)c1,,263.18852904,False,[]
5524,c1cc2c(c(NC3=NCCN3)c1)CCCC2,,215.14224754399999,False,[]
5525,CCOC(=O)C(CCc1ccccc1)NC(C)C(=O)N1C(C(=O)O)CC2CCCCC21,,430.24677218799997,False,[]
5526,NCC1CCC(C(=O)O)CC1,,157.11027872,False,[]
5527,COc1ccc(C=CC(=O)Nc2ccccc2C(=O)O)cc1OC,,327.110672644,False,[]
5528,CC12CCC(CC1=O)C2(C)C=O,,166.099379688,False,[]
5529,CC(=CCNc1ncnc2c1ncn2C1OC(CO)C(O)C1O)CO,,351.15426877199997,False,[]
5531,CCN(CC)c1cc(C)nc2ncnn12,,205.13274547999998,False,[]
5532,O=C1NC(Cc2ccccc2)C(=O)N2CCCC2C(=O)NC(CCCCCC(=O)C2CO2)C(=O)NC1Cc1ccccc1,,588.2947849999999,False,[]
5533,O=c1n(CCCN2CCN(c3cccc(Cl)c3)CC2)nc2ccccn12,,371.15128800400004,False,[]
5534,C(#CCN1CCCC1)CN1CCCC1,,192.16264864,False,[]
5536,CCOc1cc(OCC)c(C(=O)CCC(=O)O)cc1OCC,,310.141638424,False,[]
5537,COc1cc2c(cc1OC)-c1c/c(=N\c3c(C)cc(C)cc3C)n(C)c(=O)n1CC2,,405.2052417240001,False,[]
5538,CC(C=CC1=C(C)CCCC1(C)C)=CC=CC(C)=CC(=O)O,,300.208930136,False,[]
5539,CC(C=CC1=C(C)CCCC1(C)C)=CC=CC(C)=CC(=O)Oc1c(C)c(C)c2c(c1C)CCC(C)(CCCC(C)CCCC(C)CCCC(C)C)O2,,712.5794462920001,False,[]
5540,[H]/N=C(\N)SCCCC(NC(=O)C1CCCN1C(=O)C(Cc1ccccc1)NC(=O)CC)B(O)O,,491.237370588,False,[]
5541,CC(=O)OCC(COC(C)=O)OC(C)=O,,218.079038168,False,[]
5542,CCCC=CCC=CC=CC=NNN=O,,207.137162164,False,[]
5543,CC(C)N(C(=O)SCC(Cl)=C(Cl)Cl)C(C)C,,303.00181817199996,False,[]
5544,CC12C=CC(=O)C=C1CCC1C3CC(O)C(O)(C(=O)CO)C3(C)CC(O)C12F,,394.179166804,False,[]
5545,CC(CNC(=O)c1ccccc1)C(=O)OCC(=O)C12OC(C)(C)OC1CC1C3CCC4=CC(=O)C=CC4(C)C3(F)C(O)CC12C,,623.289445524,False,[]
5546,Nc1nc(N)c2nc(-c3ccccc3)c(N)nc2n1,,253.10759335199998,False,[]
5547,C#CC(O)C=CCCCCCCCCCCC=CCCCCCCCC(O)C#CC#CC#CCO,,478.34469533199996,False,[]
5548,C#CC(O)C=CCCCCCCCCCCC=CCCCCCCCCC(O)C#CC#CC#CCO,,492.36034539599996,False,[]
5549,C#CC(O)C=CCCCCCCCCC=CCCCCCCCCC(O)C#CC#CC#CCO,,464.32904526799996,False,[]
5550,C#CC(O)C=CCCCCCCCCCCCCC=CCCCCCCCCCCCCCCC(O)C#CC#CC#CCO,,604.4855459080001,False,[]
5551,C#CC(O)C=CCCCCCCCCCC=CC#CCCCCCCC(O)C#CC#CC#CCO,,474.31339520399996,False,[]
5552,C#CC(O)C=CCCCCCCCCCC=CC#CCCCCCCCCC(O)C#CC#CC#CCO,,502.34469533199996,False,[]
5553,C#CC(O)C=CCCCCCCCCCC=CC#CCCCCCCCCCC#CC#CC#CCO,,486.349780712,False,[]
5554,C#CC=CC(O)CCCCCCCCCC=CCCCCCCCCCCCC(O)C#CC#CC#CCO,,520.391645524,False,[]
5555,C#CC(O)C=CCCCCCCCCCCCCC=CCCCCCCCCCC=CC#CC(=O)O,,496.39164552399996,False,[]
5556,Cc1nnc2n1-c1ccc(Cl)cc1C(c1ccccc1Cl)=NC2,,342.043901744,False,[]
5557,CCOC1OC(C(COCc2ccccc2)OCc2ccccc2)C(OCc2ccccc2)C1O,,478.23553880799994,False,[]
5558,BrC(Br)Br,,249.762836332,False,[]
5559,CCC(C)C(=O)OC1(C)OCC23C(O)C(OC(C)=O)C(OC(C)=O)C1(C)C2CCC1(C)C3C(=O)C(O)C2(C)C(c3ccoc3)CC3OC312,,672.3145769759999,False,[]
5560,NS(=O)(=O)c1cc2c(cc1Cl)NC(C(Cl)Cl)NS2(=O)=O,,378.902180776,False,[]
5561,ClCCN(CCCl)CCCl,,203.00353242399999,False,[]
5562,CC(C=CC(=O)NO)=CC(C)C(=O)c1ccc(N(C)C)cc1,,302.163042564,False,[]
5563,O=P(O)(O)OCC(Cl)(Cl)Cl,,227.89127827800002,False,[]
5564,Oc1cc(Cl)ccc1Oc1ccc(Cl)cc1Cl,,287.951162504,False,[]
5566,CN1CCN(CCCN2c3ccccc3Sc3ccc(C(F)(F)F)cc32)CC1,,407.164303428,False,[]
5567,O=C(CCCN1CCC(O)(c2cccc(C(F)(F)F)c2)CC1)c1ccc(F)cc1,,409.16649185600005,False,[]
5568,CN(C)CCCN1c2ccccc2Sc2ccc(C(F)(F)F)cc21,,352.122104268,False,[]
5569,CCCN(CCC)c1c([N+](=O)[O-])cc(C(F)(F)F)cc1[N+](=O)[O-],,335.10929065199997,False,[]
5572,OC(CCN1CCCCC1)(c1ccccc1)C1CCCCC1,,301.240564612,False,[]
5573,CCC(COC(=O)c1cc(OC)c(OC)c(OC)c1)(c1ccccc1)N(C)C,,387.2045730280001,False,[]
5574,CC(CN(C)C)CN1c2ccccc2Sc2ccccc21,,298.15036970399996,False,[]
5577,COc1cc(C(=O)NCc2ccc(OCCN(C)C)cc2)cc(OC)c1OC,,388.19982199599997,False,[]
5578,COc1cc(Cc2cnc(N)nc2N)cc(OC)c1OC,,290.13789043599996,False,[]
5579,C[N+](C)(C)c1cccc(N)c1,,151.12297490009,False,[]
5580,C[N+](C)(C)c1ccc(N)cc1,,151.12297490009,False,[]
5581,COc1cc(CC2NCCc3cc(O)c(O)cc32)cc(OC)c1OC,,345.157622836,False,[]
5582,COc1cc(NCc2ccc3nc(N)[nH+]c(N)c3c2C)cc(OC)c1OC,,370.1873660480899,False,[]
5583,COc1cc(NCc2ccc3nc(N)nc(N)c3c2C)cc(OC)c1OC,,369.18008959599996,False,[]
5584,CC(CN(C)C)CN1c2ccccc2CCc2ccccc21,,294.209598832,False,[]
5585,Cc1cc2cc3c(C)cc(=O)oc3c(C)c2o1,,228.078644244,False,[]
5586,NS(=O)(=O)c1cc(C(=O)NN2CC3C4CCC(C4)C3C2)ccc1Cl,,369.09139018,False,[]
5587,CN(C)CCN(Cc1ccccc1)c1ccccn1,,255.17354767199998,False,[]
5588,Cc1ccc(C(=CCN2CCCC2)c2ccccn2)cc1,,278.178298704,False,[]
5589,CC(C)C12OC1C1OC13C1(C)CCC4=C(COC4=O)C1CC1OC13C2O,,360.15728848799995,False,[]
5590,CC(C)(C)CC(C)(C)c1ccc(OCCO)cc1,,250.193280072,False,[]
5591,Cc1c(C)c2c(c(C)c1O)CCC(C)(COc1ccc(CC3SC(=O)NC3=O)cc1)O2,,441.16099396399994,False,[]
5592,Cc1c(C)c2c(c(C)c1O)CCC(C)(CC(=O)O)O2,,264.13615912,False,[]
5593,CCN(Cc1ccncc1)C(=O)C(CO)c1ccccc1,,284.15247788,False,[]
5594,CC1C2CCC1CC(OC(=O)c1cc(Cl)cc(Cl)c1)C2,,312.068385176,False,[]
5595,CN1C2CCC1CC(OC(=O)c1c[nH]c3ccccc13)C2,,284.15247788,False,[]
5596,O=C(OC1CC2CCC(C1)[N+]21CCCC1)C(O)(c1ccccc1)c1ccccc1,,392.22202024009,False,[]
5597,COc1cc(C(=O)NC2CCCNC2)cc(OC)c1OC,,294.157957184,False,[]
5598,CC(C)=CCc1[nH]c2ccccc2c1CC1NC(=O)C2CCCN2C1=O,,351.19467704,False,[]
5599,[H]/N=C(/Cc1c[nH]c2ccccc12)C(=O)O,,202.07422756,False,[]
5601,O=C(CC(=O)C(F)(F)F)c1cccs1,,221.99623506,False,[]
5602,CC(=Cc1ccc(C(=O)O)cc1)c1ccc2c(c1)C(C)(C)CCC2(C)C,,348.208930136,False,[]
5604,Nc1ncnc2c1ccn2C1OC(CO)C(O)C1O,,266.101504928,False,[]
5605,CCOC(=O)Nc1ccc(SCC2COC(Cn3ccnc3)(c3ccc(Cl)cc3Cl)O2)cc1,,507.078632576,False,[]
5606,CC(C)(C)NCC(O)c1ccccc1Cl,,227.107691876,False,[]
5611,CCCC(=O)Nc1c(I)cc(I)c(CC(CC)C(=O)O)c1I,,640.8420874359999,False,[]
5612,N#CC(=Cc1cc(O)c(O)c(O)c1)C(N)=C(C#N)C#N,,268.059640116,False,[]
5613,N#CC(C#N)Cc1ccc(O)cc1,,172.063662876,False,[]
5614,CC(C)(C)c1cc(C=C(C#N)C#N)cc(C(C)(C)C)c1O,,282.17321332399996,False,[]
5615,CC(C)Oc1cccnc1N(C)C1CCN(Cc2ccccc2)CC1,,339.231062548,False,[]
5616,C1CCC(/N=C(/[NH2+]C2C3CC4CC(C3)CC2C4)N2CCOCC2)CC1,,346.28528919209,False,[]
5617,C1CCC(N/C(=N\C2C3CC4CC(C3)CC2C4)N2CCOCC2)CC1,,345.27801274,False,[]
5618,CCCCCC(O)C=CC1C2CC(CO2)C1CC=CCCCC(=O)O,,350.24570956799994,False,[]
5619,CN(C(=O)Cc1ccc(Cl)c(Cl)c1)C1CCCCC1N1CCCC1,,368.142218812,False,[]
5620,CN(C(=O)Cc1ccc(Cl)c(Cl)c1)C1CCC2(CCCO2)CC1N1CCCC1,,424.16843356,False,[]
5621,COc1ccc2c(c1)CCC1C2CCC2(C)C(NCCCCCCN3C(=O)CCC3=O)CCC12,,466.31954320399996,False,[]
5622,CC12C=CC(=O)C=C1CCC1C2=CCC2(C)C(C(=O)CN3CCN(c4cc(N5CCCC5)nc(N5CCCC5)n4)CC3)CCC12,,610.3995248400001,False,[]
5623,CCCCCC=CCC(O)C=Cc1cccc(CC(O)CCCCC)n1,,359.28242942400004,False,[]
5624,Cc1c(C)c2c(c(C)c1O)CCC(C)(CN1CCN(c3cc(N4CCCC4)nc(N4CCCC4)n3)CC1)O2,,520.3525746480001,False,[]
5625,CC(C)Nc1cccnc1N1CCN(C(=O)c2cc3cc(NS(C)(=O)=O)ccc3[nH]2)CC1,,456.194359756,False,[]
5626,CCCN(CCC)C1Cc2cc(OC)c(OC)cc2C1,,277.204179104,False,[]
5627,CSC(N)=C(C#N)C(C#N)=C(N)SC,,226.03468832,False,[]
5628,N#CC(=C(N)Sc1ccccc1)C(C#N)=C(N)Sc1ccccc1,,350.065988448,False,[]
5631,COc1ccc2c(c1)CCC1C2CCC2(C)C(NCCCCCCN3C(=O)C=CC3=O)CCC12,,464.30389313999996,False,[]
5632,CCCCOC(=O)c1ccccc1Nc1cccc(C(F)(F)F)c1,,337.128963476,False,[]
5633,CC(C)CC1NC(=O)C2N=C(OC2C)C2CSSCC(NC(=O)c3csc1n3)C1=NC(C(=O)NC(CC(C)C)c3nc(cs3)C(=O)N2)C(C)O1,,762.2110150640001,False,[]
5634,C=CCCCCCCCCC(=O)O,,184.14632988,False,[]
5635,COC1C=C2CCN(C)C2C2c3cc4c(cc3C(=O)OC12)OCO4,,329.126322708,False,[]
5636,CCCCCCCC(=O)CCC1C(O)CC(O)C1CC=CCCCC(=O)O,,382.2719243159999,False,[]
5637,N#CC(=C(N)Sc1ccccc1N)C(C#N)=C(N)Sc1ccccc1N,,380.08778651200004,False,[]
5638,O=C1NCC(C(F)(F)F)C(=O)N1,,182.03031206,False,[]
5639,COc1ccccc1N1CCN(CCCNc2cc(=O)n(C)c(=O)n2C)CC1,,387.227039788,False,[]
5640,COc1ccccc1N1CCN(CCCNc2c(C)c(=O)n(C)c(=O)n2C)CC1,,401.242689852,False,[]
5642,O=c1ccn(C2OC(CO)C(O)C2OP(=O)(O)O)c(=O)[nH]1,,324.03586662600003,False,[]
5643,O=c1ccn(C2OC(CO)C(OP(=O)(O)O)C2O)c(=O)[nH]1,,324.03586662600003,False,[]
5644,O=c1ccn(C2OC(COP(=O)([O-])OP(=O)([O-])OP(=O)([O-])O)C(O)C2O)c(=O)[nH]1,,480.9466983137298,False,[]
5645,CC(CCC(=O)O)C1CCC2C3C(O)CC4CC(O)CCC4(C)C3CCC12C,,392.29265976,False,[]
5646,CC(=O)c1c(O)c(C)c(O)c2c1OC1=CC(=O)C(C(C)=O)C(=O)C12C,,344.089602852,False,[]
5648,CCC(C)C(C(=O)OCC[N+](C)(CC)CC)c1ccccc1,,306.24275568408996,False,[]
5650,CCCCC(=O)N(Cc1ccc(-c2ccccc2-c2nn[nH]n2)cc1)C(C(=O)O)C(C)C,,435.227039788,False,[]
5652,CCCCC(O)C=C(C)C=CC=CC(=O)N1CCCC1=O,,291.18344366,False,[]
5653,C#CC(O)C=CCCCCCCCCCCCCCCCC=CCCCCCCCCCCCCCCCCC=CC(O)C#C,,622.5688816080001,False,[]
5654,CCOC(=O)c1c(C)[nH]c(C=C2C(=O)Nc3ccccc32)c1C,,310.131742436,False,[]
5655,O=C1Nc2ccc(Br)cc2C1=Cc1cc2c([nH]1)CCCC2,,342.0367752000001,False,[]
5656,COc1ccc(C(CN(C)C)C2(O)CCCCC2)cc1,,277.204179104,False,[]
5657,COc1ccc(C(=O)OC2CCC3(C)C4CCC5C6(O)CC(O)C7(O)C(CN8CC(C)CCC8C7(C)O)C6(O)CC53OC24O)cc1OC,,673.346211452,False,[]
5658,CC=C(C)C(=O)OC1CCC2(C)C3CCC4C5(O)CC(O)C6(O)C(CN7CC(C)CCC7C6(C)O)C5(O)CC42OC13O,,591.340732148,False,[]
5659,CCCCCC1OC1CC=CCCCCCCCC(=O)OC,,310.25079494799996,False,[]
5660,CC1=CC2OC3CC(O)C(C)(C2(CO)CC1)C31CO1,,266.151809184,False,[]
5661,COc1ccc2c(c1)N1C(C=C(C)C)OOC(C)(C)CC3C1C2C(O)C1(O)C(=O)N2CCCC2C(=O)N31,,513.24750046,False,[]
5662,OC1CCCCC1N1CCC(c2ccccc2)CC1,,259.19361442,False,[]
5663,COc1ccc(C(=O)N2CCN(c3ccc4c(c3)CCC(=O)N4)CC2)cc1OC,,395.18450628,False,[]
5664,CNC1C(O)CC(OC2CC=C(C)CC(C)=CC=CCCC(C)CNC(=O)C=CC=CC2C)OC1C,,500.361408016,False,[]
5666,CCOc1ccccc1OCC1CNCCO1,,237.136493468,False,[]
5668,CCC12CCCN3CCc4c(n(c5ccccc45)C(O)(C(=O)OC)C1)C32,,354.1943426919999,False,[]
5670,CCC1(O)CC2CN(CCc3c([nH]c4ccccc34)C(CC(=O)OC)(c3cc4c(cc3OC)N(C)C3C(O)(C(N)=O)C(O)C5(CC)C=CCN6CCC43C65)C2)C1,,767.425799164,False,[]
5672,CCC1=CC2CN(C1)Cc1c([nH]c3ccccc13)C(C(=O)OC)(c1cc3c(cc1OC)N(C)C1C(O)(C(=O)OC)C(OC(C)=O)C4(CC)C=CCN5CCC31C54)C2,,778.3941646879999,False,[]
5673,CCOC(=O)C1=CC2(CC)CCCN3CCc4c(n1c1ccccc41)C32,,350.199428072,False,[]
5674,CC1=CC(O)CC(=O)Cc2nc(co2)C(=O)N2CCC=C2C(=O)OC(C(C)C)C(C)C=CC(=O)NCC=C1,,525.24750046,False,[]
5675,COc1c(CC=C(C)C)c(O)c(C(=O)c2ccc(O)cc2)c(O)c1CC=C(C)C,,396.193673996,False,[]
5676,Cc1c(C)c2c(c(C)c1OC(=O)CCC(=O)O)CCC(C)(CCCC(C)(C)CCCC(C)(C)CCCC(C)C)O2,,558.428424956,False,[]
5677,OCC(CO)NC1CC(O)(CO)C(O)C(O)C1O,,267.13180201200004,False,[]
5678,COC(=O)C(=C1OC(=O)C(c2ccccc2)C1=O)c1ccccc1,,322.08412354800004,False,[]
5679,NCCCCNS(=O)(=O)c1cccc2ccccc12,,278.108898816,False,[]
5680,NCCCCNS(=O)(=O)c1cccc2c(Cl)cccc12,,312.069926464,False,[]
5681,NCCCCCCNS(=O)(=O)c1cccc2c(Cl)cccc12,,340.101226592,False,[]
5684,COc1ccccc1N1CCN(CCN(C(=O)C2CCCCC2)c2ccccn2)CC1,,422.268176328,False,[]
5685,COc1cccc(OC)c1OCCNCC1COc2ccccc2O1,,345.157622836,False,[]
5686,CC(C)C1NC(=O)C(Cc2ccccc2)NC(=O)C(CCCCCC(=O)C2CO2)NC(=O)C2CCCN2C1=O,,540.2947849999999,False,[]
5687,COc1cc2ncnc(Nc3cccc(O)c3)c2cc1OC,,297.11134134,False,[]
5688,C#CC1(O)CCC2C3CCC4Cc5nc6nc7ccccc7n6cc5CC4(C)C3CCC21C,,439.262362676,False,[]
5689,Cc1c(C(=O)c2cccc3ccccc23)c2cccc3c2n1C(CN1CCOCC1)CO3,,426.19434269199996,False,[]
5690,Cc1c(C(=O)c2ccc3ccccc3c2)c2cccc3c2n1C(CN1CCOCC1)CO3,,426.19434269199996,False,[]
5691,COCC1OC(=O)c2coc3c2C1(C)C1=C(C3=O)C2CCC(=O)C2(C)CC1OC(C)=O,,428.14711772799996,False,[]
5694,Cc1cccc(Nc2cc(Cl)nc(SCC(=O)O)n2)c1C,,323.049525368,False,[]
5695,O=C(Nc1ccc(S(=O)(=O)[O-])c2cc(S(=O)(=O)[O-])cc(S(=O)(=O)[O-])c12)c1cc([N+](=O)[O-])cc([N+](=O)[O-])c1.[Na+].[Na+].[Na+],,642.8861477760001,False,[]
5696,O=C(Nc1ccc(S(=O)(=O)O)c2cc(S(=O)(=O)O)cc(S(=O)(=O)O)c12)c1cc([N+](=O)[O-])cc([N+](=O)[O-])c1,,576.9403150319998,False,[]
5697,CCCn1c(=O)c2[nH]c(-c3ccc(OCC(=O)NCCN)cc3)nc2n(CCC)c1=O,,428.21720337600004,False,[]
5698,O=c1[nH]c(=O)c2[nH]c[n+](C3OC(COP(=O)(O)O)C(O)C3O)c2[nH]1,,365.04929107808994,False,[]
5699,O=C(O)c1cc(=O)c2cccc(O)c2[nH]1,,205.037507704,False,[]
5700,CC=CC=CCCCCCCCCCCCCCC1(OC)C=CC(CC(=O)OC)OO1,,436.3188745079999,False,[]
5701,C1CCCC2CCCN3CCC(CCCCCCC4CCCN5CCC(CC1)OC45)OC23,,446.3872288399999,False,[]
5702,OC12CCCCCCC3CCN4CCCC(CCCCCCC5CCN(CCC1)C2O5)C4O3,,462.38214345999995,False,[]
5703,O=c1c2cccnc2sn1-c1ccccc1,,228.035733876,False,[]
5704,COc1cc([N+](=O)[O-])c(S(=O)(=O)O)cc1-n1nc(C(=O)Nc2ccccc2)n[n+]1-c1cc(S(=O)(=O)[O-])c([N+](=O)[O-])cc1OC,,651.032575604,False,[]
5705,COc1cc([N+](=O)[O-])c(S(=O)(=O)O)cc1-n1nc(C(=O)Nc2ccccc2)n[n+]1-c1cc(S(=O)(=O)O)c([N+](=O)[O-])cc1OC,,652.0398520560901,False,[]
5706,CCN(CCCl)Cc1ccccc1C,,211.112777256,False,[]
5707,Cc1cccc(C)c1NC1=NCCCS1,,220.103419512,False,[]
5708,N#C[Se]Cc1ccc(C[Se]C#N)cc1,,315.901790856,False,[]
5709,Cc1cc(C(C)(C)C)cc(C)c1CC1=NCCN1,,244.19394876799998,False,[]
5710,C=C1C(=O)C23CC1CCC2C1(C)CCCC(C)(C(=O)O)C1CC3OC(C)=O,,374.2093240599999,False,[]
5711,CC(N)C1CCC(C(=O)Nc2ccncc2)CC1,,247.168462292,False,[]
5712,OCc1ccc(-c2nn(Cc3ccccc3)c3ccccc23)o1,,304.12117775199994,False,[]
5713,CCCCCCCCNC(=O)C(Cc1ccc(OCc2ccncc2)cc1)NC(=O)C1CCC(CN)CC1,,522.3569913320001,False,[]
5714,COc1ccc(CCN(C)CCc2ccc(OC)c(OC)c2)cc1OC,,359.209658408,False,[]
5715,COc1ccc(CC[NH+](C)CCc2ccc(OC)c(OC)c2)cc1OC,,360.21693486008996,False,[]
5716,CC(NC(=O)C(NC(=O)OCc1ccccc1)C(C)C)C(=O)NC(CC(=O)O)C(=O)OC(F)F,,487.17662126399995,False,[]
5717,COc1cc(C(=O)NS(=O)(=O)c2ccccc2C)ccc1Cc1cn(C)c2ccc(NC(=O)OC3CCCC3)cc12,,575.209006776,False,[]
5718,Nc1ccn(C2CCC(CO)O2)c(=O)n1,,211.095691276,False,[]
5719,CCN(C(C)=O)c1cccc(-c2ccnc3c(C#N)cnn23)c1,,305.12766010000007,False,[]
5720,CC(C(=O)O)c1ccc2c(c1)CC(=O)c1ccccc1S2,,298.066365308,False,[]
5721,CC(=O)NC1C(N=C(N)N)C=C(C(=O)O)OC1C(O)C(O)CO,,332.13319898,False,[]
5723,COc1cc(-c2ccc(=O)[nH]n2)ccc1OC(F)F,,268.06594862000003,False,[]
5724,O=C(O)Cn1c(=O)n(Cc2ccc(Br)cc2F)c(=O)c2ccc(Cl)cc21,,439.957474832,False,[]
5725,CC1=CCC(C)(C)C=CC(=O)C(C)=CCC1,,218.167065324,False,[]
5726,Cc1cn(C2CC(N=[N+]=[N-])C(CO)O2)c(=O)[nH]c1=O,,267.096753896,False,[]
5728,CC(C)CC(C=CS(C)(=O)=O)NC(=O)C(CC(C)C)NC(=O)C(CC(C)C)NC(=O)OCc1ccccc1,,551.3029071599999,False,[]
5729,CC(O)(C(=O)Nc1ccccc1)C(F)(F)F,,233.06636322,False,[]
5730,Cc1ccc(NC(=O)c2cccc(N(C)C)c2)cc1NC(=O)c1ccc(O)cc1,,389.17394159599996,False,[]
5731,CN(C)CCc1c[nH]c2ccc(CC3COC(=O)N3)cc12,,287.163376912,False,[]
5732,Cc1ccc(-c2nc3ccc(C)cn3c2CC(=O)N(C)C)cc1,,307.168462292,False,[]
5733,Cc1cc(CC(=O)O)n(C)c1C(=O)c1ccc(Cl)cc1,,291.066220988,False,[]
5734,NS(=O)(=O)Cc1noc2ccccc12,,212.025563116,False,[]
5735,CN1CCN(C(=O)OC2c3nccnc3C(=O)N2c2ccc(Cl)cn2)CC1,,388.10506608400004,False,[]
5736,CN(C)CCOC1=Cc2ccccc2Sc2ccc(Cl)cc21,,331.07976287599996,False,[]
5737,COC(=O)CC(NC(=O)C(C)NC(=O)C(NC(=O)OCc1ccccc1)C(C)C)C(=O)CF,,467.20677851999994,False,[]
5738,O=C(c1ccc(OCCN2CCCC2)nc1)c1c(-c2ccc(OCCN3CCCC3)cc2)sc2ccccc12,,541.23991298,False,[]
5739,CCC(C(=O)N1CCCCC1C(=O)OC(CCc1ccc(OC)c(OC)c1)c1cccc(OCC(=O)O)c1)c1cc(OC)c(OC)c(OC)c1,,693.3149113239999,False,[]
5740,CCOc1cc2ncnc(Nc3cccc(-c4csc(CO)n4)c3)c2cc1OCC,,422.14126156399993,False,[]
5741,COc1cc2c(cc1OC)C(=O)C(CC1CCN(Cc3ccccc3)CC1)C2.Cl,,415.1914215,False,[]
5743,C[C@@H]1C[C@H]2[C@@H]3CCC4=CC(=O)C=C[C@]4(C)[C@@]3(F)[C@@H](O)C[C@]2(C)[C@@]1(O)C(=O)CO,,392.19990224799994,False,[]
5744,CC(=O)OCC(=O)[C@@]1(O)CC[C@H]2[C@@H]3CCC4=CC(=O)CC[C@]4(C)[C@H]3[C@@H](O)C[C@@]21C,,404.219888744,False,[]
5745,CC(=O)OCC(=O)[C@@]1(O)CC[C@H]2[C@@H]3CCC4=CC(=O)CC[C@]4(C)[C@H]3C(=O)C[C@@]21C,,402.20423868,False,[]
5746,CO[C@@]12[C@H](COC(N)=O)C3=C(C(=O)C(C)=C(N)C3=O)N1C[C@@H]1N[C@@H]12,,334.127719676,False,[]
5748,CC[N+](C)(CC)CCOC(=O)C(O)(c1ccccc1)C1CCCCC1.[Br-],,427.172206048,False,[]
5749,CC[N+](C)(CC)CCOC(=O)C(O)(c1ccccc1)C1CCCCC1,,348.25332036809,False,[]
5750,CCOC(=O)C1(c2ccccc2)CCN(C)CC1.Cl,,283.13390662399996,False,[]
5751,C=C1CC[C@H](O)CC1=CC=C1CCC[C@]2(C)[C@@H]([C@H](C)C=C[C@H](C)C(C)C)CC[C@@H]12,,396.339216028,False,[]
5752,CCC(O)(COC(N)=O)c1ccccc1,,209.10519334,False,[]
5753,C[C@]12C[C@H](O)[C@H]3[C@@H](CCC4=CC(=O)CC[C@@]43C)[C@@H]1CC[C@@H]2C(=O)CO,,346.21440943999994,False,[]
5754,C[C@]12CCC(=O)C=C1CC[C@@H]1[C@@H]2[C@@H](O)C[C@@]2(C)[C@H]1CC[C@]2(O)C(=O)CO,,362.2093240599999,False,[]
5755,C[C@]12C=CC(=O)C=C1CC[C@@H]1[C@@H]2[C@@H](O)C[C@@]2(C)[C@H]1CC[C@]2(O)C(=O)CO,,360.1936739959999,False,[]
5756,C[C@]12CC[C@@H]3c4ccc(O)cc4CC[C@H]3[C@@H]1C[C@@H](O)[C@@H]2O,,288.17254462799997,False,[]
5757,C[C@]12CC[C@@H]3c4ccc(O)cc4CC[C@H]3[C@@H]1CC[C@@H]2O,,272.177630008,False,[]
5758,O=C(O)c1c(Cl)cccc1Cl,,189.958834728,False,[]
5759,O=C(O)c1c(Cl)ccc(Cl)c1Cl,,223.919862376,False,[]
5760,COC(=O)[C@@H]1C2CCC(C[C@@H]1OC(=O)c1ccccc1)N2C,,303.14705815200006,False,[]
5761,CCN(CC)C(=O)[C@@H]1C=C2c3cccc4[nH]cc(c34)C[C@H]2N(C)C1,,323.19976242,False,[]
5762,O=C(O)c1c(Cl)c(Cl)cc(Cl)c1Cl,,257.880890024,False,[]
5763,CCN(CC)CCOC(=O)C(c1ccccc1)c1ccccc1.Cl,,347.165206752,False,[]
5764,O=C(O)c1c(Cl)cc(Cl)cc1Cl,,223.919862376,False,[]
5765,O=C(O)c1cccc(Cl)c1Cl,,189.958834728,False,[]
5766,O=C1C=CC(=O)c2cnccc21,,159.0320284,False,[]
5767,C[C@]12CC[C@@H]3c4ccc(OC(=O)c5ccccc5)cc4CC[C@H]3[C@@H]1CC[C@H]2O,,376.20384475599997,False,[]
5768,C=C[C@H]1CN2CCC1C[C@@H]2[C@@H](O)c1ccnc2ccc(OC)cc12.C=C[C@H]1CN2CCC1C[C@@H]2[C@@H](O)c1ccnc2ccc(OC)cc12.O=S(=O)(O)O,,746.3349355600003,False,[]
5769,C=CC1CN2CCC1C[C@@H]2C(O)c1ccnc2ccc(OC)cc12,,324.183778008,False,[]
5770,COC(=O)[C@H]1[C@H]2C[C@@H]3c4[nH]c5cc(OC)ccc5c4CCN3C[C@H]2C[C@@H](OC(=O)c2cc(OC)c(OC)c(OC)c2)[C@@H]1OC,,608.27338086,False,[]
5773,O=C(Cc1cccs1)N[C@@H]1C(=O)N2C(C(=O)[O-])=C(C[n+]3ccccc3)CS[C@H]12,,415.0660480240001,False,[]
5774,O=C(Cc1cccs1)N[C@@H]1C(=O)N2C(C(=O)O)=C(C[n+]3ccccc3)CS[C@H]12,,416.07332447609,False,[]
5775,Cc1ccc(N(CC2=NCCN2)c2cccc(O)c2)cc1,,281.152812228,False,[]
5776,COc1cc(C(=O)OCCCN(C)CCN(C)CCCOC(=O)c2cc(OC)c(OC)c(OC)c2)cc(OC)c1OC.Cl.Cl,,664.2529510319999,False,[]
5777,COc1cc(C(=O)OCCCN(C)CCN(C)CCCOC(=O)c2cc(OC)c(OC)c(OC)c2)cc(OC)c1OC,,592.2995956079999,False,[]
5778,CSc1ncnc2nc[nH]c12,,166.031317192,False,[]
5779,OC[C@H]1OC(O)[C@H](O)[C@@H]1O,,150.05282342,False,[]
5780,OC[C@@H](O)[C@@H](O)[C@H](O)[C@@H](O)CO,,182.079038168,False,[]
5782,O=C(O)c1cc(Cl)c(Cl)c(Cl)c1Cl,,257.880890024,False,[]
5783,O=C(O)c1ccc(Cl)c(Cl)c1Cl,,223.919862376,False,[]
5784,O=C(O)c1cc(Cl)ccc1Cl,,189.958834728,False,[]
5786,O=C(O)c1cc(Cl)c(Cl)cc1Cl,,223.919862376,False,[]
5787,O=C(O)c1ccc(Cl)cc1Cl,,189.958834728,False,[]
5788,Cc1ccc(C(=O)O)c(O)c1,,152.047344116,False,[]
5789,Cc1cn([C@H]2C[C@H](O)[C@@H](CO)O2)c(=O)[nH]c1=O,,242.090271548,False,[]
5790,O=c1[nH]c(=O)n([C@H]2C[C@H](O)[C@@H](CO)O2)cc1F,,246.065199672,False,[]
5791,CCC(NC(C)C)C(O)c1ccc(O)c(O)c1.Cl,,275.128821244,False,[]
5792,OC(c1ccccc1)c1nc2ccccc2[nH]1,,224.094963004,False,[]
5793,OC[C@H]1OC(O)[C@H](O)[C@@H](O)[C@@H]1O,,180.063388104,False,[]
5794,CCCCOCCOCCOCc1cc2c(cc1CCC)OCO2,,338.2093240599999,False,[]
5795,CCN(CC)CCOC(=O)c1ccc(N)cc1.Cl,,272.129155592,False,[]
5796,CCOCCOCCOC(C)Oc1ccc2c(c1)OCO2,,298.141638424,False,[]
5797,C[n+]1ccccc1C=NO.[Cl-],,172.040340588,False,[]
5799,C1CN1c1nc(N2CC2)nc(N2CC2)n1,,204.11234438399998,False,[]
5802,O=c1[nH]cc(Br)c(=O)[nH]1,,189.937789436,False,[]
5803,O=C(O)Cc1cc(I)c(Oc2ccc(O)c(I)c2)c(I)c1,,621.7635027680001,False,[]
5804,O=C(O)CCc1cc(I)c(Oc2ccc(O)c(I)c2)c(I)c1,,635.7791528319999,False,[]
5805,CC(C)NCC(O)c1ccc(Cl)c(Cl)c1.Cl,,283.029747172,False,[]
5806,CC(C)NCC(O)c1ccc(Cl)c(Cl)c1,,247.05306946,False,[]
5807,CC(C)NCC(O)c1ccc(O)c(O)c1.Cl,,247.097521116,False,[]
5808,CC(C)NC[C@@H](O)c1ccc(O)c(O)c1,,211.120843404,False,[]
5809,CN1[C@H]2CC(OC(=O)C(CO)c3ccccc3)C[C@H]1[C@H]1O[C@H]12,,303.147058152,False,[]
5811,O=C(O)c1cc(Cl)cc(Cl)c1,,189.958834728,False,[]
5812,O=C(O)c1cc(Cl)c(Cl)c(Cl)c1,,223.919862376,False,[]
5813,NCC(O)c1ccc(O)c(O)c1.O=C(O)[C@H](O)[C@@H](O)C(=O)O,,319.090331124,False,[]
5814,NC[C@@H](O)c1ccc(O)c(O)c1,,169.073893212,False,[]
5815,CNC[C@H](O)c1ccc(O)c(O)c1.O=C(O)[C@H](O)[C@@H](O)C(=O)O,,333.105981188,False,[]
5816,CNC[C@H](O)c1ccc(O)c(O)c1,,183.089543276,False,[]
5817,O=C(O)c1ccc(Cl)c(Cl)c1,,189.958834728,False,[]
5818,Cl.Cl.NCCc1cnc[nH]1,,183.03300271199998,False,[]
5819,N[C@@H](Cc1cc(I)c(Oc2cc(I)c(O)c(I)c2)c(I)c1)C(=O)O,,776.686699832,False,[]
5820,ClCCN(Cc1ccccc1)Cc1ccccc1,,259.112777256,False,[]
5821,Br.CN1C2CCC1CC(OC(=O)C(O)c1ccccc1)C2,,355.07830566399997,False,[]
5822,Cl.NC(N)=NC(=O)Nc1ccc([N+](=O)[O-])cc1,,259.04721686,False,[]
5823,NC(N)=NC(=O)Nc1ccc([N+](=O)[O-])cc1,,223.070539148,False,[]
5824,CN(C)C(=O)Oc1cccc([N+](C)(C)C)c1.COS(=O)(=O)[O-],,334.1198574239999,False,[]
5825,C[C@H](N)Cc1ccccc1.C[C@H](N)Cc1ccccc1.O=S(=O)(O)O,,368.1769783759999,False,[]
5827,COc1ccc(NC(C)=O)cc1,,165.078978592,False,[]
5830,CN(C)CSC(=S)N(C)C,,178.059840448,False,[]
5831,C[N+](C)(C)CCOC(N)=O.[Cl-],,182.0822054,False,[]
5832,C#C[C@]1(OC(C)=O)CC[C@H]2[C@@H]3CCC4=CC(=O)CC[C@@H]4[C@H]3CC[C@@]21C,,340.20384475599997,False,[]
5833,CC(=O)S[C@@H]1CC2=CC(=O)CC[C@]2(C)[C@H]2CC[C@@]3(C)[C@@H](CC[C@@]34CCC(=O)O4)[C@H]12,,416.2021305039999,False,[]
5834,CC(=O)OCC(=O)[C@@]1(O)CC[C@H]2[C@@H]3CCC4=CC(=O)C=C[C@]4(C)[C@H]3[C@@H](O)C[C@@]21C,,402.20423868,False,[]
5836,COc1ccc2c3c1O[C@H]1[C@@H](O)C=C[C@H]4[C@H](C2)N(C)CC[C@@]341,,299.152143532,False,[]
5837,CCC1CC[Si](C)(C)CC12C(=O)NC(=O)NC2=O,,268.12431903000004,False,[]
5838,CCC1(C2=CCCCC2)C(=O)NC(=O)NC1=O,,236.116092372,False,[]
5839,C[C@]12CCC(=O)C=C1CC[C@@H]1[C@@H]2[C@@H](O)C[C@]2(C=O)[C@@H](C(=O)CO)CC[C@@H]12,,360.193673996,False,[]
5840,C[Si]1(C)CCCC2(C1)C(=O)NC(=O)NC2=O,,240.09301890199998,False,[]
5842,C=CCC1(CC=C)C(=O)NC(=O)NC1=O,,208.084792244,False,[]
5843,O=C1NC(=O)C2(CCCCC2)C(=O)N1,,196.084792244,False,[]
5845,C1CN1P1(N2CC2)=NP(N2CC2)(N2CC2)=NP(N2CC2)(N2CC2)=N1,,387.13675165800004,False,[]
5846,CC1CC[Si](C)(C)CC12C(=O)NC(=O)NC2=O,,254.108668966,False,[]
5847,C[Si]1(C)CCCCC2(C1)C(=O)NC(=O)NC2=O,,254.108668966,False,[]
5849,C[N+]1(CCCCC[N+]2(C)CCCC2)CCCC1.O=C([O-])[C@H](O)[C@@H](O)C(=O)O.O=C([O-])[C@H](O)[C@@H](O)C(=O)O,,538.2737747839998,False,[]
5850,C[N+]1(CCCCC[N+]2(C)CCCC2)CCCC1,,240.25545186417997,False,[]
5851,O=C(O)C(O)[C@@H](O)C(=O)O,,150.016437912,False,[]
5853,COP(=O)(OC)C(O)C(Cl)(Cl)Cl,,255.92257840599999,False,[]
5854,C[C@]12C[C@H](N3CCOCC3)[C@@H](O)C[C@@H]1CC[C@@H]1[C@@H]2CC[C@]2(C)C(=O)CC[C@@H]12,,375.277344044,False,[]
5855,C#C[C@@]1(O)C[C@@H]2CC[C@@H]3[C@H](CC[C@@]4(C)[C@H]3CC[C@]4(C)O)[C@@]2(C)C1,,316.240230264,False,[]
5856,C#C[C@@]1(O)CC2CCC3C4C[C@@](O)(C#C)CC4(C)CCC3C2(C)C1,,326.2245802,False,[]
5857,C#C[C@]1(O)CC[C@H]2[C@@H]3CCC4=CCCC[C@@H]4[C@H]3CC[C@@]21C,,284.214015516,False,[]
5858,CC[C@]1(O)CC[C@H]2[C@@H]3CCC4=CC(=O)CC[C@@H]4[C@H]3CC[C@@]21C,,302.2245802,False,[]
5859,COP(=S)(OC)Oc1ccc(S(=O)(=O)N(C)C)cc1,,325.020751242,False,[]
5860,C[N+]1(C)C2CCC1CC(OC(=O)C(CO)c1ccccc1)C2.O=[N+]([O-])[O-],,366.17908655199994,False,[]
5861,C[N+]1(C)C2CCC1CC(OC(=O)C(CO)c1ccccc1)C2,,304.19072011209,False,[]
5863,CC(=O)OCC(=O)[C@@]1(O)[C@H](Cl)CC2C3C[C@H](F)C4=CC(=O)C=C[C@]4(C)[C@@]3(F)[C@@H](O)C[C@@]21C,,472.146422704,False,[]
5864,C[C@]12CC[C@@H](O)C[C@H]1CC[C@@H]1[C@@H]2[C@@H](O)C[C@@]2(C)[C@H]1CC[C@]2(O)C(=O)CO,,366.2406241879999,False,[]
5865,C[C@]12C=CC(=O)C=C1CC[C@@H]1[C@@H]2C(=O)C[C@@]2(C)[C@H]1CC[C@]2(O)C(=O)CO,,358.1780239319999,False,[]
5866,C[C@]12CC[C@@H](O)C[C@H]1CC[C@@H]1[C@@H]2C(=O)C[C@@]2(C)[C@H]1CC[C@]2(O)C(=O)CO,,364.2249741239999,False,[]
5867,C[C@]12CC[C@@H](O)C=C1CC[C@@H]1[C@@H]2C(=O)C[C@@]2(C)[C@H]1CC[C@]2(O)C(=O)CO,,362.2093240599999,False,[]
5869,C[C@]12CCC(=O)C[C@H]1CC[C@@H]1[C@@H]2CC[C@]2(C)[C@@H](C(=O)COC(=O)CCC(=O)O)CC[C@@H]12,,432.2511888719999,False,[]
5870,C[C@]12CC[C@@H]3c4ccc(O)cc4CC[C@H]3[C@@H]1CCC2=O,,270.161979944,False,[]
5871,COC(=O)[C@H]1[C@@H](OC(=O)c2ccccc2)C[C@H]2CC[C@H]1N2C.Cl,,339.123735864,False,[]
5872,COC(=O)[C@H]1C(OC(=O)c2ccccc2)C[C@H]2CC[C@H]1N2C,,303.14705815200006,False,[]
5873,CC(CN1CCC(O)(c2ccccc2)CC1)N(C(=O)c1ccco1)c1ccccc1.Cl,,440.186670468,False,[]
5874,CC(CN1CCC(O)(c2ccccc2)CC1)N(C(=O)c1ccco1)c1ccccc1,,404.20999275599996,False,[]
5875,C[C@@H]1C[C@H]2[C@@H]3C[C@H](F)C4=CC(=O)C=C[C@]4(C)[C@H]3[C@@H](O)C[C@]2(C)[C@@]1(O)C(=O)CO,,392.19990224799994,False,[]
5876,C[C@]12C=CC(=O)C=C1[C@@H](F)C[C@@H]1[C@@H]2[C@@H](O)C[C@@]2(C)[C@H]1CC[C@]2(O)C(=O)CO,,378.18425218399994,False,[]
5877,CC(=O)OCC(=O)[C@@]1(O)CC[C@H]2[C@@H]3C[C@H](C)C4=CC(=O)C=C[C@]4(C)[C@H]3[C@@H](O)C[C@@]21C,,416.21988874399995,False,[]
5878,C[C@]12COC(=O)C[C@@H]1CC[C@@H]1[C@@H]2CC[C@@]2(C)[C@H]1CC[C@]2(C)O,,306.21949481999997,False,[]
5879,C[C@]12CC[C@@H](O)C[C@@H]1CC[C@@H]1[C@@H]2CC[C@]2(C)C(=O)CC[C@@H]12,,290.2245802,False,[]
5880,C[C@]12CC[C@@H](O)C[C@H]1CC[C@@H]1[C@@H]2CC[C@]2(C)C(=O)CC[C@@H]12,,290.2245802,False,[]
5881,C[C@]12CC[C@H](O)CC1=CC[C@@H]1[C@@H]2CC[C@]2(C)C(=O)CC[C@@H]12,,288.208930136,False,[]
5882,C[C@]12CC[C@@H]3c4ccccc4CC[C@H]3[C@@H]1CCC2=O,,254.167065324,False,[]
5883,CC[N+](C)(CC)CCOC(=O)C1c2ccccc2Oc2ccccc21.[Br-],,419.109605792,False,[]
5884,NC(=O)C1=CN([C@@H]2O[C@H](COP(=O)(O)OP(=O)(O)OC[C@H]3O[C@@H](n4cnc5c(N)ncnc54)[C@H](OP(=O)(O)O)[C@@H]3O)[C@@H](O)[C@H]2O)C=CC1,,745.0911023900003,False,[]
5885,NC(=O)c1ccc[n+]([C@@H]2O[C@H](COP(=O)([O-])OP(=O)(O)OC[C@H]3O[C@@H](n4cnc5c(N)ncnc54)[C@H](OP(=O)(O)O)[C@@H]3O)[C@@H](O)[C@H]2O)c1,,743.0754523260002,False,[]
5886,NC(=O)c1ccc[n+]([C@@H]2O[C@H](COP(=O)(O)OP(=O)(O)OC[C@H]3O[C@@H](n4cnc5c(N)ncnc54)[C@H](OP(=O)(O)O)[C@@H]3O)[C@@H](O)[C@H]2O)c1,,744.0827287780902,False,[]
5887,CN(C)CCCN1c2ccccc2Sc2ccccc21.Cl,,320.111397352,False,[]
5888,C[C@@]12CCC[C@H]1[C@@H]1CCc3cc(O)ccc3[C@H]1CC2,,256.182715388,False,[]
5889,c1ccc2c(c1)ccc1cc3c(ccc4ccccc43)cc12,,278.109550448,False,[]
5891,COc1ccc(C[C@@H](N)C(=O)N[C@H]2[C@@H](O)[C@H](n3cnc4c(N(C)C)ncnc43)O[C@@H]2CO)cc1,,471.223017028,False,[]
5892,NC(=O)c1ccc[n+]([C@@H]2O[C@H](COP(=O)([O-])OP(=O)(O)OC[C@H]3O[C@@H](n4cnc5c(N)ncnc54)[C@H](O)[C@@H]3O)[C@@H](O)[C@H]2O)c1,,663.1091218040001,False,[]
5893,NC(=O)c1ccc[n+]([C@@H]2O[C@H](COP(=O)(O)OP(=O)(O)OC[C@H]3O[C@@H](n4cnc5c(N)ncnc54)[C@H](O)[C@@H]3O)[C@@H](O)[C@H]2O)c1,,664.1163982560901,False,[]
5894,OC[C@H]1O[C@@H](n2cnc3cc(Cl)c(Cl)cc32)[C@H](O)[C@@H]1O,,318.01741222399994,False,[]
5895,ONc1ccc2c(c1)Cc1ccccc1-2,,197.084063972,False,[]
5896,CC(=O)N(O)c1ccc2c(c1)Cc1ccccc1-2,,239.094628656,False,[]
5897,CC(=O)Nc1ccc2c(c1)Cc1ccccc1-2,,223.099714036,False,[]
5898,CN1CC(O)C2=CC(=O)C(=O)C=C21,,179.058243148,False,[]
5899,O=c1[nH]cc(C(F)(F)F)c(=O)[nH]1,,180.014661996,False,[]
5901,O=c1cnn([C@@H]2O[C@H](CO)[C@@H](O)[C@H]2O)c(=O)[nH]1,,245.064785072,False,[]
5902,CCN(CC)CCNC(C(=O)OCCC(C)C)c1ccccc1,,320.246378264,False,[]
5903,CC1(C)S[C@@H]2[C@H](NC(=O)Cc3ccccc3)C(=O)N2[C@H]1C(=O)O.CCN(CC)CCOC(=O)c1ccc(N)cc1,,570.251205936,False,[]
5904,CC1(C)S[C@@H]2[C@H](NC(=O)Cc3ccccc3)C(=O)N2[C@H]1C(=O)O,,334.09872805599997,False,[]
5905,O=c1[nH]c(=O)n([C@H]2C[C@H](O)[C@@H](CO)O2)cc1I,,353.97126945200006,False,[]
5906,C[C@H](N)[C@H](O)c1cccc(O)c1,,167.094628656,False,[]
5907,CCN(CC)CCN(CCC(C)C)C(=O)N(C(C)C)C(C)C,,313.309312868,False,[]
5908,C[CH2][Hg+].O=C([O-])c1ccccc1[S-].[Na+],,405.992737808,False,[]
5909,CC[C@@H]1C(=O)OC[C@@H]1Cc1cncn1C.Cl,,244.097855464,False,[]
5910,CC[C@@H]1C(=O)OC[C@@H]1Cc1cncn1C,,208.121177752,False,[]
5911,C[N+]1(C)CCN(c2ccccc2)CC1.[I-],,318.059296608,False,[]
5912,CN(C)CCCSc1ccccc1NC(=O)C=Cc1ccccc1.Cl,,376.1376121,False,[]
5913,CN(C)CCCSc1ccccc1NC(=O)C=Cc1ccccc1,,340.160934388,False,[]
5915,O=C1N=C([O-])CN1N=Cc1ccc([N+](=O)[O-])o1.[Na+],,260.01576354,False,[]
5916,Cc1cc(N(C)C)ccc1/N=N/c1ccccc1,,239.14224754399999,False,[]
5920,N[C@@H](Cc1cc(I)c(Oc2ccc(O)c(I)c2)c(I)c1)C(=O)O,,650.790051864,False,[]
5923,Cl.NCC(O)c1ccc(O)c(O)c1,,205.050570924,False,[]
5924,CNCC(O)c1ccc(O)c(O)c1.Cl,,219.066220988,False,[]
5925,Cl.ClCCN(Cc1ccccc1)Cc1ccccc1,,295.089454968,False,[]
5926,C[N+](C)(C)CC#CCOC(=O)Nc1cccc(Cl)c1.[Cl-],,316.074533176,False,[]
5927,CN1C2CCC1CC(OC(=O)C(CO)c1ccccc1)C2.CN1C2CCC1CC(OC(=O)C(CO)c1ccccc1)C2.O=S(=O)(O)O,,676.302966736,False,[]
5928,ClCCN(CCCl)Cc1ccccc1,,231.05815484,False,[]
5929,CC(Cc1ccccc1)NN,,150.115698448,False,[]
5930,CNc1ccc(O)cc1.CNc1ccc(O)cc1.O=S(=O)(O)O,,344.1042073599999,False,[]
5932,Cl.NC(N)=N/C(N)=N/c1ccccc1,,213.07812306399998,False,[]
5933,O=[N+]([O-])O.[Hg][c]1ccccc1,,342.005411052,False,[]
5934,Cc1cccc(/N=N/c2ccc(N(C)C)cc2)c1,,239.14224754399999,False,[]
5935,CN(CCCl)CCCl.Cl,,191.00353242399999,False,[]
5936,CC(C)OP(=O)(F)OC(C)C,,184.066459158,False,[]
5937,CC(CCC(C)OS(C)(=O)=O)OS(C)(=O)=O,,274.054480296,False,[]
5938,C[N+](C)(C)CCCCCC[N+](C)(C)C.[Br-].[Br-],,360.07757316,False,[]
5940,Br.Br.[H]/N=C(\N)SCCN,,278.904042552,False,[]
5941,Cl.Cl.NCCSSCCN,,223.99754580799998,False,[]
5943,ClC(Cl)(Cl)Cl,,151.87541072,False,[]
5944,C[C@@]12C(=O)OC(=O)[C@]1(C)[C@H]1CC[C@@H]2O1,,196.073558864,False,[]
5945,C[Si](C)(O[Si](C)(C)c1ccccc1)c1ccccc1,,286.120918384,False,[]
5946,CC[N+](CC)(CC)CC.[Cl-],,165.12842732,False,[]
5948,CCC[CH2][SnH]([CH2]CCC)[CH2]CCC,,292.121295596,False,[]
5952,CC(=O)OCC(=O)[C@H]1CC[C@H]2[C@@H]3CCC4=CC(=O)CC[C@]4(C)[C@H]3CC[C@]12C,,372.230059504,False,[]
5953,C=C[C@H]1CN2CCC1C[C@@H]2[C@@H](O)c1ccnc2ccc(OC)cc12,,324.183778008,False,[]
5954,c1ccc2cc3c(ccc4ccccc43)cc2c1,,228.093900384,False,[]
5955,O=[N+]([O-])c1cc[n+]([O-])c2ccccc12,,190.037842052,False,[]
5957,Nc1ncnc2c1ncn2[C@@H]1O[C@H](COP(=O)(O)OP(=O)(O)OP(=O)(O)O)[C@@H](O)[C@H]1O,,506.9957454619998,False,[]
5958,O=P(O)(O)OC[C@H]1OC(O)[C@H](O)[C@@H](O)[C@@H]1O,,260.02971862600003,False,[]
5959,O=C(N[C@H](CO)[C@H](O)c1ccc([N+](=O)[O-])cc1)C(Cl)Cl,,322.01232684400003,False,[]
5963,C[N+](C)(C)Cc1ccccc1.[Cl-],,185.097127192,False,[]
5964,C[N+](C)(C)Cc1ccccc1,,150.12772593209,False,[]
5965,CN(CCCCCCCCCCN(C)C(=O)Oc1cccc([N+](C)(C)C)c1)C(=O)Oc1cccc([N+](C)(C)C)c1.[Br-].[Br-],,714.2355303439999,False,[]
5966,CN(CCCCCCCCCCN(C)C(=O)Oc1cccc([N+](C)(C)C)c1)C(=O)Oc1cccc([N+](C)(C)C)c1,,556.39775898418,False,[]
5967,CC(=O)O.CC(=O)O.NC(=N/C(N)=N/CCCCCC/N=C(\N)N=C(N)Nc1ccc(Cl)cc1)Nc1ccc(Cl)cc1,,624.2454550560002,False,[]
5968,ON=Cc1cc[n+](CCC[n+]2ccc(C=NO)cc2)cc1.[Br-].[Br-],,443.97965001599994,False,[]
5969,ON=Cc1cc[n+](CCC[n+]2ccc(C=NO)cc2)cc1,,286.14187865618,False,[]
5970,C[N+](C)(C)CC(O)CC(=O)O.[Cl-],,197.081871052,False,[]
5973,O=C(O)CCCCCNC(=O)CCC(=O)NCCCCCC(=O)O,,344.19473661599994,False,[]
5974,CCCCCCCCCCCCCCCC[N+](C)(C)C.[Br-],,363.250062444,False,[]
5977,CC(C)(O)C(Cl)(Cl)Cl,,175.956247884,False,[]
5979,O=C1CC2OCC=C3CN4CC[C@]56c7ccccc7N1C5[C@H]2[C@H]3C[C@H]46,,334.168127944,False,[]
5980,CN1CC[C@]23c4c5ccc(O)c4O[C@H]2[C@@H](O)C=C[C@H]3[C@@H]1C5,,285.136493468,False,[]
5983,CNC(=O)Oc1ccc2c(c1)[C@]1(C)CCN(C)[C@@H]1N2C,,275.163376912,False,[]
5984,O=C(CO)[C@@H](O)[C@H](O)[C@H](O)CO,,180.063388104,False,[]
5985,CCOC(=O)N(c1ccccc1)C(C)CN1CCC(O)(c2ccccc2)CC1.NS(=O)(=O)O,,479.20900677599997,False,[]
5986,CCOC(=O)N(c1ccccc1)C(C)CN1CCC(O)(c2ccccc2)CC1,,382.22564282,False,[]
5988,OC[C@H]1O[C@@](CO)(O[C@H]2O[C@H](CO)[C@@H](O)[C@H](O)[C@H]2O)[C@@H](O)[C@@H]1O,,342.11621152399994,False,[]
5991,C#C[C@]1(O)CC[C@H]2[C@@H]3CCc4cc(O)ccc4[C@H]3CC[C@@]21C,,296.177630008,False,[]
5992,CNC(=O)Oc1ccc2c(c1)[C@]1(C)CC[NH+](C)[C@@H]1[NH+]2C.O=C([O-])c1ccccc1[O-],,413.19507096399997,False,[]
5993,ClC1=C(Cl)C2(Cl)C3C(Cl)C(Cl)CC3C1(Cl)C2(Cl)Cl,,405.797771632,False,[]
5994,CC(=O)[C@H]1CC[C@H]2[C@@H]3CCC4=CC(=O)CC[C@]4(C)[C@H]3CC[C@]12C,,314.2245802,False,[]
5995,CCC(=O)O[C@H]1CC[C@H]2[C@@H]3CCC4=CC(=O)CC[C@]4(C)[C@H]3CC[C@]12C,,344.23514488399996,False,[]
5996,CC(C)C(C)C=CC(C)[C@H]1CCC2C3=CC=C4C[C@@H](O)CC[C@]4(C)[C@H]3CC[C@@]21C,,396.339216028,False,[]
5997,CC(C)CCC[C@@H](C)[C@H]1CC[C@H]2[C@@H]3CC=C4C[C@@H](O)CC[C@]4(C)[C@H]3CC[C@]12C,,386.354866092,False,[]
5998,CC12CC[C@@H]3c4ccc(O)cc4CCC3[C@@H]1CC[C@H]2O,,272.177630008,False,[]
5999,CN[C@H]1[C@@H](O[C@@H]2[C@@H](O[C@H]3[C@H](O)[C@@H](O)[C@H](N=C(N)N)[C@@H](O)[C@@H]3N=C(N)N)O[C@H](C)[C@@]2(O)C=O)O[C@H](CO)[C@@H](O)[C@@H]1O,,581.2656696879999,False,[]
6000,COc1cc2c3cc1Oc1cc(ccc1O)C[C@@H]1c4c(cc(OC)c(O)c4Oc4ccc(cc4)C[C@@H]3N(C)CC2)CC[N+]1(C)C,,609.29591345209,False,[]
6001,Cc1c2ccccc2c(C)c2c1ccc1ccccc12,,256.125200512,False,[]
6002,CCOS(=O)(=O)[O-].CC[N+](C)(C)CC(C)N1c2ccccc2Sc2ccccc21,,438.16469944,False,[]
6003,CC[N+](C)(C)CC(C)N1c2ccccc2Sc2ccccc21,,313.17329622009004,False,[]
6005,CN1CCc2cccc3c2[C@H]1Cc1ccc(O)c(O)c1-3,,267.125928784,False,[]
6007,CCN(CC)CCSC(=O)N(c1ccccc1)c1ccccc1.Cl,,364.1376121,False,[]
6008,CCN(CC)CCSC(=O)N(c1ccccc1)c1ccccc1,,328.160934388,False,[]
6009,Cc1c(N(C)C)c(=O)n(-c2ccccc2)n1C,,231.137162164,False,[]
6010,C[C@]12CCC(=O)C=C1CC[C@@H]1[C@@H]2CC[C@@]2(C)[C@H]1CC[C@]2(C)O,,302.2245802,False,[]
6011,C[C@@H]1C[C@@]2(C)[C@@H](CC[C@@H]3[C@@H]2CC[C@]2(C)[C@@H](O)CC[C@@H]32)CC1=O,,304.240230264,False,[]
6012,CC12CCC(=O)C=C1CCC1C2CCC2(C)C(OC(=O)CCC3CCCC3)CCC12,,412.29774513999996,False,[]
6013,C[C@]12CC[C@H]3[C@@H](CCC4=CC(=O)CC[C@@]43C)[C@@H]1CC[C@@H]2O,,288.208930136,False,[]
6014,CC(CN1c2ccccc2Sc2ccccc21)N(C)C.Cl,,320.111397352,False,[]
6015,CC(CN1c2ccccc2Sc2ccccc21)[N+](C)(C)C.COS(=O)(=O)[O-],,410.1333993119999,False,[]
6016,CC(CN1c2ccccc2Sc2ccccc21)[N+](C)(C)C,,299.15764615609004,False,[]
6017,c1ccc2c(c1)Oc1ccccc1[As]2O[As]1c2ccccc2Oc2ccccc21,,501.95313737199996,False,[]
6018,COc1cc2c(cc1OC)C1CC(=O)C(CC(C)C)CN1CC2,,317.199093724,False,[]
6019,Cc1ncc(CO)c(CO)c1O.Cl,,205.050570924,False,[]
6020,CN(C)c1ncnc2c1ncn2[C@@H]1O[C@H](CO)[C@@H](N)[C@H]1O,,294.14403843599996,False,[]
6022,Nc1ncnc2c1ncn2[C@@H]1O[C@H](COP(=O)(O)OP(=O)(O)O)[C@@H](O)[C@H]1O,,427.02941493999987,False,[]
6024,CC(=O)OCC1=C(C(=O)O)N2C(=O)[C@@H](NC(=O)Cc3cccs3)[C@H]2SC1,,396.04497823200006,False,[]
6025,C(=C(c1ccccc1)c1ccccc1)c1ccccc1,,256.125200512,False,[]
6027,O[C@@H]1[C@@H](O)[C@@H](O)OC[C@H]1O,,150.05282342,False,[]
6028,Oc1c(Cl)cc(Cl)c(Cl)c1Cl,,229.885975404,False,[]
6029,O=c1ccn([C@@H]2O[C@H](CO)[C@@H](O)[C@H]2O)c(=O)[nH]1,,244.069536104,False,[]
6030,O=c1ccn([C@@H]2O[C@H](COP(=O)(O)O)[C@@H](O)[C@H]2O)c(=O)[nH]1,,324.03586662600003,False,[]
6031,O=c1ccn([C@@H]2O[C@H](COP(=O)(O)OP(=O)(O)O)[C@@H](O)[C@H]2O)c(=O)[nH]1,,404.0021971479999,False,[]
6032,NC[C@H]1O[C@H](O[C@H]2[C@H](O)[C@@H](O[C@H]3O[C@H](CO)[C@@H](O)[C@H](N)[C@H]3O)[C@H](N)C[C@@H]2N)[C@H](O)[C@@H](O)[C@@H]1O,,484.238057972,False,[]
6033,Cc1c(C)c2c(c(C)c1O)CC[C@](C)(CCC[C@H](C)CCC[C@@H](C)CCCC(C)C)O2,,430.38108084,False,[]
6034,CCOc1cc(NC(C)=O)ccc1C(=O)OC,,237.10010796,False,[]
6035,O=c1[nH]c(=O)n([C@H]2C[C@H](O)[C@@H](CO)O2)cc1Br,,305.98513355200004,False,[]
6036,OC[C@H]1OC(O)[C@H](O)[C@@H](O)[C@H]1O,,180.063388104,False,[]
6037,Nc1nc(=O)c2nc(CNc3ccc(C(=O)N[C@@H](CCC(=O)O)C(=O)O)cc3)cnc2[nH]1,,441.139681328,False,[]
6039,COc1ccc(CN(CCN(C)C)c2ccccn2)cc1.O=C(O)C=CC(=O)O,,401.1950709639999,False,[]
6040,c1ccc2c(c1)OCC(CN1CCCCC1)O2,,233.141578848,False,[]
6041,CNC[C@H](O)c1cccc(O)c1,,167.094628656,False,[]
6042,Cc1ncc(C[n+]2csc(CCO)c2C)c(N)n1.[Cl-],,300.081159844,False,[]
6044,O=C(O)c1cc[c]([Hg+])cc1.[Cl-],,357.96845008,False,[]
6045,O=C(O)c1cc[c]([Hg+])cc1,,322.99904882009,False,[]
6047,N[C@@H](Cc1ccc(O)c(O)c1)C(=O)O,,197.068807832,False,[]
6048,Cl.c1ccc(CC2=NCCN2)cc1,,196.076726096,False,[]
6049,O=C(O)CN(CCN(CC(=O)O)CC(=O)O)CC(=O)O,,292.09066547199996,False,[]
6050,CCCC(=O)OCC(COC(=O)CCC)OC(=O)CCC,,302.172938552,False,[]
6051,Nc1ccc(/N=N/c2ccccc2)cc1,,197.095297352,False,[]
6053,CN(C)c1ccc(/N=N/c2ccccc2)cc1,,225.12659748,False,[]
6055,CC(N)Cc1ccccc1.CC(N)Cc1ccccc1.O=S(=O)(O)O,,368.1769783759999,False,[]
6057,N[C@@H](Cc1ccc(O)cc1)C(=O)O,,181.073893212,False,[]
6059,C[N+](C)(C)CCCCCC[N+](C)(C)C.[OH-].[OH-],,236.246378264,False,[]
6060,CC(=O)OCC[N+](C)(C)C.[Cl-],,181.086956432,False,[]
6062,CC(=O)O[C@H]1CC[C@]2(C=O)C3CC[C@]4(C)[C@@H](C5=CC(=O)OC5)CC[C@]4(O)C3CC[C@]2(O)C1,,446.2304534279999,False,[]
6063,CN1CCN(CC(=O)[C@@]2(O)CC[C@H]3[C@@H]4CCC5=CC(=O)C=C[C@]5(C)[C@H]4[C@@H](O)C[C@@]32C)CC1.Cl,,478.259835408,False,[]
6064,CN1CCN(CC(=O)[C@@]2(O)CC[C@H]3[C@@H]4CCC5=CC(=O)C=C[C@]5(C)[C@H]4[C@@H](O)C[C@@]32C)CC1,,442.283157696,False,[]
6065,O=C1CC2OCC=C3CN4CC[C@]56c7ccccc7N1C5[C@H]2[C@H]3C[C@H]46.O=C1CC2OCC=C3CN4CC[C@]56c7ccccc7N1C5[C@H]2[C@H]3C[C@H]46.O=S(=O)(O)O,,766.3036354320002,False,[]
6066,CC[N+](C)(CC)CCOC(=O)C(O)(c1cccs1)C1CCCC1.[Br-],,419.11297692000005,False,[]
6067,CC[N+](C)(CC)CCOC(=O)C(O)(c1cccs1)C1CCCC1,,340.19409124009,False,[]
6068,CCC1C(=O)NC(=O)C1(C)c1ccccc1,,217.11027872,False,[]
6070,Cc1c([C@H](C)[C@@H]2NC[C@@H](C)C[C@H]2O)ccc2c1C[C@H]1[C@H]2CC=C2C[C@@H](O)CC[C@@]21C,,409.298079488,False,[]
6071,C[C@H](CO)NC(=O)[C@@H]1C=C2c3cccc4[nH]cc(c34)C[C@H]2N(C)C1,,325.17902697600005,False,[]
6072,O=C(CCc1ccc(O)cc1)c1c(O)cc(O)cc1O[C@@H]1O[C@H](CO)[C@@H](O)[C@H](O)[C@H]1O,,436.13694696799985,False,[]
6073,CCOS(=O)(=O)[O-].CC[N+](C)(C)C(C)CN1c2ccccc2Sc2ccccc21,,438.16469944,False,[]
6074,CC[N+](C)(C)C(C)CN1c2ccccc2Sc2ccccc21,,313.17329622009004,False,[]
6075,CN1CCCC(CN2c3ccccc3Sc3ccccc32)C1,,310.15036970399996,False,[]
6076,Nc1ncnc2c1ncn2[C@@H]1O[C@@H]2COP(=O)(O)O[C@H]2[C@H]1O,,329.05251973399993,False,[]
6077,CC(=O)c1ccc2c(c1)N(CCCN(C)C)c1ccccc1S2,,326.145284324,False,[]
6078,CCCCOc1cc(C(=O)NCC[NH+](CC)CC)c2ccccc2n1.[Cl-],,379.20265488,False,[]
6079,COc1ccc(OC)c(C(O)C(C)NC(C)C)c1.Cl,,289.144471308,False,[]
6080,COc1ccc(OC)c(C(O)C(C)NC(C)C)c1,,253.167793596,False,[]
6081,COc1ccc(OC)c(C(O)C(C)N)c1.Cl,,247.097521116,False,[]
6082,COc1ccc(OC)c(C(O)C(C)N)c1,,211.120843404,False,[]
6083,Nc1ncnc2c1ncn2[C@@H]1O[C@H](COP(=O)(O)O)[C@@H](O)[C@H]1O,,347.0630844179999,False,[]
6084,COc1ccc(Cc2nccc3cc(OC)c(OC)cc23)cc1OC.Cl,,375.12373586399997,False,[]
6085,CCCCN1CC2Cc3cc(OC)c(OC)cc3C2C1.Cl,,311.16520675199996,False,[]
6086,CCCCN1CC2Cc3cc(OC)c(OC)cc3C2C1,,275.18852904,False,[]
6087,COc1cccc(OC)c1C(=O)N[C@@H]1C(=O)N2[C@@H]1SC(C)(C)[C@@H]2C(=O)O,,380.1042073599999,False,[]
6088,CNCCc1c[nH]c2ccccc12,,174.115698448,False,[]
6089,CN(C)CCc1c[nH]c2ccccc12,,188.131348512,False,[]
6090,CCN(CC)CCc1c[nH]c2ccccc12,,216.16264864,False,[]
6091,CCCN(CCC)CCc1c[nH]c2ccccc12,,244.19394876799998,False,[]
6092,CCNCCc1c[nH]c2ccccc12,,188.131348512,False,[]
6093,O=C1NCCN1c1ncc([N+](=O)[O-])s1,,214.016061052,False,[]
6094,Cc1ncc(CO)c(C)c1O,,153.078978592,False,[]
6095,Nc1nc2nc(-c3ccccc3)nc(N)c2nc1C(=O)NCCN1CCOCC1,,394.186571944,False,[]
6098,Cc1onc(-c2ccccc2Cl)c1C(=O)N[C@@H]1C(=O)N2[C@@H]1SC(C)(C)[C@@H]2C(=O)O,,435.0655693559999,False,[]
6099,CN(C)c1ccc2nc3ccc(=[N+](C)C)cc-3sc2c1.[Cl-],,319.090996256,False,[]
6100,CC[N+](C)(C)Cc1ccccc1Br.Cc1ccc(S(=O)(=O)[O-])cc1,,413.0660267279999,False,[]
6101,Cc1ccc(S(=O)(=O)O)cc1,,172.019415116,False,[]
6102,CNCC(O)c1cccc(O)c1.Cl,,203.071306368,False,[]
6103,Nc1nc2cc(Cl)ccc2o1,,168.00904046,False,[]
6104,OC[C@H]1O[C@H]([S-])[C@H](O)[C@@H](O)[C@@H]1O.[Au+],,391.9992881520001,False,[]
6107,COC(=O)C1=CCCN(C)C1.Cl,,191.071306368,False,[]
6108,O=C(O)c1ccc([N+](=O)[O-])cc1,,167.02185764,False,[]
6109,O=C([O-])CN(CCN(CC(=O)[O-])CC(=O)[O-])CC(=O)[O-].[Ca+2].[Na+].[Na+],,374.001494884,False,[]
6110,COC([CH2][Hg+])CNC(N)=O.[Cl-],,368.021548272,False,[]
6111,COC([CH2][Hg+])CNC(N)=O,,333.05214701209,False,[]
6112,O=C(O)CCCC[C@@H]1CCSS1,,206.043521688,False,[]
6114,CC(=O)OC(C)C[N+](C)(C)C.[Cl-],,195.102606496,False,[]
6116,CC(=O)[O-].CC(=O)[O-].[Ca+2],,157.98919965200002,False,[]
6120,CC=C(C)C(=O)O[C@H]1CC[C@@]2(C)[C@@H]3CC[C@H]4[C@]5(O)C[C@H](O)[C@@]6(O)[C@@H](CN7C[C@@H](C)CC[C@H]7[C@@]6(C)O)[C@]5(O)C[C@@]42O[C@]13O,,591.340732148,False,[]
6126,COS(=O)(=O)[O-].C[N+]1(C)CCC(=C(c2ccccc2)c2ccccc2)CC1,,389.166079344,False,[]
6127,C[N+]1(C)CCC(=C(c2ccccc2)c2ccccc2)CC1,,278.19032618809,False,[]
6128,C[C@]12CCC(=O)C=C1CC[C@@H]1[C@@H]2CC[C@]2(C)C(=O)CC[C@@H]12,,286.193280072,False,[]
6129,CNC(=O)Oc1cccc2ccccc12,,201.078978592,False,[]
6130,O=C1O[C@@H]2[C@@H](O)[C@H](O)O[C@@H]2C1O,,176.032087976,False,[]
6131,Nc1ccn([C@@H]2O[C@H](COP(=O)(O)O)[C@@H](O)[C@H]2O)c(=O)n1,,323.051851038,False,[]
6132,Nc1ccn([C@@H]2O[C@H](COP(=O)(O)OP(=O)(O)O)[C@@H](O)[C@H]2O)c(=O)n1,,403.0181815599999,False,[]
6133,O=c1ccn([C@@H]2O[C@H](COP(=O)(O)OP(=O)(O)OP(=O)(O)O)[C@@H](O)[C@H]2O)c(=O)[nH]1,,483.96852766999984,False,[]
6134,OC[C@H]1O[C@@H](O[C@H]2[C@H](O)[C@@H](O)[C@H](O)O[C@@H]2CO)[C@H](O)[C@@H](O)[C@H]1O,,342.11621152399994,False,[]
6135,COc1cc(NC(C)CCCN)c2ncccc2c1.O=P(O)(O)O.O=P(O)(O)O,,455.12225270399983,False,[]
6136,COc1ccc(CN(CCN(C)C)c2ncccn2)cc1.Cl,,322.15603903600004,False,[]
6138,CCCCCCCCCCCCCCCC(=O)OCC(COP(=O)([O-])OCC[N+](C)(C)C)OC(=O)CCCCCCCCCCCCCCC,,733.5621551499999,False,[]
6139,CCCCCCCCCCCCCCCC(=O)OCC(COP(=O)(O)OCC[N+](C)(C)C)OC(=O)CCCCCCCCCCCCCCC,,734.5694316020899,False,[]
6140,N[C@@H](Cc1ccccc1)C(=O)O,,165.078978592,False,[]
6141,CC(COc1ccccc1)[NH+](CCCl)Cc1ccccc1.[Cl-],,339.115669716,False,[]
6142,Cc1cccc(NC(N)=O)c1,,150.07931294,False,[]
6143,CNC(=O)Oc1cccc(C(C)C)c1,,193.11027872,False,[]
6144,O=C([O-])CN(CCN(CC(=O)[O-])CC(=O)[O-])CC(=O)[O-].[Na+].[Na+].[Na+].[Na+],,380.01844246400003,False,[]
6148,CCC(=O)OC1(c2ccccc2)C[C@H](C)N(C)C[C@H]1C,,275.18852904,False,[]
6150,CNC(=O)Oc1ccc2c(c1)[C@]1(C)CC[NH+](C)[C@@H]1N2C.CNC(=O)Oc1ccc2c(c1)[C@]1(C)CC[NH+](C)[C@@H]1N2C.O=S(=O)([O-])[O-],,648.2941333680001,False,[]
6151,CCC(C)C(C)(COC(N)=O)COC(N)=O,,232.14230712,False,[]
6152,CC1CCCC2(CCN(CCCC(=O)c3ccc(F)cc3)CC2)C1,,331.2311428,False,[]
6153,O=C(CCCN1CCC2(CCCCCC2)CC1)c1ccc(F)cc1,,331.2311428,False,[]
6154,CC(C)(C)C1CCC2(CC1)CCN(CCCC(=O)c1ccc(F)cc1)CC2,,373.278092992,False,[]
6155,CC1CCC2(CC1)CC[NH+](CCCC(=O)c1ccc(F)cc1)CC2.[Cl-],,367.207820512,False,[]
6156,CC1CCC2(CC1)CCN(CCCC(=O)c1ccc(F)cc1)CC2,,331.2311428,False,[]
6157,Cl.O=C(CCCN1CCC2(CCCCC2)CC1)c1ccc(F)cc1,,353.192170448,False,[]
6158,O=C(CCCN1CCC2(CCCCC2)CC1)c1ccc(F)cc1,,317.215492736,False,[]
6159,CC1CCC2(CCN(CCCC(=O)c3ccc(F)cc3)CC2)C1,,317.215492736,False,[]
6160,O=C(CCCN1CCC2(CCCC2)C1)c1ccc(F)cc1,,289.184192608,False,[]
6161,O=C(CCCN1CCC2(CCCC2)CC1)c1ccc(F)cc1,,303.199842672,False,[]
6162,CCC1CC(C)C(=O)NC1=O,,155.094628656,False,[]
6163,CCOS(=O)(=O)OCC,,154.0299798,False,[]
6166,C[C@]12CC[C@H]3[C@@H](CCC4=CC(=O)CC[C@@]43C)[C@@H]1CC[C@@H]2C(=O)CO,,330.21949481999997,False,[]
6167,COc1cc2c(c(OC)c1OC)-c1ccc(OC)c(=O)cc1[C@@H](NC(C)=O)CC2,,399.16818752,False,[]
6168,CCn1cnc(C(=O)NC)c1C(=O)NC,,210.111675688,False,[]
6169,COC(=O)[C@@H]1[C@H]2C[C@H]3c4[nH]c5ccccc5c4CCN3C[C@@H]2CC[C@@H]1O.Cl,,390.171020404,False,[]
6171,Cc1ncc(CO)c(C=O)c1O.Cl,,203.03492086,False,[]
6173,CN1CCCC1c1cccnc1.CN1CCCC1c1cccnc1.O=S(=O)(O)O,,422.19877643999996,False,[]
6174,CN1CCCC1c1cccnc1.O=C(O)[C@H](O)[C@@H](O)C(=O)O.O=C(O)[C@H](O)[C@@H](O)C(=O)O,,462.1485742719998,False,[]
6175,Nc1ccn([C@@H]2O[C@H](CO)[C@@H](O)[C@H]2O)c(=O)n1,,243.085520516,False,[]
6176,Nc1ccn([C@@H]2O[C@H](COP(=O)(O)OP(=O)(O)OP(=O)(O)O)[C@@H](O)[C@H]2O)c(=O)n1,,482.9845120819998,False,[]
6177,CN(C)c1ccc2nc3cccc(N(C)C)c3cc2c1.Cl,,301.13457531999995,False,[]
6178,CN(C)c1ccc2nc3cccc(N(C)C)c3cc2c1,,265.157897608,False,[]
6180,CSCCC(NC(C)=O)C(=O)O,,191.061614276,False,[]
6181,NC(Cc1cc(I)c(O)c(I)c1)C(=O)O,,432.86718914799997,False,[]
6182,CC(CNN)c1ccccc1.Cl,,186.09237616,False,[]
6183,CC(CNN)c1ccccc1,,150.115698448,False,[]
6185,C[C@]12CC[C@H]3[C@@H](CC[C@]4(O)C[C@@H](O)CC[C@]34C=O)[C@@]1(O)CC[C@@H]2C1=CC(=O)OC1,,404.21988874399995,False,[]
6186,O=C1CC2OCC=C3C[NH+]4CC[C@]56c7ccccc7N1C5[C@H]2[C@H]3C[C@H]46.O=[N+]([O-])[O-],,397.16377083599997,False,[]
6187,CC[N+](CC)(CC)C1CC[C@@]2(C)C(CC[C@@H]3C2CC[C@@]2(C)C3CCC2[N+](CC)(CC)CC)C1.[I-].[I-],,714.28459592,False,[]
6188,CC[N+](CC)(CC)C1CC[C@@]2(C)C(CC[C@@H]3C2CC[C@@]2(C)C3CCC2[N+](CC)(CC)CC)C1,,460.47455276018,False,[]
6189,CC[N+](C)(CC)[C@@H]1CC[C@@]2(C)C(CC[C@@H]3C2CC[C@@]2(C)C3CC[C@H]2[N+](C)(CC)CC)C1.[I-].[I-],,686.253295792,False,[]
6190,CC[N+](C)(CC)[C@@H]1CC[C@@]2(C)C(CC[C@@H]3C2CC[C@@]2(C)C3CC[C@H]2[N+](C)(CC)CC)C1,,432.44325263218,False,[]
6191,O=[N+]([O-])c1cccc(O)c1[N+](=O)[O-],,184.012021228,False,[]
6192,C[C@]12CCC3[C@@H](CC[C@H]4C[C@H]([N+](C)(C)C)CC[C@]34C)C1CC[C@H]2[N+](C)(C)C.[I-].[I-],,630.190695536,False,[]
6193,C[C@]12CCC3[C@@H](CC[C@H]4C[C@H]([N+](C)(C)C)CC[C@]34C)C1CC[C@H]2[N+](C)(C)C,,376.38065237618,False,[]
6194,O=c1[nH]cc(N(CCCl)CCCl)c(=O)[nH]1,,251.022831952,False,[]
6195,O=Cc1cccc2ccccc12,,156.057514876,False,[]
6196,Cc1onc(-c2ccccc2)c1C(=O)N[C@@H]1C(=O)N2[C@@H]1SC(C)(C)[C@@H]2C(=O)O,,401.104541708,False,[]
6197,C[C@@H]1C[C@@H]([C@H](O)CC2CC(=O)NC(=O)C2)C(=O)[C@@H](C)C1,,281.162708216,False,[]
6198,COc1ccc2[nH]cc(CCN)c2c1.Cl,,226.08729078,False,[]
6199,O=c1ccc2cc3ccoc3cc2o1,,186.031694052,False,[]
6200,O=Cc1ccc(-c2ccc(C=O)cc2)cc1,,210.06807956,False,[]
6201,O=Cc1ccc2ccccc2c1,,156.057514876,False,[]
6202,Cc1ncc(C[n+]2csc(CCO)c2C)c(N)n1.Cl.[Cl-],,336.057837556,False,[]
6203,Cc1ccccc1OCC[N+](C)(C)C.[Br-],,273.07282636,False,[]
6204,Cc1ccccc1OCC[N+](C)(C)C,,194.15394068009,False,[]
6205,CCSCCC(N)C(=O)O,,163.066699656,False,[]
6206,CC(=O)NN=Cc1ccc([N+](=O)[O-])o1,,197.043655704,False,[]
6207,O=C(O)CN(CCOCCOCCN(CC(=O)O)CC(=O)O)CC(=O)O,,380.1430949679999,False,[]
6214,ClC(Cl)(Cl)C(Cl)(Cl)Cl,,233.81311608,False,[]
6215,CC1(C)O[C@@H]2C[C@H]3[C@@H]4C[C@H](F)C5=CC(=O)C=C[C@]5(C)[C@@]4(F)[C@@H](O)C[C@]3(C)[C@]2(C(=O)CO)O1,,452.2010451199999,False,[]
6216,CC(=O)OCC(=O)[C@@]1(O)[C@H](OC(C)=O)C[C@H]2[C@@H]3CCC4=CC(=O)C=C[C@]4(C)[C@@]3(F)[C@@H](O)C[C@@]21C,,478.200296172,False,[]
6217,C[C@]12CCC(OC3CCCC3)=CC1=CCC1C2CC[C@@]2(C)C1CC[C@]2(C)O,,370.287180456,False,[]
6218,CCN(CC)CCC(=O)OC1(C2CCCCC2)CCCCC1.Cl,,345.243457072,False,[]
6219,CCN(CC)CCC(=O)OC1(C2CCCCC2)CCCCC1,,309.26677936000004,False,[]
6220,CC(=O)C1CCC2C3CC=C4C=C(OC5CCCC5)CCC4(C)C3CCC12C,,382.287180456,False,[]
6221,C=C1CC[C@H](O)CC1=CC=C1CCC[C@]2(C)[C@@H]([C@H](C)CCCC(C)C)CC[C@@H]12,,384.339216028,False,[]
6222,CCN(CC)CCOc1ccc(C(O)(Cc2ccc(OC)cc2)c2ccccc2)cc1,,419.246043916,False,[]
6223,CN1C(=O)[C@]23CC4=CC=C[C@H](O)[C@H]4N2C(=O)[C@@]1(CO)SS3,,326.039498928,False,[]
6224,O=C([O-])CC(O)(CC(=O)[O-])C(=O)[O-].[Na+].[Na+].[Na+],,257.97283534,False,[]
6225,CC[N+](CC)(CC)CC.[I-],,257.06404764,False,[]
6230,C#C[C@]1(O)CC[C@H]2[C@@H]3CCC4=CC(=O)CC[C@@H]4[C@H]3CC[C@@]21C,,298.193280072,False,[]
6231,C#C[C@]1(O)CC[C@H]2[C@@H]3CCC4=C(CCC(=O)C4)[C@H]3CC[C@@]21C,,298.193280072,False,[]
6232,Cc1ccc(S(=O)(O)=Nc2ccccc2)cc1,,247.066699656,False,[]
6233,ClC(Cl)(Cl)c1ccc(C(Cl)(Cl)Cl)cc1,,309.844416208,False,[]
6235,O=C1C=C(N2CC2)C(=O)C(N2CC2)=C1N1CC1,,231.100776656,False,[]
6237,CCc1oc2ccccc2c1C(=O)c1cc(I)c(O)c(I)c1,,517.887590244,False,[]
6238,CC(=O)[C@@]1(O)CC[C@H]2[C@@H]3CCC4=CC(=O)CC[C@]4(C)[C@H]3CC[C@@]21C,,330.21949481999997,False,[]
6239,CCN(CC)CCCC(C)Nc1c2ccc(Cl)cc2nc2ccc(OC)cc12.Cl.Cl,,471.161095684,False,[]
6240,CN(C)CCCN1c2ccccc2Sc2ccc(Cl)cc21.Cl,,354.072425,False,[]
6241,Cn1c(=O)c2c(ncn2C)n(C)c1=O.O=C(O)CC(O)(CC(=O)O)C(=O)O,,386.10737815599987,False,[]
6243,C[N+](C)(C)CC[N+]1(C)Cc2c(Cl)c(Cl)c(Cl)c(Cl)c2C1.[Cl-].[Cl-],,425.97576472,False,[]
6244,C[N+](C)(C)CC[N+]1(C)Cc2c(Cl)c(Cl)c(Cl)c(Cl)c2C1,,356.03696220017997,False,[]
6245,Nc1ncnc2c1ccn2[C@@H]1O[C@H](CO)[C@@H](O)[C@H]1O,,266.101504928,False,[]
6246,CCN(CC)Cc1cc(Nc2ccnc3cc(Cl)ccc23)ccc1O.Cl.Cl,,427.0984954279999,False,[]
6247,CC(=O)Oc1ccccc1C(=O)[O-].CC(=O)Oc1ccccc1C(=O)[O-].[Ca+2],,398.031458388,False,[]
6249,CC1(C)S[C@@H]2[C@H](NC(=O)[C@H](N)c3ccccc3)C(=O)N2[C@H]1C(=O)O,,349.10962708799997,False,[]
6251,OC[C@@H](O)[C@@H](O)[C@H](O)[C@H](O)CO,,182.079038168,False,[]
6252,Cl.Nc1ccn([C@@H]2O[C@H](CO)[C@@H](O)[C@@H]2O)c(=O)n1,,279.062198228,False,[]
6253,Nc1ccn([C@@H]2O[C@H](CO)[C@@H](O)[C@@H]2O)c(=O)n1,,243.085520516,False,[]
6254,O=C(O)c1cc(SSc2ccc([N+](=O)[O-])c(C(=O)O)c2)ccc1[N+](=O)[O-],,395.97220721599996,False,[]
6255,OC[C@H]1O[C@H](O[C@H]2[C@H](O)[C@@H](O)[C@H](O)O[C@@H]2CO)[C@H](O)[C@@H](O)[C@@H]1O,,342.11621152399994,False,[]
6256,O=c1[nH]c(=O)n([C@H]2C[C@H](O)[C@@H](CO)O2)cc1C(F)(F)F,,296.062006112,False,[]
6257,COc1ccccc1OCC1CNC(=O)O1,,223.084457896,False,[]
6258,O=c1[nH]sc2cc(Cl)ccc12,,184.970212428,False,[]
6259,O=C(CBr)c1ccccc1,,197.968026944,False,[]
6260,O=C(OCC1CCCO1)c1cccnc1,,207.089543276,False,[]
6264,O=[N+]([O-])c1ccc(F)c([N+](=O)[O-])c1,,186.007684796,False,[]
6265,CC(C)=CC1C(C(=O)OCc2ccc(C)cc2C)C1(C)C,,286.193280072,False,[]
6266,CC(C)=CC1C(C(=O)OCc2cc3c(cc2Cl)OCO3)C1(C)C,,336.112836832,False,[]
6269,Cc1ccc(S(N)(=O)=O)cc1,,171.035399528,False,[]
6271,CCC(=O)c1ccc(O)cc1,,150.06807956,False,[]
6272,NC(Cc1ccc(O)c(I)c1)C(=O)O,,306.97054117999994,False,[]
6273,O=CC(=O)c1ccc(Oc2ccccc2)cc1,,226.06299418,False,[]
6274,N[C@@H](Cc1cnc[nH]1)C(=O)O,,155.069476528,False,[]
6277,CC(=O)[O-].CC(=O)[O-].[Co+2],,176.95980367200002,False,[]
6279,CC(=O)O[C@]1(C(C)=O)CC[C@H]2[C@@H]3C[C@H](C)C4=CC(=O)CC[C@]4(C)[C@H]3CC[C@@]21C,,386.245709568,False,[]
6280,COc1ccc(C(=O)O[C@H]2CC[C@@]3(C)[C@@H]4CC[C@H]5[C@]6(O)C[C@H](O)[C@@]7(O)[C@@H](CN8C[C@@H](C)CC[C@H]8[C@@]7(C)O)[C@]6(O)C[C@@]53O[C@]24O)cc1OC,,673.346211452,False,[]
6281,C[C@H]1O[C@@H](O[C@H]2[C@@H](O)C[C@H](O[C@H]3[C@@H](O)C[C@H](O[C@H]4CC[C@@]5(C)[C@H](CC[C@@H]6[C@@H]5CC[C@]5(C)[C@H](C7=CC(=O)OC7)CC[C@]65O)C4)O[C@@H]3C)O[C@@H]2C)C[C@H](O)[C@@H]1O,,764.4346921080001,False,[]
6284,CC(C)[N+](C)(CCC(C(N)=O)(c1ccccc1)c1ccccc1)C(C)C.[I-],,480.16376167600004,False,[]
6285,CC[N+](CC)(CC)CC.[Br-],,209.07791174,False,[]
6289,ClC1=C(Cl)[C@@]2(Cl)C3C4CC(C5OC45)C3[C@@]1(Cl)C2(Cl)Cl,,377.870630956,False,[]
6290,CC12CCC(=O)C=C1CCC1C2C(=O)CC2(C)C(C(=O)CO)CCC12,,344.19875937599994,False,[]
6291,C#C[C@]1(O)CC[C@H]2[C@@H]3CCc4cc(OC)ccc4[C@H]3CC[C@@]21C,,310.193280072,False,[]
6292,Cc1ccccc1-n1c(C)nc2ccccc2c1=O,,250.110613068,False,[]
6293,O=C1c2ccccc2C(=O)c2c1ccc(O)c2O,,240.042258736,False,[]
6294,Clc1ccc(C(c2ccc(Cl)cc2)C(Cl)Cl)cc1,,317.95366104,False,[]
6295,CCc1ccc(C(c2ccc(CC)cc2)C(Cl)Cl)cc1,,306.094206,False,[]
6298,CC[N+](C)(C)[C@@H]1CC[C@]2(C)C3CC[C@@]4(C)C(CC[C@H]4[N+](C)(C)CC)[C@@H]3CC[C@H]2C1.[I-].[I-],,658.2219956639999,False,[]
6299,CC[N+](C)(C)[C@@H]1CC[C@]2(C)C3CC[C@@]4(C)C(CC[C@H]4[N+](C)(C)CC)[C@@H]3CC[C@H]2C1,,404.41195250417996,False,[]
6300,C[C@]12C=CC(=O)C=C1CC[C@@H]1[C@@H]2CC[C@@]2(C)[C@H]1CC[C@]2(C)O,,300.208930136,False,[]
6301,Cc1ccc2c(Cl)cc(Cl)c(O)c2n1,,226.990469204,False,[]
6303,Nc1ncnc2c1ncn2[C@@H]1O[C@H](CO)C[C@H]1O,,251.101839276,False,[]
6304,CCOC(=O)C=C1SC(N2CCCCC2)C(=O)N1C,,284.1194635,False,[]
6305,N[C@@H](Cc1c[nH]c2ccccc12)C(=O)O,,204.089877624,False,[]
6307,CCC1NC(=O)c2cc(S(N)(=O)=O)c(Cl)cc2N1,,289.028789924,False,[]
6308,C[N+](C)(CCO)C(=O)Cc1ccc(-c2ccc(CC(=O)[N+](C)(C)CCO)cc2)cc1.[Br-].[Br-],,572.0885317679999,False,[]
6309,C[N+](C)(CCO)C(=O)Cc1ccc(-c2ccc(CC(=O)[N+](C)(C)CCO)cc2)cc1,,414.25076040818,False,[]
6310,Cl.Cl.O=C(Nc1ccc(C2=NCCCN2)cc1)c1ccc(C(=O)Nc2ccc(C3=NCCCN3)cc2)cc1,,552.18072956,False,[]
6311,O=C(Nc1ccc(C2=NCCCN2)cc1)c1ccc(C(=O)Nc2ccc(C3=NCCCN3)cc2)cc1,,480.22737413600004,False,[]
6312,C/N=C(\NC)NCc1ccccc1Cl.C/N=C(\NC)NCc1ccccc1Cl.O=S(=O)(O)O,,520.1426297999999,False,[]
6313,C/N=C(\NC)NCc1ccccc1Cl,,211.08762512799998,False,[]
6314,CCN(CC)CC(=O)Nc1c(C)cccc1C.Cl,,270.149891036,False,[]
6315,C=C(OP(=O)([O-])O)C(=O)O,,166.97509805791003,False,[]
6316,CC(C)NCC(O)c1ccc([N+](=O)[O-])cc1.Cl,,260.092770084,False,[]
6317,CC(C)NCC(O)c1ccc([N+](=O)[O-])cc1,,224.116092372,False,[]
6318,O=C(O)c1ccc(Cl)cc1,,155.99780708,False,[]
6319,c1ccc(Nc2ccc(Nc3ccccc3)cc2)cc1,,260.131348512,False,[]
6320,O=[N+]([O-])c1ccc(/N=N/c2ccc(O)cc2O)cc1,,259.059305768,False,[]
6321,O=S(=O)(O)CC(S)CS,,187.963557116,False,[]
6322,NC(N)=NCCC[C@H](N)C(=O)O,,174.111675688,False,[]
6336,CCCCC(C#N)(Cn1cncn1)c1ccc(Cl)cc1,,288.114174224,False,[]
6340,CCI,,155.94359816,False,[]
6346,ICI,,267.824596064,False,[]
6359,ClC(Cl)Br,,161.863867492,False,[]
6362,CC(C)I,,169.959248224,False,[]
6374,IC(I)I,,393.721244032,False,[]
6381,C[N+](C)(C)C.[I-],,201.001447384,False,[]
6382,FC(F)(Br)Br,,207.83348064,False,[]
6383,ClC(Cl)(Cl)Br,,195.82489514,False,[]
6394,[CH3][Pb]([CH3])([CH3])[CH3],,268.070552484,False,[]
6400,OCC(Br)(Br)Br,,279.77340101600004,False,[]
6401,ClC(Cl)(Br)CBr,,253.790029624,False,[]
6402,FC(F)(Br)CBr,,221.849130704,False,[]
6413,C=C[Si](Cl)(Cl)Cl,,159.906959666,False,[]
6414,O=C([O-])C(Br)(Br)Br,,292.74538911991,False,[]
6415,O=C(O)C(Br)(Br)Br,,293.75266557200007,False,[]
6419,ClC(Cl)C(Cl)(Cl)Cl,,199.852088432,False,[]
6420,O=C(Cl)C(Cl)(Cl)Cl,,179.87032534,False,[]
6421,O=C(O)C(Cl)(Cl)Cl,,161.904212312,False,[]
6423,O=[N+]([O-])C(Cl)(Cl)Cl,,162.89946128,False,[]
6424,CC(C)(O)C(Br)(Br)Br,,307.80470114400003,False,[]
6426,FC(F)(Cl)C(Cl)(Cl)Cl,,201.87221716,False,[]
6427,FC(Cl)(Cl)C(F)(Cl)Cl,,201.87221716,False,[]
6428,FC(F)(Cl)C(F)(Cl)Cl,,185.9017677,False,[]
6429,FC(F)(Cl)C(F)(F)Cl,,169.93131824,False,[]
6430,FC(F)(F)C(F)(F)Cl,,153.96086878,False,[]
6432,FC(F)(F)C(F)(F)C(F)(F)F,,187.98722576,False,[]
6433,CCC(C)(S(=O)(=O)CC)S(=O)(=O)CC,,242.064651056,False,[]
6434,O=C(O)C(F)(F)C(F)(F)C(F)(F)C(F)(F)C(F)(F)C(F)(F)C(F)(F)C(F)F,,445.979930824,False,[]
6435,O=C1NC(=O)C(O)(C2(O)C(=O)NC(=O)NC2=O)C(=O)N1,,286.018563152,False,[]
6436,CC1(C)O[C@@H]2C[C@H]3[C@@H]4CCC5=CC(=O)C=C[C@]5(C)[C@@]4(F)[C@@H](O)C[C@]3(C)[C@]2(C(=O)CO)O1,,434.2104669319999,False,[]
6437,C[C@]12CC[C@H](O)C[C@H]1CC[C@@H]1[C@@H]2[C@H](O)C[C@]2(C)[C@@H](C3=CC(=O)OC3)CC[C@]12O,,390.2406241879999,False,[]
6438,CC12CCC(C(Br)C1=O)C2(C)C,,230.0306272,False,[]
6439,O=C(O)C(O)(O)C(O)(O)C(=O)O,,182.006267152,False,[]
6443,CC(Cl)C(Cl)(Cl)C(O)O,,191.951162504,False,[]
6445,COc1ccc2c3c1O[C@H]1C(=O)CC[C@@]4(O)[C@H](C2)N(C)CC[C@]314,,315.147058152,False,[]
6446,C[C@]1(O)CC[C@H]2[C@@H]3CCC4=CC(=O)CC[C@]4(C)[C@@]3(F)[C@@H](O)C[C@@]21C,,336.210073008,False,[]
6447,C[C@H]1CC[C@@H]2N(CC3C([C@@H](O)[C@H](O)[C@]4(O)C3C[C@@]35O[C@@]6(O)C(C(O)C(O)C43)[C@]5(C)CC[C@@H]6O)C2(C)O)C1,,525.2937819559999,False,[]
6448,CC(=O)OC1CC2CCC1(C)C2(C)C,,196.14632988,False,[]
6449,CCOc1ccc2c3c1O[C@H]1[C@@H](O)C=C[C@H]4[C@H](C2)N(C)CC[C@@]341,,313.167793596,False,[]
6450,Cc1c(C2(c3cc(C(C)C)c(O)c(Br)c3C)OS(=O)(=O)c3ccccc32)cc(C(C)C)c(O)c1Br,,622.0024191959999,False,[]
6451,Cc1c(C2(c3cc(Br)c(O)c(Br)c3C)OS(=O)(=O)c3ccccc32)cc(Br)c(O)c1Br,,693.729542948,False,[]
6452,C=C[CH2][Sn]([c]1ccccc1)([c]1ccccc1)[c]1ccccc1,,392.05869534,False,[]
6453,CCN(CC)CCC1(c2ccccc2)C(=O)Oc2ccccc21,,309.17287897600005,False,[]
6454,C=CCC1(C2C=CCC2)C(=O)NC(=O)NC1=O,,234.100442308,False,[]
6455,CCC1(C(C)C)C(=O)NC(=O)NC1=O,,198.100442308,False,[]
6456,ClC(c1ccccc1)(c1ccccc1)c1ccccc1,,278.08622816,False,[]
6457,OC(c1ccccc1)(c1ccccc1)c1ccccc1,,260.120115132,False,[]
6458,Cl[Si](c1ccccc1)(c1ccccc1)c1ccccc1,,294.06315469000003,False,[]
6460,c1cc[c]([SnH]([c]2ccccc2)[c]2ccccc2)cc1,,352.027395212,False,[]
6461,C[N+]1(C)CCCC(OC(=O)C(O)(c2ccccc2)c2ccccc2)C1.[Br-],,419.109605792,False,[]
6462,CCCCOc1ccc(C(=O)OCCCN(CC)CC)cc1,,307.214743788,False,[]
6463,O=C(O)C(O)(c1ccccc1)c1ccccc1,,228.07864424399997,False,[]
6464,C=CCC1(C(C)C)C(=O)NC(=O)NC1=O,,210.100442308,False,[]
6465,CCC1(CC)C(=O)CCNC1=O,,169.11027872,False,[]
6466,C=C1C[C@]23C[C@@]1(O)CC[C@H]2[C@@]12C=C[C@H](O)[C@@](C)(C(=O)O1)[C@H]2[C@@H]3C(=O)O,,346.14163842399995,False,[]
6467,CN1CC[C@]23CCCC[C@H]2[C@@H]1Cc1ccc(O)cc13,,257.177964356,False,[]
6468,c1ccc(C2(N3CCCCC3)CCCCC2)cc1,,243.19869979999999,False,[]
6469,CCOC(=O)C1(c2ccccc2)CCCN(C)CC1,,261.172878976,False,[]
6470,CCOC(=O)C1CCN(c2ccccc2)CC1,,233.141578848,False,[]
6471,CCC(=O)OC1(c2ccccc2)CCN(C)CC1C,,261.172878976,False,[]
6472,CCN(CC)CCOC(=O)C1(c2ccccc2)CCCC1,,289.20417910400005,False,[]
6473,CCCCC1(CC)C(=O)NC(=O)NC1=O,,212.116092372,False,[]
6475,CN(C)CCOC(C)(c1ccccc1)c1ccc(Cl)cc1,,303.138992004,False,[]
6476,CN1C(=O)CC(C)(c2ccccc2)C1=O,,203.094628656,False,[]
6477,CC(=O)Nc1ccc(S(=O)(=O)c2ccc(NC(C)=O)cc2)cc1,,332.08307799199997,False,[]
6478,ClC1=C(Cl)C(Cl)(Cl)C(Cl)=C1Cl,,269.81311608,False,[]
6479,CC1(C)C(=O)N(Br)C(=O)N1Br,,283.879601632,False,[]
6481,CC(CC(C#N)(c1ccccc1)C(C)C)N(C)C,,244.19394876799998,False,[]
6482,CC(=O)OC1(C)CCC23CC1C(C)(C)[C@@H]2CC[C@H]3C,,264.208930136,False,[]
6483,CCCCCCCCCCCC(=O)O.CCCCCCCCCCCC(=O)O.CCC[CH2][Sn][CH2]CCC,,634.398305292,False,[]
6484,CCC[CH2][Sn][CH2]CCC,,234.043045276,False,[]
6485,Cc1cc(C)c(O)c(C2(C)CCCCC2)c1,,218.167065324,False,[]
6486,Cc1cc(Cc2cc(C)cc(C3(C)CCCCC3)c2O)c(O)c(C2(C)CCCCC2)c1,,420.30283052,False,[]
6487,C[Si]1(c2ccccc2)O[Si](C)(c2ccccc2)O[Si](C)(c2ccccc2)O[Si](C)(c2ccccc2)O1,,544.1377656239999,False,[]
6488,CCC(Br)(CC)C(=O)NC(N)=O,,236.016039756,False,[]
6489,CCC(Br)(CC)C(=O)NC(=O)NC(C)=O,,278.02660444,False,[]
6490,CC(C)C(=O)OCC(C)(C)C(O)C(C)C,,216.172544628,False,[]
6500,CCOP(=O)(C#N)N(C)C,,162.055814222,False,[]
6501,CCOC(=O)C1OC1(C)c1ccccc1,,206.094294308,False,[]
6504,CCOC(=O)CC(CC(=O)OCC)(OC(C)=O)C(=O)OCC,,318.131467664,False,[]
6505,CCCCOC(=O)CC(CC(=O)OCCCC)(OC(C)=O)C(=O)OCCCC,,402.22536804799995,False,[]
6506,CCOC(=O)CC(O)(CC(=O)OCC)C(=O)OCC,,276.12090298000004,False,[]
6507,CCCCOC(=O)CC(O)(CC(=O)OCCCC)C(=O)OCCCC,,360.214803364,False,[]
6508,O=C(O)C1(O)C[C@@H](O)C(O)[C@H](O)C1,,192.06338810399998,False,[]
6511,C[CH2][Pb]([CH2]C)([CH2]C)[CH2]C,,324.13315274,False,[]
6513,CCC[CH2][SnH2][CH2]CCC,,236.05869533999999,False,[]
6515,CCO[Si](CC)(OCC)OCC,,192.11817103,False,[]
6516,C=C[Si](OCC)(OCC)OCC,,190.10252096600001,False,[]
6517,CCO[Si](OCC)(OCC)OCC,,208.11308565,False,[]
6518,O=[N+]([O-])OCC(CO[N+](=O)[O-])(CO[N+](=O)[O-])CO[N+](=O)[O-],,316.01387169599997,False,[]
6519,OC(OCC(COC(O)C(Cl)(Cl)Cl)(COC(O)C(Cl)(Cl)Cl)COC(O)C(Cl)(Cl)Cl)C(Cl)(Cl)Cl,,719.7107496320002,False,[]
6520,CCC(CC)CO[Si](OCC(CC)CC)(OCC(CC)CC)OCC(CC)CC,,432.36348667399994,False,[]
6521,OOC1(OOC2(O)CCCCC2)CCCCC1,,246.14672380399998,False,[]
6523,CC[N+](CC)(CC)CCOC(=O)CC[N+](CC)(CC)CC.[Br-].[Br-],,460.130002656,False,[]
6524,CC[N+](CC)(CC)CCOC(=O)CC[N+](CC)(CC)CC,,302.29223129618,False,[]
6527,Cc1ccccc1OP(=O)(Oc1ccccc1C)Oc1ccccc1C,,368.117745782,False,[]
6528,Cc1ccc(OP(=O)(Oc2ccccc2)Oc2ccccc2)cc1,,340.08644565400004,False,[]
6529,Cc1ccc(OP(=O)(Oc2ccc(C)cc2)Oc2ccc(C)cc2)cc1,,368.11774578200004,False,[]
6530,CC(C)(C)c1ccc(OP(=O)(Oc2ccc(C(C)(C)C)cc2)Oc2ccc(C(C)(C)C)cc2)cc1,,494.258596358,False,[]
6531,CCOP(=S)(OCC)SC1OCCOC1SP(=S)(OCC)OCC,,456.008745812,False,[]
6532,C=CC(C)(CCC=C(C)C)OC(=O)C(C)C,,224.177630008,False,[]
6533,C=CC(C)(CCC=C(C)C)OC(=O)C=Cc1ccccc1,,284.177630008,False,[]
6534,CCOP(=O)(CC)OCC,,166.07588097,False,[]
6535,CCOP(=O)(OCC)OCC,,182.07079559,False,[]
6536,CCN(CC)CCOc1ccc(C(O)(Cc2ccc(Cl)cc2)c2ccc(C)cc2)cc1,,437.21215694399996,False,[]
6537,CCCCC(CC)COP(=O)(OCC(CC)CCCC)OCC(CC)CCCC,,434.35249674199997,False,[]
6538,O=P(OCC(Cl)CCl)(OCC(Cl)CCl)OCC(Cl)CCl,,427.88391167,False,[]
6539,CCCCOP(=O)(CCCC)OCCCC,,250.169781354,False,[]
6540,CCCCOCCOP(=O)(OCCOCCCC)OCCOCCCC,,398.243340218,False,[]
6541,CCOP(=S)(OCC)SCSC(C)C,,274.028479478,False,[]
6542,CCOP(=O)(OCC)SCCN(CC)CC,,269.12145125800004,False,[]
6543,COP(=S)(OC)SCc1nc(N)nc(N)n1,,281.01700325400003,False,[]
6545,CC(C)(C)OOC(C)(C)CCC(C)(C)OOC(C)(C)C,,290.245709568,False,[]
6546,CCC(C)(O)C#CC(C)(O)CC,,170.130679816,False,[]
6547,CC(C)(C#N)/N=N/C(C)(C)C#N,,164.106196384,False,[]
6548,CCC(C)(O)CCCC(C)C,,158.167065324,False,[]
6549,C=CC(C)(O)CCC=C(C)C,,154.135765196,False,[]
6550,ClCC1(CCl)COC1,,153.995220236,False,[]
6552,C[N+](C)(C)CCO.O=C([O-])O,,165.10010796,False,[]
6553,CC(Br)CBr,,199.883624392,False,[]
6588,BrC(Br)C(Br)Br,,341.688998464,False,[]
6591,ClC(Cl)C(Cl)Cl,,165.891060784,False,[]
6600,FC(F)=C(F)C(F)(F)Cl,,165.96086878,False,[]
6601,O=C(C(F)(F)F)C(F)(F)Cl,,181.9557834,False,[]
6602,CC(C)C1=CC[C@H]2C(=C1)CCC1[C@](C)(C(=O)O)CCC[C@@]12C,,302.2245802,False,[]
6603,CN1C(C)(C)CCCC1(C)C,,155.167399672,False,[]
6605,CC(=O)OCC(=O)[C@@]1(O)CCC2C3CCC4=CC(=O)C=CC4(C)[C@@]3(Cl)C(Cl)CC21C,,454.131379356,False,[]
6606,CC(C)=CCCC(C)[C@H]1CC[C@@]2(C)C3=C(CC[C@]12C)[C@@]1(C)CC[C@H](O)C(C)(C)[C@@H]1CC3,,426.38616621999995,False,[]
6607,CC#C[C@]1(O)CC[C@H]2[C@@H]3C[C@H](C)C4=CC(=O)CC[C@]4(C)[C@H]3CC[C@@]21C,,340.240230264,False,[]
6608,C=C1CC[C@@H](C)C(C)(C)[C@H]1C=CC(C)=O,,206.167065324,False,[]
6609,CC(=O)C=CC1C(C)=CCC(C)C1(C)C,,206.167065324,False,[]
6610,CCC(C)(C)c1cc(O)c(C(C)(C)CC)cc1O,,250.193280072,False,[]
6612,C=CCCC(=O)C=CC1C(C)=CCCC1(C)C,,232.182715388,False,[]
6613,CC(C)(CO)[C@@H](O)C(=O)NCCC(=O)O,,219.110672644,False,[]
6614,CC1CCCC(C)(C)C1CCC(C)[N+](C)(C)CCCCCC[N+](C)(C)C(C)CCC1C(C)CCCC1(C)C.[Cl-].[Cl-],,604.5229057280001,False,[]
6615,CC1CCCC(C)(C)C1CCC(C)[N+](C)(C)CCCCCC[N+](C)(C)C(C)CCC1C(C)CCCC1(C)C,,534.5841032081801,False,[]
6617,CC(C)(O)C(C)(O)c1ccc(Cl)cc1,,214.0760574,False,[]
6618,CC(C)(c1cc(Br)c(O)c(Br)c1)c1cc(Br)c(O)c(Br)c1,,539.757078024,False,[]
6619,CC(C)(c1cc(Cl)c(O)c(Cl)c1)c1cc(Cl)c(O)c(Cl)c1,,363.95914034399993,False,[]
6620,Cc1cc(C(C)(C)c2ccc(O)c(C)c2)ccc1O,,256.14632988,False,[]
6621,O=S(=O)(c1ccccc1)c1ccc(Cl)cc1,,252.001178208,False,[]
6622,Nc1ccc(S(=O)(=O)c2ccc(NCCO)cc2)cc1,,292.088163372,False,[]
6623,CC(C)(c1ccc(O)cc1)c1ccc(O)cc1,,228.115029752,False,[]
6624,CC(O)(c1ccc(Cl)cc1)c1ccc(Cl)cc1,,266.026520364,False,[]
6625,O=S(=O)(c1ccc(Cl)cc1)c1ccc(Cl)cc1,,285.96220585599997,False,[]
6626,O=S(=O)(c1ccc(O)cc1)c1ccc(O)cc1,,250.0299798,False,[]
6627,Cl[Si](Cl)(c1ccccc1)c1ccccc1,,251.99288221,False,[]
6628,Cc1ccc(S(=O)(=O)N(C)N=O)cc1,,214.04121318,False,[]
6629,CC(C)(OO)c1ccccc1,,152.083729624,False,[]
6630,COS(=O)(=O)c1ccccc1,,172.019415116,False,[]
6631,CC(=O)OC(C)(C)C1CCC(C)CC1,,198.161979944,False,[]
6632,CC(=O)OC1(C(C)C)C=CC(C)CC1,,196.14632988,False,[]
6633,Cc1ccc(S(=O)(=O)NC2CCCCC2)cc1,,253.113649848,False,[]
6634,Nc1ccc(S(=O)(=O)Nc2ccc(Cl)nn2)cc1,,284.01347420800005,False,[]
6635,O=S(=O)(Oc1ccc(Cl)cc1)c1ccc(Cl)cc1,,301.957120476,False,[]
6636,O=S(=O)(Oc1ccc(Cl)cc1)c1ccccc1,,267.99609282800003,False,[]
6637,CCNS(=O)(=O)c1ccc(C)cc1,,199.066699656,False,[]
6638,CCOS(=O)(=O)c1ccc(C)cc1,,200.050715244,False,[]
6639,Cc1ccc(S(=O)(=O)OCCCl)cc1,,234.011742892,False,[]
6640,CC(C)c1ccc(S(=O)(=O)O)cc1,,200.050715244,False,[]
6641,CC(C)(OOC(C)(C)c1ccccc1)c1ccccc1,,270.161979944,False,[]
6642,CCCCOS(=O)(=O)c1ccccc1,,214.066365308,False,[]
6643,CCC(C)(C)c1ccc(O)cc1,,164.120115132,False,[]
6644,CC1CCC(C(C)(C)OO)CC1,,172.14632988,False,[]
6645,COS(=O)(=O)c1ccc(C)cc1,,186.03506518,False,[]
6646,C[N+]1(C)C2CCC1CC(OC(=O)C(O)c1ccccc1)C2.[Br-],,369.093955728,False,[]
6647,CCCC(CCC)C(=O)OC1C[C@H]2CC[C@H](C1)[N+]2(C)C.[Br-],,361.161641364,False,[]
6648,CCCC(CCC)C(=O)OC1C[C@H]2CC[C@H](C1)[N+]2(C)C,,282.24275568409,False,[]
6649,NNS(=O)(=O)c1ccc(Oc2ccc(S(=O)(=O)NN)cc2)cc1,,358.040561548,False,[]
6650,CC1(N)CCC(C(C)(C)N)CC1,,170.17829870399999,False,[]
6651,CC1(O)CCC(C(C)(C)O)CC1,,172.14632988,False,[]
6652,CC(CC=O)c1ccc(C(C)(C)C)cc1,,204.15141526,False,[]
6655,CCC(Br)C(=O)O,,165.962941564,False,[]
6662,CC(=O)N(c1onc(C)c1C)S(=O)(=O)c1ccc(N)cc1,,309.07832696,False,[]
6663,CCc1ccc2c(c1)C(C)(C)CCC2(C)C,,216.187800768,False,[]
6664,O=[N+]([O-])c1ccccc1S(=O)(=O)O,,202.98884326,False,[]
6665,CC(C)CCC[C@@H](C)[C@H]1CC[C@H]2[C@@H]3CC[C@H]4C[C@@H](O)CC[C@]4(C)[C@H]3CC[C@]12C,,388.370516156,False,[]
6666,O=S(=O)(O)c1cccc2c(S(=O)(=O)O)cccc12,,287.976229976,False,[]
6667,Nc1c(S(=O)(=O)O)ccc2ccccc12,,223.030314148,False,[]
6668,Nc1ccc(C=Cc2ccc(N)cc2S(=O)(=O)O)c(S(=O)(=O)O)c1,,370.0293281679999,False,[]
6669,CC(=O)c1c(C)c([N+](=O)[O-])c(C(C)(C)C)c([N+](=O)[O-])c1C,,294.121571676,False,[]
6670,Nc1ccc2ccccc2c1S(=O)(=O)O,,223.030314148,False,[]
6671,Clc1cccc(Cl)c1C(Cl)Cl,,227.906710848,False,[]
6672,Cc1cccc(C)c1[N+](=O)[O-],,151.063328528,False,[]
6673,C1C2OC2C2C1C1CC2C2OC12,,164.083729624,False,[]
6674,C[C@H](CCC(=O)O)[C@H]1CC[C@H]2[C@@H]3C(=O)C[C@@H]4CC(=O)CC[C@]4(C)[C@H]3CC(=O)[C@]12C,,402.24062418799997,False,[]
6675,C[C@H](CCC(=O)NCCS(=O)(=O)O)[C@H]1CC[C@H]2[C@@H]3[C@H](O)C[C@@H]4C[C@H](O)CC[C@]4(C)[C@H]3C[C@H](O)[C@]12C,,515.2916737799999,False,[]
6676,CC(CCC(=O)O)[C@H]1CC[C@H]2[C@@H]3[C@H](O)C[C@@H]4C[C@H](O)CC[C@]4(C)[C@H]3C[C@H](O)[C@]12C,,408.28757437999997,False,[]
6677,Cc1ccc2c(c1-c1c(C)ccc3c1C(=O)c1ccccc1C3=O)C(=O)c1ccccc1C2=O,,442.12050905599995,False,[]
6678,O=C1OC(=O)c2ccc3c4c(ccc1c24)C(=O)OC3=O,,268.00078784799996,False,[]
6679,O=C(Nc1ccc(Cl)c2c1C(=O)c1ccccc1C2=O)c1ccccc1,,361.05057092399994,False,[]
6680,Cc1ccc(Nc2ccc(O)c3c2C(=O)c2ccccc2C3=O)cc1,,329.10519334,False,[]
6681,Nc1c(Br)cc(Br)c2c1C(=O)c1ccccc1C2=O,,378.884352664,False,[]
6682,Nc1c(O)cc(O)c2c1C(=O)c1ccccc1C2=O,,255.053157768,False,[]
6683,O=C1c2ccccc2C(=O)c2c(O)c(O)cc(O)c21,,256.03717335600004,False,[]
6686,O=C1c2c(O)ccc(O)c2C(=O)c2c(O)ccc(O)c21,,272.032087976,False,[]
6687,[H]/N=C1\CC/C(=N\[H])c2c1c(O)c1ccccc1c2O,,240.089877624,False,[]
6688,O=C1c2ccccc2C(=O)c2c(O)ccc(O)c21,,240.042258736,False,[]
6689,Nc1ccc(Nc2cc(S(=O)(=O)O)c(N)c3c2C(=O)c2ccccc2C3=O)cc1S(=O)(=O)O,,489.03005643999995,False,[]
6690,O=c1c2ccccc2c(=O)c2c1ccc1[nH]c3c(ccc4c(=O)c5ccccc5c(=O)c43)[nH]c12,,442.095356928,False,[]
6693,O=C1OC(=O)c2cccc3cccc1c23,,198.03169405199998,False,[]
6694,CCN(CC)c1ccc2c(-c3ccccc3C(=O)O)c3ccc(=[N+](CC)CC)cc-3oc2c1.[Cl-],,478.20232053200004,False,[]
6695,CCN(CC)c1ccc2c(-c3ccccc3C(=O)O)c3ccc(=[N+](CC)CC)cc-3oc2c1,,443.23291927209004,False,[]
6696,O=C1c2ccccc2-c2ccc(Br)c3cccc1c23,,307.98367700800003,False,[]
6697,O=C1c2ccccc2-c2cccc3cccc1c23,,230.07316494,False,[]
6698,Nc1cccc2c1C(=O)c1c(Nc3ccccc3C(=O)O)cccc1C2=O,,358.09535692799994,False,[]
6699,O=C1c2cccc(Oc3ccccc3)c2C(=O)c2cccc(Oc3ccccc3)c21,,392.10485899199995,False,[]
6700,O=C1c2ccccc2C(=O)c2c(Nc3cccc4c3C(=O)c3ccccc3C4=O)cccc21,,429.10010796,False,[]
6701,Nc1c(C(=O)O)ccc2c1C(=O)c1ccccc1C2=O,,267.053157768,False,[]
6702,Cc1ccc2c(c1N)C(=O)c1ccccc1C2=O,,237.078978592,False,[]
6704,O=C1c2ccccc2C(=O)c2c1cccc2[N+](=O)[O-],,253.037507704,False,[]
6705,O=C1c2cccc([N+](=O)[O-])c2C(=O)c2cccc([N+](=O)[O-])c21,,298.02258591199995,False,[]
6706,CNc1cccc2c1C(=O)c1ccccc1C2=O,,237.078978592,False,[]
6707,COc1cccc2c1C(=O)c1ccccc1C2=O,,238.06299418,False,[]
6708,O=C1c2cccc(Cl)c2C(=O)c2c(Cl)cccc21,,275.974484792,False,[]
6709,O=C1c2ccccc2C(=O)c2c(Cl)cccc21,,242.013457144,False,[]
6710,Nc1cccc2c1C(=O)c1ccccc1C2=O,,223.063328528,False,[]
6711,O=C1c2cccc(Cl)c2C(=O)c2cccc(Cl)c21,,275.974484792,False,[]
6712,O=C1c2cccc(S(=O)(=O)O)c2C(=O)c2c1cccc2S(=O)(=O)O,,367.9660592159999,False,[]
6713,O=C1c2ccccc2C(=O)c2c1cccc2S(=O)(=O)O,,288.00924435599995,False,[]
6714,O=C1c2cccc(S(=O)(=O)O)c2C(=O)c2cccc([N+](=O)[O-])c21,,332.994322564,False,[]
6715,COc1c2c(cc3c1C(O)N(C)CC3)OCO2,,237.10010796,False,[]
6716,COc1c2ccoc2cc2oc(C)cc(=O)c12,,230.0579088,False,[]
6717,CN1C[C@H](C(=O)O)C=C2c3cccc4[nH]cc(c34)C[C@H]21,,268.121177752,False,[]
6718,O=[N+]([O-])c1c(O)c(Cl)cc(Cl)c1Cl,,240.910025964,False,[]
6719,O=C1c2ccccc2C(=O)C1C(=O)C(c1ccccc1)c1ccccc1,,340.109944372,False,[]
6720,O=[N+]([O-])c1c(Cl)c(Cl)c(Cl)c(Cl)c1Cl,,292.83716664,False,[]
6721,O=[N+]([O-])c1cc([N+](=O)[O-])c(O)c([N+](=O)[O-])c1O,,244.99201405600002,False,[]
6722,Nc1cccc2cccc(S(=O)(=O)O)c12,,223.030314148,False,[]
6723,Cc1ncc(CO)c(C(=O)O)c1O,,183.053157768,False,[]
6724,O=C1C(=O)c2cccc3cccc1c23,,182.036779432,False,[]
6726,CN1CCN(C(c2ccccc2)c2ccccc2)CC1,,266.178298704,False,[]
6727,CN(C)c1ccc(C(=C2C=CC(=[N+](C)C)C=C2)c2ccc([N+](C)(C)C)cc2)cc1.[Cl-].[Cl-],,457.20515341600003,False,[]
6728,CN(C)c1ccc(C(=C2C=CC(=[N+](C)C)C=C2)c2ccc([N+](C)(C)C)cc2)cc1,,387.26635089618003,False,[]
6729,CC(C)(C)c1ccc(CN2CCN(C(c3ccccc3)c3ccc(Cl)cc3)CC2)cc1,,432.233226736,False,[]
6730,O=C(O)C(c1ccc(Cl)cc1)c1ccc(Cl)cc1,,280.00578492,False,[]
6731,O=C1c2ccccc2C(=O)C1c1ccc2ccccc2n1,,273.07897859200006,False,[]
6732,CC(C)(C)C(=O)C1C(=O)c2ccccc2C1=O,,230.094294308,False,[]
6733,CC(C)CC(=O)C1C(=O)c2ccccc2C1=O,,230.094294308,False,[]
6734,c1cc2c3c(cccc3c1)CC2,,154.07825032,False,[]
6737,O=Cc1c(Cl)cccc1Cl,,173.963920108,False,[]
6738,Cc1cccc(C(=O)O)c1O,,152.047344116,False,[]
6739,Cc1cccc([N+](=O)[O-])c1C,,151.063328528,False,[]
6740,Cc1c(Cl)cccc1[N+](=O)[O-],,171.008706112,False,[]
6741,C[C@H]1C[C@@H]2[C@H]([C@@H](O)C[C@@]3(C)[C@H]2CC[C@]3(O)C(=O)CO)[C@@]2(C)C=CC(=O)C=C12,,374.20932406,False,[]
6742,CC(CCC(=O)O)[C@H]1CC[C@H]2[C@@H]3CC[C@@H]4C[C@H](O)CC[C@]4(C)[C@H]3C[C@H](O)[C@]12C,,392.29265975999994,False,[]
6743,CCC(CCC(C)C1CCC2C3CCC4CC(O)CCC4(C)C3CCC12C)C(C)C,,416.401816284,False,[]
6744,CCC(CC[C@H](C)[C@H]1CC[C@H]2[C@@H]3CC=C4C[C@@H](O)CC[C@]4(C)[C@H]3CC[C@]12C)C(C)C,,414.38616622,False,[]
6745,CCC(CCC(C)C1CCC2C3CC=C4C[C@@H](O)CCC4(C)C3CCC12C)C(C)C,,414.38616622,False,[]
6746,CC[C@H](C=C[C@@H](C)[C@H]1CC[C@H]2[C@@H]3CC=C4C[C@@H](O)CC[C@]4(C)[C@H]3CC[C@]12C)C(C)C,,412.370516156,False,[]
6747,CC(CCC(=O)O)C1CCC2C3C[C@H](O)C4C[C@H](O)CCC4(C)C3CCC12C,,392.29265976,False,[]
6748,Cn1ccc(=O)c2ccccc21,,159.068413908,False,[]
6749,Oc1cccc2c(O)cccc12,,160.052429496,False,[]
6750,CCCOC(=O)C1c2cc3c(cc2CC(C)C1C(=O)OCCC)OCO3,,362.17293855199995,False,[]
6751,CC(=O)N(C(C)=O)c1ccc(/N=N/c2ccccc2C)cc1C,,309.147726848,False,[]
6752,Nc1ccc(S(=O)(=O)O)c2cccc(O)c12,,239.025228768,False,[]
6753,COc1c(C(C)(C)C)cc([N+](=O)[O-])c(C)c1[N+](=O)[O-],,268.10592161200003,False,[]
6754,Cc1cc(N)c2ccccc2c1O,,173.084063972,False,[]
6755,O=C1C=C(O)c2ccccc2C1=O,,174.031694052,False,[]
6757,C=C[C@H]1CN2CC[C@@H]1C[C@H]2[C@H](OC(=O)OCC)c1ccnc2ccc(OC)cc12,,396.204907376,False,[]
6758,C=C(C)[C@H]1Cc2c(ccc3c2O[C@@H]2COc4cc(OC)c(OC)cc4[C@@H]2C3=O)O1,,394.1416384239999,False,[]
6759,Cc1cc2nc3c(=O)[nH]c(=O)nc-3n(C[C@@H](O)[C@@H](O)[C@@H](O)CO)c2cc1C,,376.13828435999994,False,[]
6760,COc1ccc2c(OC)c3ccoc3nc2c1OC,,259.084457896,False,[]
6761,NC(=O)C1CCN(CCCN2c3ccccc3Sc3ccc(Cl)cc32)CC1,,401.13286106799995,False,[]
6762,CC(=O)OCCN1CCN(CCCN2c3ccccc3Sc3ccc(Cl)cc32)CC1,,445.159075816,False,[]
6763,O=C1C(=O)c2ccccc2-c2ccccc21,,208.052429496,False,[]
6764,O=C1C(=O)c2ncccc2-c2cccnc21,,210.042927432,False,[]
6765,CCC(=O)Oc1ccc(C(CC)C(CC)c2ccc(OC(=O)CC)c(C)c2)cc1C,,410.24570956799994,False,[]
6766,c1ccc(-c2ccccc2-c2ccccc2)cc1,,230.109550448,False,[]
6767,CC=C(C(=CC)c1ccc(OC(C)=O)cc1)c1ccc(OC(C)=O)cc1,,350.15180918399994,False,[]
6768,C=CC1CN2CCC1CC2C(=O)c1ccnc2ccc(OC)cc12,,322.168127944,False,[]
6769,CCOC(=O)Oc1c(OC)cc(C(=O)O[C@@H]2C[C@@H]3CN4CCc5c([nH]c6cc(OC)ccc56)[C@H]4C[C@@H]3[C@H](C(=O)OC)[C@H]2OC)cc1OC,,666.2788601640001,False,[]
6770,c1cc2c(c3c1CC1c4cc5c(cc4CCN1C3)OCO5)OCO2,,323.11575802399994,False,[]
6771,Nc1cc(Cl)cc2c1C(=O)c1ccccc1C2=O,,257.024356176,False,[]
6772,CCc1ccc2c(c1)C(=O)c1ccccc1C2=O,,236.083729624,False,[]
6773,Cc1ccc2c(c1)C(=O)c1ccccc1C2=O,,222.06807956,False,[]
6774,c1ccc2cc3c(ccc4cccnc43)cc2c1,,229.089149352,False,[]
6775,N#CC1=C(C#N)C(=O)C(Cl)=C(Cl)C1=O,,225.9336826,False,[]
6776,O=C1c2ccc(O)cc2C(=O)c2ccc(O)cc21,,240.042258736,False,[]
6777,O=C(OC1CCCCC1)c1ccccc1C(=O)OC1CCCCC1,,330.183109312,False,[]
6778,O=C(Oc1ccccc1)c1ccccc1C(=O)Oc1ccccc1,,318.089208928,False,[]
6779,CCCCOC(=O)c1ccccc1C(=O)OC1CCCCC1,,304.167459248,False,[]
6780,O=C1c2ccccc2C(=O)c2ccccc21,,208.052429496,False,[]
6781,CCOC(=O)c1ccccc1C(=O)OCC,,222.089208928,False,[]
6782,CC(C)COC(=O)c1ccccc1C(=O)OCC(C)C,,278.151809184,False,[]
6783,O=C(O)c1ccccc1C(=O)O.[Hg][c]1ccccc1.[Hg][c]1ccccc1,,724.046144992,False,[]
6784,CCCCC(CC)COC(=O)C1CCCCC1C(=O)OCC(CC)CCCC,,396.323959888,False,[]
6785,CCOC(=O)COC(=O)c1ccccc1C(=O)OCC,,280.094688232,False,[]
6786,CCCCCCOC(=O)c1ccccc1C(=O)OCCCCCC,,334.21440944,False,[]
6787,CCCCCCCCCOC(=O)c1ccccc1C(=O)OCCCCCCCCC,,418.308309824,False,[]
6788,CCCCCCCCCCOC(=O)c1ccccc1C(=O)OCCCCCCCCCC,,446.33960995199993,False,[]
6789,CN1C(=CC=O)C(C)(C)c2ccccc21,,201.1153641,False,[]
6790,Nc1ccc(S(=O)(=O)O)c2ccccc12,,223.030314148,False,[]
6791,O=S(=O)(O)c1ccc(O)c2ccccc12,,224.014329736,False,[]
6792,O=S(=O)(O)c1ccc(O)c2ncccc12,,225.009578704,False,[]
6793,Nc1cccc2c(S(=O)(=O)O)cccc12,,223.030314148,False,[]
6794,[Br-].[Br-].c1cc[n+]2c(c1)-c1cccc[n+]1CC2,,341.936722584,False,[]
6795,c1cc[n+]2c(c1)-c1cccc[n+]1CC2,,184.09895122417998,False,[]
6796,c1ccc2c(c1)ccc1ncccc12,,179.073499288,False,[]
6797,Cc1ccc2c(ccc3ccccc32)n1,,193.089149352,False,[]
6798,CCC(=O)Nc1c(I)c(NC(=O)CC)c(I)c(C(=O)O)c1I,,641.800950896,False,[]
6799,O=C(c1ccccc1)c1cc(Cl)ccc1O,,232.029107208,False,[]
6800,CCc1c(Br)c(Br)c(Br)c(Br)c1Br,,495.63081066000007,False,[]
6801,CCCCCCCCOc1ccc(C(=O)c2ccccc2O)c(O)c1,,342.18310931199994,False,[]
6805,O=C(O)Cc1c(Cl)ccc(Cl)c1Cl,,237.93551244,False,[]
6806,CC(=O)Nc1c(I)cc(I)c(C(=O)O)c1I,,556.7481870519999,False,[]
6807,O=C(O)c1cccc([N+](=O)[O-])c1O,,183.01677226,False,[]
6808,O=C1NC(=O)C2CC=CCC12,,151.063328528,False,[]
6810,O=C1OC(=O)C2CC=CCC12,,152.04734411599998,False,[]
6812,O=S(=O)(O)c1cccc2ccccc12,,208.019415116,False,[]
6813,O=C(O)c1ccccc1C(=O)c1ccccc1,,226.06299418,False,[]
6814,O=C(O)c1ccccc1C(=O)c1ccc(O)cc1,,242.0579088,False,[]
6815,CCCC(c1cc(C(C)(C)C)c(O)cc1C)c1cc(C(C)(C)C)c(O)cc1C,,382.287180456,False,[]
6816,CC(C)(COP(=O)(O)OP(=O)(O)OC[C@H]1O[C@@H](n2cnc3c(N)ncnc32)[C@H](O)[C@@H]1OP(=O)(O)O)C(O)C(=O)NCCC(=O)NCCS,,767.1152089620001,False,[]
6817,Cn1c2cccc(=O)c-2nc2ccccc21,,210.07931294,False,[]
6818,CCCCOC(=O)c1ccccc1C(=O)OCC(CC)CCCC,,334.21440944,False,[]
6819,CCCCOC(=O)COC(=O)c1ccccc1C(=O)OCCCC,,336.157288488,False,[]
6820,COC(=O)c1ccccc1C(=O)OCCC(O)CO,,268.094688232,False,[]
6821,Cc1cccc(NC(=O)c2ccccc2C(=O)O)c1,,255.089543276,False,[]
6822,COc1cc([N+](=O)[O-])c2ncccc2c1,,204.053492116,False,[]
6823,Cc1ccc(C)c(/N=N/c2c(O)ccc3ccccc23)c1,,276.12626313199996,False,[]
6824,Nc1ccc2ccccc2c1/N=N/c1ccccc1,,247.110947416,False,[]
6825,Oc1ccc2ccccc2c1/N=N/c1ccccn1,,249.090211972,False,[]
6826,CNc1ccccc1C(=O)OC,,165.078978592,False,[]
6827,CCC(c1ccc(O)cc1)C(CC)C(C)c1ccc(O)cc1,,298.193280072,False,[]
6828,CCN(C(=O)N(CC)c1ccccc1)c1ccccc1,,268.15756326,False,[]
6829,O=[N+]([O-])c1ccccc1-c1ccccc1,,199.063328528,False,[]
6832,CN1[C@@H]2CC[C@@H]1CC(OC(c1ccccc1)c1ccccc1)C2,,307.19361442,False,[]
6833,CCN(CC)C(C)C=C(c1cccs1)c1cccs1,,291.11154167200004,False,[]
6834,CN(C)CCC(c1ccc(Br)cc1)c1ccccn1,,318.07316070800005,False,[]
6835,COc1ccccc1-c1ccccc1,,184.088815004,False,[]
6836,CCn1c2ccccc2c2ccccc21,,195.104799416,False,[]
6837,N#CC(c1ccccc1)c1ccccc1,,193.089149352,False,[]
6838,O=NN(c1ccccc1)c1ccccc1,,198.07931294,False,[]
6839,CN1C(=O)CC(c2ccccc2)C1=O,,189.078978592,False,[]
6840,COC([CH2][Hg])Cc1cccc2cc(C(=O)O)c(=O)oc12.O,,481.0575061999999,False,[]
6841,COC([CH2][Hg])Cc1cccc2cc(C(=O)O)c(=O)oc12,,463.04694151599995,False,[]
6842,C[n+]1c2cc(N)ccc2cc2ccc(N)cc21.[Cl-],,259.087625128,False,[]
6843,CCCOc1cc(N)ccc1C(=O)OCCN(CC)CC,,294.194342692,False,[]
6844,O=C(O)c1ccc2ccccc2c1O,,188.047344116,False,[]
6845,ClCc1cccc2ccccc12,,176.039277968,False,[]
6846,N#Cc1cccc2ccccc12,,153.057849224,False,[]
6847,O=C(O)c1cccc2ccccc12,,172.052429496,False,[]
6848,CN(C)c1cccc2ccccc12,,171.104799416,False,[]
6849,O=[N+]([O-])c1cccc2ccccc12,,173.047678464,False,[]
6850,Nc1ccc2cccc(S(=O)(=O)O)c2c1,,223.030314148,False,[]
6851,Nc1ccc2cc(S(=O)(=O)O)cc(S(=O)(=O)O)c2c1,,302.987129008,False,[]
6852,Oc1ccc(Nc2ccc3[nH]c4ccccc4c3c2)cc1,,274.11061306799996,False,[]
6853,c1ccc2c(c1)Cc1ccccc1-2,,166.07825032,False,[]
6854,c1ccc2c(c1)[nH]c1ccccc12,,167.073499288,False,[]
6855,O=C(Oc1cccc2cccnc12)c1ccccc1,,249.078978592,False,[]
6856,Brc1ccc2oc3ccccc3c2c1,,245.968026944,False,[]
6857,CCCCc1cc2ccccc2c(OCCN(C)C)n1,,272.188863388,False,[]
6858,COc1cc(C=O)cc(OC)c1OC,,196.073558864,False,[]
6859,[CH3][Hg+].[O-]c1cccc2cccnc12,,361.0390569080001,False,[]
6860,[CH3][Hg+],,216.99356951609,False,[]
6861,NC(=O)Cc1cccc2ccccc12,,185.084063972,False,[]
6862,O=C(O)Cc1cccc2ccccc12,,186.06807956,False,[]
6865,Nc1cccc2cc(O)ccc12,,159.068413908,False,[]
6866,Clc1ccc2c(Cl)ccnc2c1,,196.97990452,False,[]
6867,Cc1cc(=O)oc2cc(N(C)C)ccc12,,203.094628656,False,[]
6868,Nc1ccc2c(O)cc(S(=O)(=O)O)cc2c1,,239.025228768,False,[]
6869,CC1(C)S[C@@H]2[C@H](NC(=O)COc3ccccc3)C(=O)N2[C@H]1C(=O)O,,350.09364267599994,False,[]
6870,CC(=O)Nc1c2sscc-2n(C)c1=O,,228.002719496,False,[]
6871,CCOC=C(C(=O)OCC)C(=O)OCC,,216.099773612,False,[]
6872,O=C(Nc1ccccc1)c1ccccc1O,,213.078978592,False,[]
6873,CC(C)COC(=O)c1ccccc1O,,194.094294308,False,[]
6874,CC(C)CCOC(=O)c1ccccc1O,,208.109944372,False,[]
6875,Nc1ccccc1C(=O)OCCC1CCCCN1,,248.15247788,False,[]
6876,CC(=O)Oc1ccccc1C(=O)OCCO,,224.068473484,False,[]
6877,CCOC(=O)c1ccccc1N,,165.078978592,False,[]
6879,[O]=[BiH],,225.983138352,False,[]
6880,O=C(OCCO)c1ccccc1O,,182.0579088,False,[]
6881,Nc1ccccc1C(=O)OCC=Cc1ccccc1,,253.11027872,False,[]
6882,O=[N+]([O-])c1cc([N+](=O)[O-])c2onnc2c1,,210.002519164,False,[]
6883,O=[N+]([O-])O[C@H]1CO[C@H]2[C@@H]1OC[C@H]2O[N+](=O)[O-],,236.02806521600002,False,[]
6884,COc1c(Cl)cc(Cl)cc1Cl,,209.94059782,False,[]
6887,C=C1CCC=C(C)CC[C@@H]2[C@@H]1CC2(C)C,,204.187800768,False,[]
6888,Cc1cc(OC(=O)N(C)C)n(-c2ccccc2)n1,,245.11642672,False,[]
6889,O=C1Nc2ccc(Br)cc2C1=O,,224.942540468,False,[]
6890,CN(C)Cc1c[nH]c2ccccc12,,174.115698448,False,[]
6891,CC1(C)S[C@@H]2CC(=O)N2[C@H]1C(=O)O,,201.045964212,False,[]
6895,Clc1cccc(Cl)c1Cl,,179.930033136,False,[]
6899,Oc1c(Cl)cccc1Cl,,161.963920108,False,[]
6900,C[N+](C)(C)CCO.O=C([O-])[C@H](O)[C@@H](O)C(=O)O,,253.116151948,False,[]
6901,ClC(Cl)=C(Cl)C(Cl)=C(Cl)Cl,,257.81311608,False,[]
6902,OC1OC[C@@H](O)[C@@H](O)[C@@H]1O,,150.05282342,False,[]
6903,CCCCCCCCCCCCCCCC[N+](C)(C)C.[O-]c1c(Cl)c(Cl)c(Cl)c(Cl)c1Cl,,547.170903364,False,[]
6904,O=C(CO)[C@@H](O)[C@H](O)[C@@H](O)CO,,180.063388104,False,[]
6905,Brc1c(Br)c(Br)c(Br)c(Br)c1Br,,545.5100226000001,False,[]
6906,Cc1c(Br)c(Br)c(Br)c(Br)c1Br,,481.61516059600007,False,[]
6907,ClC1C(Br)C(Br)C(Br)C(Br)C1Br,,507.6074883720001,False,[]
6908,Cc1c(C)c(C)c(C)c(C)c1C,,162.140850576,False,[]
6909,O=c1n(Cl)c(=O)n(Cl)c(=O)n1Cl,,230.9005239,False,[]
6910,CCCCOC(=O)[C@H](O)[C@@H](O)C(=O)OCCCC,,262.141638424,False,[]
6911,COCc1cc(C(C)(C)C)c(O)c(C(C)(C)C)c1,,250.193280072,False,[]
6912,OC[C@@H](O)C(O)[C@@H](O)CO,,152.068473484,False,[]
6914,Oc1c(Cl)cc(Cl)cc1Cl,,195.924947756,False,[]
6921,FC(F)(F)c1ccccc1Cl,,179.995362468,False,[]
6922,Nc1ccccc1C(F)(F)F,,161.045233852,False,[]
6923,CC(C)(C)c1ccccc1O,,150.104465068,False,[]
6924,Cc1ccccc1S(N)(=O)=O,,171.035399528,False,[]
6925,Cc1ccccc1S(=O)(=O)O,,172.019415116,False,[]
6926,Nc1ccccc1S(=O)(=O)O,,173.014664084,False,[]
6927,Nc1cc(Cl)cc(S(=O)(=O)O)c1O,,222.970606352,False,[]
6928,CCc1cc(Cc2cc(CC)cc(C(C)(C)C)c2O)c(O)c(C(C)(C)C)c1,,368.271530392,False,[]
6929,CC(C)(C)c1cc(CO)cc(C(C)(C)C)c1O,,236.177630008,False,[]
6930,CCc1cc2c(cc1C(C)=O)C(C)(C)CCC2(C)C,,258.198365452,False,[]
6931,O=[N+]([O-])c1ccc(O)cc1C(F)(F)F,,207.014327648,False,[]
6932,COc1ccc(O)cc1C(C)(C)C,,180.115029752,False,[]
6933,Nc1ccc(Cl)c(S(=O)(=O)O)c1,,206.975691732,False,[]
6934,Cc1ccc(N)c(S(=O)(=O)O)c1,,187.030314148,False,[]
6935,Cc1cc(S(=O)(=O)O)c(N)cc1Cl,,220.991341796,False,[]
6936,Cc1cc(N)c(S(=O)(=O)O)cc1Cl,,220.991341796,False,[]
6937,Cc1ccc(C(C)(C)C)c(O)c1,,164.120115132,False,[]
6938,Cc1ccc(S(=O)(=O)O)c(C)c1,,186.03506518,False,[]
6939,CC(=O)Nc1ccc(S(=O)(=O)O)c(N)c1,,230.0361278,False,[]
6940,O=C(O)c1ccccc1Br,,199.9472915,False,[]
6941,O=C(O)c1ccccc1I,,247.9334274,False,[]
6945,O=[N+]([O-])c1ccccc1Cl,,156.993056048,False,[]
6948,O=C(O)c1cc(I)cc(I)c1I,,499.726723336,False,[]
6949,CC(C)=C1CCC(C)C2=C(C1)C(C)CC2,,204.187800768,False,[]
6950,CCC(C)c1cc([N+](=O)[O-])cc([N+](=O)[O-])c1O,,240.074621484,False,[]
6951,O=C(O)c1cc(Cl)cc([N+](=O)[O-])c1Cl,,234.943912936,False,[]
6952,O=[N+]([O-])c1cc(Cl)cc([N+](=O)[O-])c1O,,217.973048876,False,[]
6953,O=[N+]([O-])c1cc([N+](=O)[O-])c(Cl)c([N+](=O)[O-])c1,,246.963212464,False,[]
6954,O=[N+]([O-])c1cc([N+](=O)[O-])c(O)c([N+](=O)[O-])c1,,228.997099436,False,[]
6955,O=C(Cl)c1ccccc1C(=O)Cl,,201.958834728,False,[]
6956,NC(=O)c1ccccc1C(N)=O,,164.058577496,False,[]
6957,NC(=O)c1ccccc1C(=O)O,,165.042593084,False,[]
6958,O=C(O)C1=C(C(=O)O)CCCC1,,170.0579088,False,[]
6959,O=[N+]([O-])c1ccc(S(=O)(=O)O)c([N+](=O)[O-])c1,,247.97392146800001,False,[]
6960,CCCCCCCCOC(=O)c1ccc(C(=O)OCCCCCCCC)c(C(=O)OCCCCCCCC)c1,,546.392039448,False,[]
6961,O=C(O)c1cc(C(=O)O)c(C(=O)O)cc1C(=O)O,,254.00626715200002,False,[]
6962,O=C(O)c1ccc(S(=O)(=O)O)cc1C(=O)O,,245.98342353200002,False,[]
6963,CCCCCCCCCCOC(=O)c1ccccc1C(=O)OCCCC,,362.24570956799994,False,[]
6964,O=C(O)c1ccc(Cl)cc1C(=O)O,,199.98763632,False,[]
6965,CCCCCCCCCCCCc1ccc2c(c1)C(C)=CC(C)(C)N2,,341.30825024800004,False,[]
6966,O=c1oc(=O)c2cc3c(=O)oc(=O)c3cc12,,217.985137784,False,[]
6967,CN(C)C(=S)Sc1ccc([N+](=O)[O-])cc1[N+](=O)[O-],,287.003447768,False,[]
6969,O=C1NC(=O)c2cc([N+](=O)[O-])ccc21,,192.017106608,False,[]
6970,CC1CCC(C(C)C)C(OC(=O)c2ccccc2O)C1,,276.172544628,False,[]
6971,CC(=O)Nc1ccccc1C(=O)O,,179.058243148,False,[]
6972,O=C(O)c1cc(Br)ccc1O,,215.94220612,False,[]
6973,Cc1ccc(O)c(C(=O)O)c1,,152.047344116,False,[]
6974,Cc1ccc(C)c([N+](=O)[O-])c1,,151.063328528,False,[]
6975,Cc1ccc(Cl)cc1[N+](=O)[O-],,171.008706112,False,[]
6976,Cc1ccc(Cl)c([N+](=O)[O-])c1,,171.008706112,False,[]
6977,O=[N+]([O-])c1cc(Cl)ccc1Cl,,190.954083696,False,[]
6978,Cc1ccc(N)c([N+](=O)[O-])c1,,152.058577496,False,[]
6979,Nc1ccc(Cl)cc1[N+](=O)[O-],,172.00395508,False,[]
6980,O=[N+]([O-])c1cc(Cl)ccc1O,,172.987970668,False,[]
6982,Cc1cc(O)c(C(C)C)cc1Cl,,184.065492716,False,[]
6983,O=[N+]([O-])c1cc(Cl)c(Cl)cc1Cl,,224.915111344,False,[]
6984,CCC(C)c1ccccc1O,,150.104465068,False,[]
6986,CC1CCC(C(C)C)C(=O)C1,,154.135765196,False,[]
6987,CC1=CC(=O)C(C(C)C)CC1,,152.120115132,False,[]
6988,CC(C)=C1CCC(C)CC1=O,,152.120115132,False,[]
6989,Cc1ccc(C(C)C)c(O)c1,,150.104465068,False,[]
6990,CC(=O)c1ccc(O)cc1O,,152.047344116,False,[]
6991,Cc1ccc([N+](=O)[O-])c(C)c1,,151.063328528,False,[]
6992,Cc1ccccc1CBr,,183.988762388,False,[]
6999,Oc1cccc[c]1[Hg][Cl],,329.97353546000005,False,[]
7001,Brc1cccc2ccccc12,,205.973112324,False,[]
7003,Clc1cccc2ccccc12,,162.023627904,False,[]
7004,Ic1cccc2ccccc12,,253.959248224,False,[]
7007,CC(=O)OC(c1ccccc1)C(Cl)(Cl)Cl,,265.966812568,False,[]
7009,Nc1cc(S(=O)(=O)O)cc2cc(S(=O)(=O)O)cc(O)c12,,318.982043628,False,[]
7010,CCC(C)C(C(=O)OCC[N+](C)(CC)CC)c1ccccc1.[Br-],,385.161641364,False,[]
7011,CCC(C(N)=O)c1ccccc1,,163.099714036,False,[]
7012,CCC(C(=O)O)c1ccccc1,,164.083729624,False,[]
7013,c1ccc(Nc2cccc3ccccc23)cc1,,219.104799416,False,[]
7014,C1CCN2C[C@H]3C[C@H](CN4CCCC[C@@H]34)[C@H]2C1,,234.20959883199998,False,[]
7015,Nc1ccccc1-c1ccccc1,,169.089149352,False,[]
7016,O=C1CCCCC1C1CCCCC1,,180.15141526,False,[]
7017,Oc1ccccc1-c1ccccc1,,170.07316494,False,[]
7018,O=C1c2ccccc2Cc2ccccc21,,194.07316494,False,[]
7019,Nc1c2ccccc2nc2ccccc12,,194.08439832,False,[]
7020,O=c1c2ccccc2oc2ccccc12,,196.052429496,False,[]
7021,COc1cc(C=CC(=O)O)cc(OC)c1OC,,238.084123548,False,[]
7022,Nc1ccc2cc(S(=O)(=O)O)cc(O)c2c1,,239.025228768,False,[]
7023,COc1cc(N)c2ncccc2c1,,174.07931294,False,[]
7024,O=Cc1cc(Br)cc(Br)c1O,,277.85780356799995,False,[]
7025,C=C(C)C(=O)C(=CC(=O)O)OC,,170.0579088,False,[]
7026,CN(C)Cc1cc(CN(C)C)c(O)c(CN(C)C)c1,,265.215412484,False,[]
7027,O=C1O[C@H](CO)[C@@H](O)[C@H](O)[C@H]1O,,178.04773804,False,[]
7028,CN[C@@H](C)[C@@H](O)c1ccccc1,,165.1153641,False,[]
7029,CCN(CC)C(C)C(=O)c1ccccc1,,205.146664228,False,[]
7030,O=C(c1ccccc1)c1ccc(Br)cc1,,259.98367700800003,False,[]
7031,CN(C)c1ccc(C(=O)c2ccc(N(C)C)cc2)cc1,,268.15756326,False,[]
7032,COc1ccc(C(=O)c2ccc(OC)cc2)cc1,,242.094294308,False,[]
7033,OC(c1ccc(Cl)cc1)c1ccc(Cl)cc1,,252.0108703,False,[]
7034,O=C(c1ccc(Cl)cc1)c1ccc(Cl)cc1,,249.995220236,False,[]
7035,ClC(c1ccccc1)c1ccccc1,,202.054928032,False,[]
7036,NC(c1ccccc1)c1ccccc1,,183.104799416,False,[]
7037,OC(c1ccccc1)c1ccccc1,,184.088815004,False,[]
7038,O=C(c1ccccc1)c1ccccn1,,183.068413908,False,[]
7039,Cc1cc(CO)c(O)c(CO)c1,,168.078644244,False,[]
7040,Cc1c(N=C=O)cccc1N=C=O,,174.042927432,False,[]
7041,COc1cccc(OC)c1O,,154.06299418,False,[]
7048,COc1ccccc1[N+](=O)[O-],,153.042593084,False,[]
7049,O=Cc1ccccc1S(=O)(=O)O,,185.998679672,False,[]
7050,CCN(CC)c1ccc2c(C)cc(=O)oc2c1,,231.125928784,False,[]
7051,CCCCN(C(C)=O)c1ccccc1,,191.131014164,False,[]
7052,COc1ccc(C(=O)O)c(OC)c1,,182.0579088,False,[]
7056,Clc1ccc2ccccc2c1,,162.023627904,False,[]
7058,Sc1ccc2ccccc2c1,,160.034671256,False,[]
7062,CCN(CC)c1cccc(O)c1,,165.1153641,False,[]
7063,NC(=O)Nc1ccc([As](Sc2ccccc2C(=O)O)Sc2ccccc2C(=O)O)cc1,,515.9794851439999,False,[]
7064,Nc1nc(N)nc(-c2ccccc2)n1,,187.08579528799999,False,[]
7065,c1ccc(N2CN(c3ccccc3)CN(c3ccccc3)C2)cc1,,315.17354767200004,False,[]
7066,CN(C)CCN(Cc1ccsc1)c1ccccn1,,261.129968608,False,[]
7067,CCN(CCO)c1cccc(C)c1,,179.131014164,False,[]
7068,COc1cc(-c2ccc(NC(=O)c3cc4ccccc4cc3O)c(OC)c2)ccc1NC(=O)c1cc2ccccc2cc1O,,584.194736616,False,[]
7069,COc1cc(-c2ccc(N=C=O)c(OC)c2)ccc1N=C=O,,296.079706864,False,[]
7070,Nc1ccc(-c2ccc(N)c(Cl)c2)cc1Cl,,252.02210368,False,[]
7071,Nc1ccc(-c2ccc(N)c(N)c2)cc1N,,214.12184644799999,False,[]
7072,Cc1cc(-c2ccc(N=C=O)c(C)c2)ccc1N=C=O,,264.089877624,False,[]
7073,Cc1cccc(N(CCO)CCO)c1,,195.125928784,False,[]
7074,Oc1ccc(-c2ccccc2)cc1Cl,,204.034192588,False,[]
7075,Oc1ccc(-c2ccccc2)cc1O,,186.06807956,False,[]
7076,c1ccc(-c2cccc(-c3ccccc3)c2)cc1,,230.109550448,False,[]
7077,CN(C)CCOc1ccccc1Cc1ccccc1,,255.162314292,False,[]
7078,COc1ccccc1NC(=O)CC(C)=O,,207.089543276,False,[]
7079,COc1ccccc1NC(=O)CC(=O)c1ccccc1,,269.10519334,False,[]
7080,c1ccc2cc3cc4ccccc4cc3cc2c1,,228.093900384,False,[]
7081,Cc1cc2cc3cc(C)c(N)cc3nc2cc1N,,237.12659748,False,[]
7082,FC(F)(F)c1ccc2c(c1)Nc1ccccc1S2,,267.032954916,False,[]
7083,Cc1cc2nc3ccc(=[N+](C)C)cc-3sc2cc1N.[Cl-],,305.075346192,False,[]
7084,Cc1cc2nc3ccc(=[N+](C)C)cc-3sc2cc1N,,270.10594493209,False,[]
7085,CN(C)c1ccc2cc3ccc(=[N+](C)C)cc-3oc2c1.[Cl-],,302.118590908,False,[]
7086,CN(C)c1ccc2cc3ccc(=[N+](C)C)cc-3oc2c1,,267.14918964809,False,[]
7087,Cc1ccc2nc(-c3ccc(N)cc3)sc2c1,,240.072119384,False,[]
7088,Clc1ccc2c(c1)Nc1ccccc1S2,,233.006597936,False,[]
7089,O=S(=O)(O)c1ccc2ccc(O)cc2c1,,224.014329736,False,[]
7090,O=C1CCN(c2ccccc2)N1,,162.07931294,False,[]
7091,Oc1cc2ccccc2cc1O,,160.052429496,False,[]
7092,Cc1ccc2oc(=O)ccc2c1,,160.052429496,False,[]
7093,CCN(CCCl)c1ccccc1,,183.081477128,False,[]
7094,C1CCC(C2CCCCC2)CC1,,166.172150704,False,[]
7095,c1ccc(-c2ccccc2)cc1,,154.07825032,False,[]
7096,c1ccc(N2CCNCC2)cc1,,162.115698448,False,[]
7097,CC(=O)OC(OC(C)=O)c1ccc([N+](=O)[O-])o1,,243.03790162800001,False,[]
7098,CCN(Cc1ccccc1)c1ccccc1,,211.136099544,False,[]
7099,Nc1ccc2cc3ccc(N)cc3nc2c1,,209.095297352,False,[]
7100,CCOc1ccccc1NCCC#N,,190.110613068,False,[]
7101,Brc1ccc(-c2ccccc2)cc1,,231.988762388,False,[]
7102,Nc1ccc(-c2ccccc2)cc1,,169.089149352,False,[]
7103,Oc1ccc(-c2ccccc2)cc1,,170.07316494,False,[]
7104,O=C(O)c1cc2ccccc2cc1O,,188.047344116,False,[]
7105,c1ccc(-c2cnc(-c3ccccc3)o2)cc1,,221.084063972,False,[]
7106,c1ccc2c(c1)Cc1ccccc1N2,,181.089149352,False,[]
7107,c1ccc2c(c1)Cc1ccccc1O2,,182.07316494,False,[]
7108,c1ccc2c(c1)Nc1ccccc1S2,,199.045570288,False,[]
7109,c1ccc2c(c1)Sc1ccccc1S2,,216.006742256,False,[]
7110,Brc1ccc(-c2ccc(Br)cc2)cc1,,309.899274456,False,[]
7111,Nc1ccc(-c2ccc(N)cc2)cc1,,184.100048384,False,[]
7112,Oc1ccc(-c2ccc(O)cc2)cc1,,186.06807956,False,[]
7113,CC(=O)c1ccc(-c2ccccc2)cc1,,196.088815004,False,[]
7114,O=[N+]([O-])c1ccc(-c2ccccc2)cc1,,199.063328528,False,[]
7115,c1ccc(-c2ccc(-c3ccccc3)cc2)cc1,,230.109550448,False,[]
7116,Nc1ccc2cc(S(=O)(=O)O)ccc2c1,,223.030314148,False,[]
7117,O=S(=O)(O)c1ccc2cc(O)ccc2c1,,224.014329736,False,[]
7118,COc1ccc(CO)cc1OC,,168.078644244,False,[]
7119,COc1ccc2ccccc2c1,,158.07316494,False,[]
7120,CCN(CC)c1ccc(N)cc1,,164.131348512,False,[]
7121,COc1ccc(C(=O)O)cc1OC,,182.0579088,False,[]
7122,CC(=O)c1ccc2ccccc2c1,,170.07316494,False,[]
7123,O=C(O)c1ccc2ccccc2c1,,172.052429496,False,[]
7124,O=C(O)c1ccc2ccccc2n1,,173.047678464,False,[]
7125,O=S(=O)(Cl)c1ccc2ccccc2c1,,225.985528144,False,[]
7126,COc1ccccc1NCS(=O)(=O)O,,217.040878832,False,[]
7127,C=CCc1ccc(OC)c(OC)c1,,178.099379688,False,[]
7128,CC=Cc1ccc(OC)c(OC)c1,,178.099379688,False,[]
7129,CCOc1ccc2ccccc2c1,,172.088815004,False,[]
7130,CC(C)Cc1ccc2ccccc2n1,,185.12044948,False,[]
7131,OCCOc1ccc2ccccc2c1,,188.083729624,False,[]
7132,CCCCCCCCCCCC[n+]1ccc2ccccc2c1.[Br-],,377.17181212400004,False,[]
7133,CCCCCCCCCCCC[n+]1ccc2ccccc2c1,,298.25292644409,False,[]
7134,COc1ccccc1CC(=O)O,,166.06299418,False,[]
7135,COc1ccccc1NC(C)=O,,165.078978592,False,[]
7136,C=CCc1ccc(OC(C)=O)c(OC)c1,,206.094294308,False,[]
7137,CC=Cc1ccc(OC(C)=O)c(OC)c1,,206.094294308,False,[]
7138,Cc1ccc2ccc(C)nc2c1,,157.089149352,False,[]
7139,COc1ccc(CC(=O)O)cc1OC,,196.073558864,False,[]
7140,CC(O)C(=O)Oc1ccc2ccccc2c1,,216.078644244,False,[]
7141,Oc1ccc(Nc2ccc3ccccc3c2)cc1,,235.099714036,False,[]
7142,c1ccc2cc(Nc3ccc(Nc4ccc5ccccc5c4)cc3)ccc2c1,,360.16264864,False,[]
7143,COc1cc(Cl)ccc1N,,157.029441556,False,[]
7145,BrCC(Br)c1ccccc1,,261.899274456,False,[]
7152,O=C(O)CN(CCO)CC(=O)O,,177.063722452,False,[]
7153,Cc1cc(Cl)ccc1OC(C)C(=O)O,,214.039671892,False,[]
7154,CC(=O)CC(=O)Nc1ccccc1C,,191.094628656,False,[]
7155,Cc1ccccc1/N=C(\N)N=C(N)N,,191.11709541599998,False,[]
7156,CC(=O)CC(=O)Nc1ccccc1Cl,,211.04000624,False,[]
7157,C=CCN(CC=C)C(=O)CCl,,173.060741684,False,[]
7158,CC(Oc1cc(Cl)c(Cl)cc1Cl)C(=O)O,,267.946077124,False,[]
7159,S=c1sc2nc3ccccc3nc2s1,,235.953661128,False,[]
7160,CC(C)OC(=O)COc1cc(Cl)c(Cl)cc1Cl,,295.97737725200005,False,[]
7161,CCCCOC(=O)COc1cc(Cl)c(Cl)cc1Cl,,309.993027316,False,[]
7162,O=C(O)CCCOc1cc(Cl)c(Cl)cc1Cl,,281.96172718800005,False,[]
7163,CCCCCCCCCCCCCCCCCC(=O)N(CCO)CCO,,371.33994429999996,False,[]
7164,CCCCCCCCC=CCCCCCCCC(=O)N(CCO)CCO,,369.32429423599996,False,[]
7165,CCOC(=O)c1ccccc1,,150.06807956,False,[]
7166,CC(=O)CC(=O)c1ccccc1,,162.06807956,False,[]
7167,O=C(OC(=O)c1ccccc1)c1ccccc1,,226.06299417999998,False,[]
7168,O=C(Nc1ccccc1)c1ccccc1,,197.084063972,False,[]
7169,O=C(Oc1ccccc1)c1ccccc1,,198.06807956,False,[]
7170,CCOC(=O)CC(=O)c1ccccc1,,192.078644244,False,[]
7171,CCCC(C)c1ccc(O)cc1,,164.120115132,False,[]
7172,CNCC(O)c1ccc(O)cc1,,167.094628656,False,[]
7173,CC(C)OC(=O)COc1ccc(Cl)cc1Cl,,262.016349604,False,[]
7174,CCCOC(=O)c1ccc(N)cc1,,179.094628656,False,[]
7175,CCCOC(=O)c1ccc(O)cc1,,180.078644244,False,[]
7176,CC(C)COC(=O)c1ccc(N)cc1,,193.11027872,False,[]
7177,CCN(CC)CC(C)(C)COC(=O)c1ccc(N)cc1,,278.199428072,False,[]
7179,O=C(OOC(=O)c1ccc(Cl)cc1)c1ccc(Cl)cc1,,309.979964096,False,[]
7180,O=C(OCc1ccccc1)c1ccc(O)cc1,,228.078644244,False,[]
7181,CCc1nnc(NS(=O)(=O)c2ccc(N)cc2)s1,,284.040167624,False,[]
7182,CCCOC(=O)c1ccc([N+](=O)[O-])cc1,,209.068807832,False,[]
7183,CCOc1ccc(C(=O)OCCN(CC)CC)cc1,,265.167793596,False,[]
7184,CCCCOC(=O)c1ccc(O)cc1,,194.094294308,False,[]
7185,CCCCC(CC)C(=O)OCCOCCOCCOC(=O)C(CC)CCCC,,402.298139064,False,[]
7186,NC(=O)OCC(O)c1ccccc1,,181.073893212,False,[]
7187,O=C(OOC(=O)c1ccccc1)c1ccccc1,,242.0579088,False,[]
7188,S=C(SSC(=S)N1CCCCC1)N1CCCCC1,,320.05093264,False,[]
7189,O=C(C=Cc1ccccc1)c1ccccc1,,208.088815004,False,[]
7190,O=C(O)c1ccccc1.[Hg][c]1ccccc1,,401.046547592,False,[]
7191,O=C(OCc1ccccc1)c1cccnc1,,213.078978592,False,[]
7192,CCOc1ccc2nc(N)sc2c1,,194.05138394,False,[]
7193,CC(C)CCOC(=O)c1ccccc1,,192.115029752,False,[]
7194,O=C(OCCc1ccccc1)c1ccccc1,,226.099379688,False,[]
7195,O=[N+]([O-])c1ccc2nc[nH]c2c1,,163.0381764,False,[]
7196,O=C(O)c1ccc2c(c1)OCO2,,166.026608672,False,[]
7197,CCCc1ccc2c(c1)OCO2,,164.083729624,False,[]
7198,COC(=O)C1CCC(C(=O)OC)CC1,,200.104858992,False,[]
7204,Cc1cc(Cl)ccc1OCC(=O)O,,200.024021828,False,[]
7205,Cc1cc(Cl)ccc1SCC(=O)O,,216.001178208,False,[]
7206,CCCCOC(=O)COc1ccc(Cl)cc1Cl,,276.03199966799997,False,[]
7207,Cc1cc(Cl)ccc1OCCCC(=O)O,,228.055321956,False,[]
7208,O=C(OCCOc1ccc(Cl)cc1Cl)c1ccccc1,,310.01634960399997,False,[]
7209,Clc1ccc(OCCOP(OCCOc2ccc(Cl)cc2Cl)OCCOc2ccc(Cl)cc2Cl)c(Cl)c1,,645.920691102,False,[]
7210,CC(C/N=C/c1ccccc1O)/N=C/c1ccccc1O,,282.136827816,False,[]
7212,ClCc1ccc(Cl)cc1Cl,,193.9456832,False,[]
7214,CC=C(CC)C(=O)NC(N)=O,,156.089877624,False,[]
7215,CCN(CC)C(=S)SC(=S)N(CC)CC,,264.07886164,False,[]
7216,C=C(Cl)CSC(=S)N(CC)CC,,223.025619128,False,[]
7217,CCC(CC)C(=O)OCCOCCOCCOC(=O)C(CC)CC,,346.235538808,False,[]
7223,CCCCCCCCCCCCCCCCCC1=NCCN1CCO,,352.34536402799995,False,[]
7226,Nc1nc2ccc(Cl)cc2s1,,183.98619684,False,[]
7227,Cc1ccc2sc(C)nc2c1,,163.045570288,False,[]
7228,CC(C)N(Sc1nc2ccccc2s1)C(C)C,,266.091140576,False,[]
7229,CCN(CC)C(=S)Sc1nc2ccccc2s1,,282.031911448,False,[]
7230,CC(C)(C)NSc1nc2ccccc2s1,,238.059840448,False,[]
7231,c1ccc2sc(SSN3CCOCC3)nc2c1,,284.011176004,False,[]
7232,c1ccc2sc(SNC3CCCCC3)nc2c1,,264.075490512,False,[]
7233,CCCCCCCCC=CCCCCCCCC1=NCCN1CCO,,350.32971396399995,False,[]
7234,C=CC(=O)OCC1CC2C=CC1C2,,178.099379688,False,[]
7236,Cc1ccccc1Br,,169.973112324,False,[]
7244,Oc1ccccc1Br,,171.95237688,False,[]
7246,ClC1OCCOC1Cl,,155.974484792,False,[]
7254,Cc1ccc(Cl)cc1Cl,,159.984655552,False,[]
7256,Cc1ccc(Cl)c(Cl)c1,,159.984655552,False,[]
7257,Nc1ccc(Cl)c(Cl)c1,,160.97990452,False,[]
7258,Oc1ccc(Cl)c(Cl)c1,,161.963920108,False,[]
7262,Nc1cc(Cl)ccc1Cl,,160.97990452,False,[]
7270,Clc1cc(Cl)c(Cl)cc1Cl,,213.891060784,False,[]
7271,Oc1cc(Cl)c(Cl)cc1Cl,,195.924947756,False,[]
7275,CC1OC1C1CCC2(C)OC2C1,,168.115029752,False,[]
7279,BrCC(Br)CBr,,277.79413646,False,[]
7280,ClCC(Br)CBr,,233.84465204,False,[]
7281,OCC(Br)CBr,,215.878539012,False,[]
7287,OC(CBr)CBr,,215.878539012,False,[]
7305,CC(OP(C)(=O)F)C(C)(C)C,,182.087194602,False,[]
7306,Cc1cc(Sc2cc(C)c(O)c(C(C)(C)C)c2)cc(C(C)(C)C)c1O,,358.19665119999996,False,[]
7308,Cc1cc(O)c(C(C)(C)C)cc1Sc1cc(C(C)(C)C)c(O)cc1C,,358.19665119999996,False,[]
7309,CCc1ccc(O)c(C(C)(C)C)c1,,178.135765196,False,[]
7310,O=[N+]([O-])c1ccc(Cl)c(S(=O)(=O)O)c1,,236.949870908,False,[]
7311,CC(C)(C)c1ccc(O)c(C(C)(C)C)c1,,206.167065324,False,[]
7312,CC(C)N(CCCl)C(C)C,,163.112777256,False,[]
7314,O=C(O)[C@H](O)[C@@H](O)[C@H](O[C@@H]1O[C@H](CO)[C@H](O)[C@H](O)[C@H]1O)[C@H](O)CO,,358.1111261439999,False,[]
7315,CCC(Cc1c(I)cc(I)c(O)c1I)C(=O)O,,571.784238212,False,[]
7318,O=C(O)c1cc([N+](=O)[O-])ccc1O,,183.01677226,False,[]
7319,Cc1ccc(C(=O)O)cc1[N+](=O)[O-],,181.037507704,False,[]
7320,O=C(O)c1ccc(Cl)c([N+](=O)[O-])c1,,200.982885288,False,[]
7321,Nc1ccc([N+](=O)[O-])cc1[N+](=O)[O-],,183.02800564,False,[]
7322,O=C(O)c1cc(S(=O)(=O)O)ccc1O,,217.98850891200001,False,[]
7323,O=[N+]([O-])c1cc(S(=O)(=O)Cl)ccc1Cl,,254.915983936,False,[]
7324,NS(=O)(=O)c1ccc(Cl)c([N+](=O)[O-])c1,,235.96585532,False,[]
7325,CC(C)=CC1C(C(=O)OC2CC(=O)C(C3C=CCC3)=C2C)C1(C)C,,328.20384475599997,False,[]
7327,O=S(=O)(Oc1ccc(Cl)cc1Cl)c1ccccc1,,301.957120476,False,[]
7328,CCOP(=S)(OCC)Oc1ccc(Cl)cc1Cl,,313.970007266,False,[]
7329,Oc1ccc(Cl)cc1Sc1cc(Cl)ccc1O,,285.96220585599997,False,[]
7330,O=C(C(Cl)Cl)N(CCO)Cc1ccc(Cl)cc1Cl,,328.954389312,False,[]
7331,COc1ccc(C(=O)Nc2ccccc2)cc1[N+](=O)[O-],,272.079706864,False,[]
7332,CCC(=O)C(=O)Nc1ccc(C)cc1C,,205.11027872,False,[]
7333,Cc1ccccc1/N=C(\N)Nc1ccccc1C,,239.14224754399999,False,[]
7334,CCOC(=O)C1C(C=C(C)C)C1(C)C,,196.14632988,False,[]
7335,C=C(C)C1CC=C(C)C(OC(C)=O)C1,,194.130679816,False,[]
7336,C=C(C)C1CC=C(C)C(OC(=O)CC)C1,,208.14632988,False,[]
7337,COc1cc([N+](=O)[O-])ccc1N,,168.053492116,False,[]
7338,CC=Cc1ccc(O)c(OC)c1,,164.083729624,False,[]
7339,O=P(O)(O)OC[C@H]1O[C@H](OP(=O)(O)OP(=O)(O)O)[C@H](O)[C@@H]1O,,389.9518149859999,False,[]
7340,Cc1cc(/N=N/c2ccccc2C)ccc1N,,225.12659748,False,[]
7346,CC(C)C(=O)OC(=O)C(C)C,,158.094294308,False,[]
7347,CN(C)C(=S)SC(=S)N(C)C,,208.016261384,False,[]
7348,CCCCCCCCCCCC(=O)N(C)CC(=O)O,,271.214743788,False,[]
7349,CCCCCCCCC=CCCCCCCCC(=O)N(C)CCS(=O)(=O)O,,403.27562979199996,False,[]
7355,C=C(C)C(=O)OCCOC(=O)C(=C)C,,198.089208928,False,[]
7365,O=[As](O)(O)c1ccccc1,,201.961115584,False,[]
7367,ClC(Cl)(Cl)c1ccccc1,,193.9456832,False,[]
7369,O=S(=O)(Cl)c1ccccc1,,175.96987808,False,[]
7370,NS(=O)(=O)c1ccccc1,,157.019749464,False,[]
7371,O=S(=O)(O)c1ccccc1,,158.003765052,False,[]
7372,Cl[Si](Cl)(Cl)c1ccccc1,,209.92260973,False,[]
7373,O=[As](O)(O)c1ccc(O)cc1,,217.956030204,False,[]
7374,FC(F)(F)c1cccc(Cl)c1,,179.995362468,False,[]
7375,Nc1cccc(C(F)(F)F)c1,,161.045233852,False,[]
7376,Oc1cccc(C(F)(F)F)c1,,162.02924944,False,[]
7377,Nc1cccc(S(N)(=O)=O)c1,,172.030648496,False,[]
7378,Cc1cc(C)cc(C(C)(C)C)c1,,162.140850576,False,[]
7379,Cc1cc(C(C)(C)C)ccc1O,,164.120115132,False,[]
7380,CC(C)(C)c1ccc(O)c(Cl)c1,,184.065492716,False,[]
7381,CC(C)(C)c1ccc(O)c(O)c1,,166.099379688,False,[]
7382,CS(=O)(=O)c1ccc(O)c(N)c1,,187.030314148,False,[]
7383,O=S(=O)(Cl)c1ccc(Cl)c(Cl)c1,,243.891933376,False,[]
7384,Cc1cc(S(=O)(=O)O)ccc1N,,187.030314148,False,[]
7385,Nc1cc(S(=O)(=O)O)ccc1O,,189.009578704,False,[]
7386,O=[N+]([O-])c1cccc(C(F)(F)F)c1,,191.019413028,False,[]
7387,O=[N+]([O-])c1cccc(S(=O)(=O)O)c1,,202.98884326,False,[]
7388,O=S(=O)(O)c1cccc(S(=O)(=O)O)c1,,237.96057991200001,False,[]
7389,Nc1ccc([As](=O)(O)O)cc1,,216.972014616,False,[]
7391,CC(C)(C)[C@H]1CC[C@@H](O)CC1,,156.15141526,False,[]
7392,CC(C)(C)C1CCC(=O)CC1,,154.135765196,False,[]
7393,CC(C)(C)c1ccc(O)cc1,,150.104465068,False,[]
7394,FC(F)(F)c1ccc(Cl)cc1,,179.995362468,False,[]
7395,CS(=O)(=O)c1ccc(Cl)cc1,,189.985528144,False,[]
7396,O=S(=O)(Cl)c1ccc(Br)cc1,,253.880390148,False,[]
7397,Cc1ccc(S(=O)(=O)Cl)cc1,,189.985528144,False,[]
7398,O=S(=O)(Cl)c1ccc(Cl)cc1,,209.930905728,False,[]
7399,O=S(=O)(Cl)c1ccc(I)cc1,,301.86652604799997,False,[]
7400,O=S(=O)(O)c1ccc(Cl)cc1,,191.9647927,False,[]
7401,COc1ccc(S(=O)(=O)Cl)cc1,,205.980442764,False,[]
7402,CCc1ccc(S(=O)(=O)O)cc1,,186.03506518,False,[]
7403,CC(C)(C)c1ccc(C(=O)O)cc1,,178.099379688,False,[]
7404,O=[N+]([O-])c1ccc(S(=O)(=O)Cl)cc1,,220.954956288,False,[]
7411,ClC(Cl)c1ccccc1,,159.984655552,False,[]
7424,O=C(O)c1cc(O)cc(O)c1,,154.026608672,False,[]
7425,O=C(O)c1cc(O)[nH]c(=O)c1,,155.02185764,False,[]
7426,Cc1cc(C)cc([N+](=O)[O-])c1,,151.063328528,False,[]
7427,OC[C@H]1O[C@H](O[C@H]2O[C@H](CO)[C@@H](O)[C@H](O)[C@H]2O)[C@H](O)[C@@H](O)[C@@H]1O,,342.11621152399994,False,[]
7428,COC(=O)c1cc(O)c(O)c(O)c1,,184.037173356,False,[]
7429,O=[N+]([O-])c1cc(Br)c(O)c(Br)c1,,294.84796715600004,False,[]
7430,Nc1c(Cl)cc([N+](=O)[O-])cc1Cl,,205.964982728,False,[]
7431,O=C(O)c1cc(=O)cc(C(=O)O)o1,,184.00078784800002,False,[]
7432,O=C(Cl)c1cc([N+](=O)[O-])cc([N+](=O)[O-])c1,,229.973048876,False,[]
7433,O=C(O)c1cc([N+](=O)[O-])cc([N+](=O)[O-])c1,,212.006935848,False,[]
7434,O=[N+]([O-])c1cc([N+](=O)[O-])cc([N+](=O)[O-])c1,,213.002184816,False,[]
7435,COC(=O)c1cccc(C)c1,,150.06807956,False,[]
7436,CNCC(=O)c1ccc(O)c(O)c1,,181.073893212,False,[]
7437,O=C(CCl)c1cccc([N+](=O)[O-])c1,,199.003620732,False,[]
7438,C=C(C)C1CC=C(C)C(O)C1,,152.120115132,False,[]
7439,C=C(C)C1CC=C(C)C(=O)C1,,150.104465068,False,[]
7440,Cc1ccc([N+](=O)[O-])cc1C,,151.063328528,False,[]
7441,Cc1cc([N+](=O)[O-])ccc1N,,152.058577496,False,[]
7442,Cc1cc([N+](=O)[O-])ccc1O,,153.042593084,False,[]
7443,O=[N+]([O-])c1ccc(Cl)c(Cl)c1,,190.954083696,False,[]
7444,Cc1ccc([N+](=O)[O-])cc1N,,152.058577496,False,[]
7447,COc1ccc([N+](=O)[O-])cc1N,,168.053492116,False,[]
7448,O=C(O)c1ccc([N+](=O)[O-])cc1Cl,,200.982885288,False,[]
7449,O=Cc1cccc([N+](=O)[O-])c1,,151.02694302,False,[]
7450,CC(C)c1cccc(C(C)C)c1,,162.140850576,False,[]
7451,O=C(Cl)c1cccc(C(=O)Cl)c1,,201.958834728,False,[]
7452,O=[N+]([O-])c1cccc([N+](=O)[O-])c1,,168.017106608,False,[]
7453,CCC(C)c1ccc(O)cc1,,150.104465068,False,[]
7454,O=C(CBr)c1ccc(Br)cc1,,275.878539012,False,[]
7455,COC(=O)c1ccc(C)cc1,,150.06807956,False,[]
7456,COC(=O)c1ccc(O)cc1,,152.047344116,False,[]
7457,CCOC(=O)c1ccc([N+](=O)[O-])cc1,,195.053157768,False,[]
7458,CCOC(=O)CCCCCCCCC(C)c1ccc(I)cc1,,416.121228168,False,[]
7466,CC(=O)c1ccc(Br)cc1,,197.968026944,False,[]
7467,CC(=O)c1ccc(Cl)cc1,,154.018542524,False,[]
7474,O=[N+]([O-])c1ccc(Cl)cc1,,156.993056048,False,[]
7476,COc1ccc(C(C)=O)cc1,,150.06807956,False,[]
7477,COc1ccc(C(=O)Cl)cc1,,170.013457144,False,[]
7478,COc1ccc(C(=O)O)cc1,,152.047344116,False,[]
7480,CCc1ccc([N+](=O)[O-])cc1,,151.063328528,False,[]
7482,O=[N+]([O-])c1ccc(CCl)cc1,,171.008706112,False,[]
7483,CNc1ccc([N+](=O)[O-])cc1,,152.058577496,False,[]
7485,COc1ccc([N+](=O)[O-])cc1,,153.042593084,False,[]
7486,CC(C)c1ccc(C(C)C)cc1,,162.140850576,False,[]
7487,CC(=O)c1ccc([N+](=O)[O-])cc1,,165.042593084,False,[]
7488,O=C(Cl)c1ccc(C(=O)Cl)cc1,,201.958834728,False,[]
7489,O=C(O)c1ccc(C(=O)O)cc1,,166.026608672,False,[]
7490,CN(C)c1ccc(N(C)C)cc1,,164.131348512,False,[]
7491,CN(C)c1ccc([N+](=O)[O-])cc1,,166.07422756,False,[]
7492,O=[N+]([O-])c1ccc([N+](=O)[O-])cc1,,168.017106608,False,[]
7493,O=C(O)c1ccc(C(=O)O)nc1,,167.02185764,False,[]
7494,O=[N+]([O-])c1ccc(CCO)cc1,,167.058243148,False,[]
7495,CCOc1ccc([N+](=O)[O-])cc1,,167.058243148,False,[]
7496,O=[N+]([O-])c1ccc(SSc2ccc([N+](=O)[O-])cc2)cc1,,307.992548736,False,[]
7498,BrCc1ccccc1,,169.973112324,False,[]
7511,[Cl][Hg][c]1ccccc1,,313.97862084,False,[]
7512,O.[Hg][c]1ccccc1,,297.02033284400005,False,[]
7531,CC(C)(O)Cc1ccccc1,,150.104465068,False,[]
7532,O=S(=O)(O)Cc1ccccc1,,172.019415116,False,[]
7533,O=S(=O)(O)NC1CCCCC1,,179.061614276,False,[]
7534,CC1CC(OC(=O)C(O)c2ccccc2)CC(C)(C)N1C,,291.18344366,False,[]
7535,CCCCCCCCCCCCNC(=O)C[N+](C)(C)Cc1ccccc1.[Cl-],,396.29074161200003,False,[]
7536,CCCCCCCCCCCCNC(=O)C[N+](C)(C)Cc1ccccc1,,361.32134035209003,False,[]
7537,[Al+3].[CH2-]C(C)C.[CH2-]C(C)C.[CH2-]C(C)C,,198.19281449399998,False,[]
7538,CC(CN)OB(OC(C)CN)OC(C)CN,,233.19107202799998,False,[]
7539,c1ccc(N=C(Nc2ccccc2)Nc2ccccc2)cc1,,287.14224754400004,False,[]
7540,c1ccc(OP(Oc2ccccc2)Oc2ccccc2)cc1,,310.07588097,False,[]
7541,Clc1nc(Cl)nc(Nc2ccccc2Cl)n1,,273.9579792,False,[]
7542,CC(Oc1cccc(Cl)c1)C(=O)O,,200.024021828,False,[]
7543,Nc1ccc(Cc2ccc(N)c(Cl)c2)cc1Cl,,266.037753744,False,[]
7544,COc1cccc(Nc2ccccc2)c1,,199.099714036,False,[]
7545,Clc1cccc(Nc2ccccc2)c1,,203.050177,False,[]
7546,Oc1cccc(Nc2ccccc2)c1,,185.084063972,False,[]
7547,O=C(Nc1ccc(Cl)cc1)Nc1ccc(Cl)c(Cl)c1,,313.978045948,False,[]
7548,FC(F)(F)c1cccc(Nc2ccccc2)c1,,237.07653398,False,[]
7549,O=NN1CN2CN(C1)CN(N=O)C2,,186.08652356,False,[]
7550,CN(C)C(=O)Oc1ccc[n+](C)c1.[Br-],,260.016039756,False,[]
7551,O=C(Nc1cccc(Cl)c1)OCC#CCCl,,257.001033888,False,[]
7552,COc1cc(CC2=NCCN2)cc(OC)c1OC,,250.131742436,False,[]
7553,OCCN(CCO)Cc1ccccc1,,195.125928784,False,[]
7554,CCCC(CC(OCC)OCC)OCC,,218.188194692,False,[]
7555,C=CCOc1nc(OCC=C)nc(OCC=C)n1,,249.11134134,False,[]
7556,O=C1C(Cl)=CC(=NCl)C=C1Cl,,208.920196724,False,[]
7558,CNC(C)CC1CCCCC1,,155.167399672,False,[]
7559,COC(=O)Cc1ccccc1,,150.06807956,False,[]
7560,CN(C)C(=O)Nc1ccccc1,,164.094963004,False,[]
7561,C=C(C)C(=O)OC1CCCCC1,,168.115029752,False,[]
7562,c1ccc(CC2OCCO2)cc1,,164.083729624,False,[]
7563,Oc1ccc(Cc2ccccc2)cc1,,184.088815004,False,[]
7564,Nc1ccc(Nc2ccccc2)cc1,,184.100048384,False,[]
7565,Brc1ccc(Oc2ccccc2)cc1,,247.983677008,False,[]
7566,Nc1ccc(Sc2ccc([N+](=O)[O-])cc2)cc1,,246.04629856,False,[]
7567,CN(C)c1ccc(Cc2ccc(N(C)C)cc2)cc1,,254.17829870399999,False,[]
7568,O=[N+]([O-])c1ccc(Oc2ccc([N+](=O)[O-])cc2)cc1,,260.04332135600004,False,[]
7569,CCCCCCCCc1ccc(Nc2ccc(CCCCCCCC)cc2)cc1,,393.339550376,False,[]
7570,O=C=Nc1ccc(Cc2ccc(N=C=O)cc2)cc1,,250.07422756,False,[]
7571,COc1ccc(Nc2ccc(OC)cc2)cc1,,229.11027872,False,[]
7572,NC(=O)Oc1ccc(Cc2ccccc2)cc1,,227.094628656,False,[]
7573,CC(C)Nc1ccc(Nc2ccccc2)cc1,,226.146998576,False,[]
7574,CC(C)Oc1ccc(Nc2ccccc2)cc1,,227.131014164,False,[]
7575,c1ccc(/N=N/c2ccc(Nc3ccccc3)cc2)cc1,,273.12659748000004,False,[]
7576,Clc1ccc(Cc2ccc(Cl)cc2)cc1,,236.01595568,False,[]
7577,Nc1ccc(Cc2ccc(N)cc2)cc1,,198.115698448,False,[]
7578,Nc1ccc(Oc2ccc(Cl)cc2)cc1,,219.04509162,False,[]
7579,Nc1ccc(Oc2ccc(N)cc2)cc1,,200.094963004,False,[]
7580,c1ccc(Cc2ccccc2)cc1,,168.093900384,False,[]
7581,c1ccc(Cc2ccccn2)cc1,,169.089149352,False,[]
7582,C1CCC(NC2CCCCC2)CC1,,181.183049736,False,[]
7583,c1ccc(Oc2ccccc2)cc1,,170.07316494,False,[]
7584,CCCCCC(=Cc1ccccc1)CO,,204.15141526,False,[]
7585,CCCCCCC(C=O)=Cc1ccccc1,,216.15141526,False,[]
7586,c1cc(OCC2CO2)cc(OCC2CO2)c1,,222.089208928,False,[]
7587,CC(=O)CC(=O)Nc1ccc(Cl)cc1,,211.04000624,False,[]
7588,CCOc1ccc(/N=C(\C)Nc2ccc(OCC)cc2)cc1,,298.168127944,False,[]
7589,CCC(C)Nc1ccc(NC(C)CC)cc1,,220.19394876799998,False,[]
7590,CCOC(=O)Cc1ccccc1,,164.083729624,False,[]
7591,CCOC(=O)Nc1ccccc1,,165.078978592,False,[]
7592,CC(=O)CC(=O)Nc1ccccc1,,177.078978592,False,[]
7593,O=C(Cc1ccccc1)Cc1ccccc1,,210.104465068,False,[]
7594,N/C(=N\c1ccccc1)Nc1ccccc1,,211.110947416,False,[]
7595,O=C(Nc1ccccc1)Nc1ccccc1,,212.094963004,False,[]
7597,O=C(Oc1ccccc1)Oc1ccccc1,,214.06299418,False,[]
7598,O=C(O)CCC(=O)Nc1ccccc1,,193.073893212,False,[]
7599,COc1ccc(COC(=O)Cc2ccccc2)cc1,,256.10994437200003,False,[]
7600,CC(C)CCOC(=O)Cc1ccccc1,,206.130679816,False,[]
7601,O=C(Cc1ccccc1)OCCc1ccccc1,,240.115029752,False,[]
7602,CCc1cc(CC)cc(CC)c1,,162.140850576,False,[]
7604,CC(=O)Nc1cccc(N)c1,,150.07931294,False,[]
7605,CCCCCCCCCCCC[N+](C)(C)Cc1ccc(Cl)c(Cl)c1.[Cl-],,407.19133319199995,False,[]
7606,CCCCCCCCCCCC[N+](C)(C)Cc1ccc(Cl)c(Cl)c1,,372.22193193208994,False,[]
7607,O=C=Nc1ccc(Cl)c(Cl)c1,,186.959169076,False,[]
7609,ClCc1ccc(Cl)c(Cl)c1,,193.9456832,False,[]
7611,[Fe+2].c1cc[cH-]c1.c1cc[cH-]c1,,186.01318781999998,False,[]
7613,COc1ccc(OC)c(N)c1,,153.078978592,False,[]
7614,CC(C)=CCC(CC(C)C)OCC=O,,198.161979944,False,[]
7615,CC(O)CN(CCN(CC(C)O)CC(C)O)CC(C)O,,292.236207504,False,[]
7619,c1ccc2sc(SN3CCOCC3)nc2c1,,252.039105004,False,[]
7620,CCCCN(CCO)CCO,,161.141578848,False,[]
7621,CCCCN(CCO)CCCC,,173.177964356,False,[]
7622,CCCCN(CCCC)CCCC,,185.21434986399998,False,[]
7623,CCCCOP(OCCCC)OCCCC,,250.169781354,False,[]
7624,CCCCCCCCCCCCN(CCCCCCCCCCCC)CCCCCCCCCCCC,,521.5899514,False,[]
7627,[Hg+][c]1ccccc1.[O-]B(O)O,,340.01946748399996,False,[]
7629,[Hg+][c]1ccccc1,,279.00921958009,False,[]
7630,CC(O)CNC1CCCCC1,,157.146664228,False,[]
7631,O=C(S)Cc1ccccc1,,152.029585876,False,[]
7632,CC(C)(O)CCc1ccccc1,,164.120115132,False,[]
7633,CC(=O)OC(C)(C)CCc1ccccc1,,206.130679816,False,[]
7634,CCCCC(CC)CCC(C)O,,172.182715388,False,[]
7635,CCCCC(CC)COC(C)=O,,172.14632988,False,[]
7636,C=CC(=O)OCC(CC)CCCC,,184.14632988,False,[]
7637,Oc1ccc(NCc2ccccc2)cc1,,199.099714036,False,[]
7638,Oc1ccc(OCc2ccccc2)cc1,,200.083729624,False,[]
7639,Clc1ccc(CSc2ccc(Cl)cc2)cc1,,267.98802668,False,[]
7640,Nc1ccc(/N=N/c2ccc(O)cc2)cc1,,213.090211972,False,[]
7641,CCCCC(CC)COC(=O)CCCCC(=O)OCC(CC)CCCC,,370.308309824,False,[]
7642,CCCCC(CC)COC(=O)CCCCCCCC(=O)OCC(CC)CCCC,,412.355260016,False,[]
7643,COC(=O)CCc1ccccc1,,164.083729624,False,[]
7644,COC(=O)C=Cc1ccccc1,,162.06807956,False,[]
7645,CCC(=O)O.[Hg][c]1ccccc1,,353.046547592,False,[]
7646,CC(C)C(=O)OCc1ccccc1,,178.099379688,False,[]
7647,c1ccc(CCc2ccccc2)cc1,,182.109550448,False,[]
7648,C1CN(SSN2CCOCC2)CCO1,,236.065319752,False,[]
7649,CCOC(=O)C=Cc1ccccc1,,176.083729624,False,[]
7650,CCCC(=O)OCc1ccccc1,,178.099379688,False,[]
7651,CC(C)CC(=O)OCc1ccccc1,,192.115029752,False,[]
7652,O=C(C=Cc1ccccc1)OCc1ccccc1,,238.099379688,False,[]
7653,O=C(CCC(=O)OCc1ccccc1)OCc1ccccc1,,298.120509056,False,[]
7654,CC(=O)OCCc1ccccc1,,164.083729624,False,[]
7655,CC(C)C(=O)OCCc1ccccc1,,192.115029752,False,[]
7656,c1ccc(CNCc2ccccc2)cc1,,197.12044948,False,[]
7657,c1ccc(COCc2ccccc2)cc1,,198.104465068,False,[]
7658,CCCC(=O)OCCc1ccccc1,,192.115029752,False,[]
7659,O=C(C=Cc1ccccc1)OCCc1ccccc1,,252.115029752,False,[]
7660,CC(=O)OCC=Cc1ccccc1,,176.083729624,False,[]
7661,CCC(=O)OCC=Cc1ccccc1,,190.099379688,False,[]
7662,CC(C)C(=O)OCCCc1ccccc1,,206.130679816,False,[]
7663,CC(C)C(=O)OCC=Cc1ccccc1,,204.115029752,False,[]
7664,CCCC(=O)OCC=Cc1ccccc1,,204.115029752,False,[]
7665,CCCCNc1ccc(O)cc1,,165.1153641,False,[]
7666,BrCCc1ccccc1,,183.988762388,False,[]
7667,BrC=Cc1ccccc1,,181.973112324,False,[]
7679,O=C(Cl)Cc1ccccc1,,154.018542524,False,[]
7683,CC(=O)Nc1ccc(Br)cc1,,212.978925976,False,[]
7685,Cc1ccc(OC(=O)C(C)C)cc1,,178.099379688,False,[]
7686,O=C(O)C(=O)Nc1ccc([N+](=O)[O-])cc1,,210.027671292,False,[]
7687,CC(C)c1ccc(C(C)CC=O)cc1,,190.135765196,False,[]
7688,CCCCCCC(C)Nc1ccc(NC(C)CCCCCC)cc1,,332.31914928,False,[]
7689,CCCCCCCCCCCCCCCCCC(=O)Nc1ccc(O)cc1,,375.313729552,False,[]
7690,COc1ccc(CC(=O)O)cc1,,166.06299418,False,[]
7691,CC(=O)Nc1ccc([N+](=O)[O-])cc1,,180.053492116,False,[]
7693,O=C=Nc1ccc(Cl)cc1,,152.998141428,False,[]
7695,COc1ccc(COC(C)=O)cc1,,180.078644244,False,[]
7696,CCOCCOC(=O)C=Cc1ccc(OC)cc1,,250.120509056,False,[]
7697,OCC(O)COc1ccc(Cl)cc1,,202.039671892,False,[]
7698,CC(=O)OCCc1ccc([N+](=O)[O-])cc1,,209.068807832,False,[]
7699,CCCCNc1ccc(C(=O)OCCOCCOCCOCCOCCOCCOCCOCCOCCOC)cc1,,603.3618615159999,False,[]
7700,CCCCCCCCCc1ccc(OCCO)cc1,,264.208930136,False,[]
7701,CCCCCCCCCCCCc1ccc(N)cc1,,261.245649992,False,[]
7702,CCCc1ccc(OC)cc1,,150.104465068,False,[]
7706,ClCCCc1ccccc1,,154.054928032,False,[]
7709,CCCCCCCCC=CCCCCCCCC(=O)O.[Hg][c]1ccccc1,,561.2656484879999,False,[]
7710,CCCCCC1CCC(=O)O1,,156.115029752,False,[]
7711,O=COCCc1ccccc1,,150.06807956,False,[]
7712,O=COCC=Cc1ccccc1,,162.06807956,False,[]
7713,c1ccc(OCCOc2ccccc2)cc1,,214.099379688,False,[]
7714,CCCCCCCC1CCC(=O)O1,,184.14632988,False,[]
7715,OCCOCCOc1ccccc1,,182.094294308,False,[]
7716,CCCCCCCCCCc1ccccc1,,218.203450832,False,[]
7717,CCCCCCCCCCCC[n+]1ccccc1.[Cl-],,283.20667764,False,[]
7718,CCCCCCCCCCCC[n+]1ccccc1,,248.23727638008998,False,[]
7721,Cc1ccc(CBr)cc1,,183.988762388,False,[]
7723,ClCc1ccc(Cl)cc1,,159.984655552,False,[]
7730,COc1ccc(Br)cc1,,185.968026944,False,[]
7733,CC(C)COC(=O)CCc1ccco1,,196.109944372,False,[]
7736,CN(C)c1ccc(N)cc1.Cl,,172.076726096,False,[]
7739,CCN(CC)CCCC(C)=O,,157.146664228,False,[]
7740,CCN(CC)CC#CCN(CC)CC,,196.19394876799998,False,[]
7744,CCCCCCCCCCCCCCCCCC1=NCCN1,,308.31914928,False,[]
7748,CCOC(=O)CBr,,165.962941564,False,[]
7760,CC(C)CC(C)OC(=O)C=CC(=O)OC(C)CC(C)C,,284.198759376,False,[]
7761,CCOC(=O)CC(=O)OCC,,160.073558864,False,[]
7769,CC(C)OC(=O)OOC(=O)OC(C)C,,206.079038168,False,[]
7773,CCCCCCCCCCCC(=O)OOC(=O)CCCCCCCCCCC,,398.339609952,False,[]
7774,CCCCOC(=O)C=CC(=O)OCCCC,,228.13615912,False,[]
7775,CCCCCC(=O)OCC(C)C,,172.14632988,False,[]
7776,CC(C)COC(=O)CCCCCCCC(=O)OCC(C)C,,300.230059504,False,[]
7778,CC(C)=CCCC(C)CCOC=O,,184.14632988,False,[]
7779,CC(C)=CCCC(C)=CCOC=O,,182.130679816,False,[]
7780,CC(=O)OCC=C(C)CCC=C(C)C,,196.14632988,False,[]
7781,C=C(C)CCCC(C)CCOC(=O)CC,,212.177630008,False,[]
7782,CCC(=O)OCC=C(C)CCC=C(C)C,,210.161979944,False,[]
7783,CCCCCCCCCCOC(=O)CCCCC(=O)OCCCCCCCCCC,,426.37091008,False,[]
7784,CCCCOC(=O)CCCCC(=O)OCCCC,,258.183109312,False,[]
7785,CCCCCCCCCCCC1CCC(=O)O1,,240.208930136,False,[]
7786,CCCCCCCCC(=O)OCCOCCOCCOC(=O)CCCCCCCC,,430.32943919199994,False,[]
7787,CCCCCCCCCC(=O)OCCOCCOCCOC(=O)CCCCCCCCC,,458.36073931999994,False,[]
7788,CCCCCCCCCCCCCCCCCC(=O)OCCOCCO,,372.32395988799993,False,[]
7789,CCCCCCC(O)CCCCCCCCCCC(=O)O,,300.26644501199996,False,[]
7790,CCCOC(=O)CCCCC(=O)OCCC,,230.151809184,False,[]
7791,CCCCC(CC)CNCC(CC)CCCC,,241.27695012,False,[]
7792,CC(C)CCCC(C)CCO,,158.167065324,False,[]
7793,CC(C)=CCC[C@H](C)CCO,,156.15141526,False,[]
7794,CC(C)=CCCC(C)CC=O,,154.135765196,False,[]
7795,CCCC(=O)OCCC(C)C,,158.130679816,False,[]
7796,CCCC(=O)OCC=C(C)CCC=C(C)C,,224.177630008,False,[]
7797,CCCCCCC(=O)OCC,,158.130679816,False,[]
7798,CCCC(=O)OC(=O)CCC,,158.094294308,False,[]
7799,CCCCCCCC(=O)OCC,,172.14632988,False,[]
7800,CCCCCCCCCCCC(=O)OCC,,228.208930136,False,[]
7801,O=C1C=CC(=O)C=C1.Oc1ccc(O)cc1,,218.0579088,False,[]
7804,Brc1ccc(Br)cc1,,233.867974328,False,[]
7805,Cc1ccc(Br)cc1,,169.973112324,False,[]
7806,Clc1ccc(Br)cc1,,189.918489908,False,[]
7807,Nc1ccc(Br)cc1,,170.968361292,False,[]
7808,Oc1ccc(Br)cc1,,171.95237688,False,[]
7828,O=C(Cl)OCCOCCOC(=O)Cl,,229.974878716,False,[]
7829,COC(=O)CCCCCCCCC(=O)OC,,230.151809184,False,[]
7830,CCCCCCCCC1OC1CCCCCCCC(=O)OCCCC,,354.31339520399996,False,[]
7831,CCCCCCCCOC(=O)CCCCCCCC1OC1CCCCCCCC,,410.37599545999996,False,[]
7839,BrCCBr,,185.867974328,False,[]
7862,C[CH2][Hg][Cl],,265.97862084,False,[]
7867,C=CC[Si](Cl)(Cl)Cl,,173.92260973,False,[]
7873,CCOP(=O)(OCC)OP(=O)(OCC)OCC,,290.06842624,False,[]
7874,C[Si]1(C)O[Si](C)(C)O[Si](C)(C)O[Si](C)(C)O[Si](C)(C)O[Si](C)(C)O[Si](C)(C)O1,,518.1315393939999,False,[]
7875,C[Si](C)(C)O[Si](C)(C)O[Si](C)(C)O[Si](C)(C)O[Si](C)(C)O[Si](C)(C)C,,458.16478362399994,False,[]
7876,CC(C)OP(=S)(S)OC(C)C,,214.02510834999998,False,[]
7879,CCCCCCCCCCCCCCCCCC[N+](C)(C)CCCCCCCCCCCCCCCCCC.[Cl-],,585.59792924,False,[]
7880,CCCCCCCCCCCCCCCCCC[N+](C)(C)CCCCCCCCCCCCCCCCCC,,550.62852798009,False,[]
7881,CCCCOP(=O)(O)OCCCC,,210.102095718,False,[]
7883,NC(=O)OCC(Cl)(Cl)Cl,,190.930761408,False,[]
7885,CCCCC[Si](Cl)(Cl)Cl,,203.969559922,False,[]
7886,C[N+](C)(C)CCOP(=O)(O)O.[Cl-],,219.04272226999998,False,[]
7887,CC(C)CCCC(C)C(O)CO,,174.161979944,False,[]
7888,CC(CC=O)CCCC(C)(C)O,,172.14632988,False,[]
7889,CC(Br)CCBr,,213.899274456,False,[]
7890,CCCC(C)Br,,150.004412452,False,[]
7891,CC(C)CCBr,,150.004412452,False,[]
7905,CC(=O)O.[CH3][Hg],,277.015247464,False,[]
7906,[CH3][Hg],,216.994118096,False,[]
7925,CCOP(=O)(OCC)Oc1cc(C)[nH]n1,,234.07694358999998,False,[]
7926,CCOP(=S)(OCC)Oc1cc(C)[nH]n1,,250.05409996999998,False,[]
7927,Brc1cccc(Br)c1,,233.867974328,False,[]
7928,Clc1cccc(Br)c1,,189.918489908,False,[]
7942,CC(=O)Oc1cccc(OC(C)=O)c1,,194.0579088,False,[]
7944,CC(CCl)OC(C)CCl,,170.026520364,False,[]
7950,Clc1cc(Cl)cc(Cl)c1,,179.930033136,False,[]
7954,Clc1nc(Cl)nc(Cl)n1,,182.91578004,False,[]
7960,BrC1CCCCC1,,162.004412452,False,[]
7961,Brc1ccccc1,,155.95746226,False,[]
7973,Brc1ccccn1,,156.952711228,False,[]
7979,C=C(C)C(=O)OCCOCCOCCOC(=O)C(=C)C,,286.141638424,False,[]
7980,C=C(C)C(=O)OCCOCCOCCOCCOC(=O)C(=C)C,,330.167853172,False,[]
7981,CCCCOC(=O)CC(C)C,,158.130679816,False,[]
7982,CC(C)=CCC=C(C)CCOC(=O)CC(C)C,,238.193280072,False,[]
7984,O=C1CCCCCCCCCCCCCCCO1,,254.2245802,False,[]
7985,CCCCCCOC(=O)CCCCCCCC(=O)OCCCCCC,,356.29265976,False,[]
7986,CCCCOC(=O)CCCCCCCCC(=O)OCCCC,,314.245709568,False,[]
7987,CCOCCOC(=O)CCCCC(=O)OCCOCC,,290.172938552,False,[]
7999,CC(=O)[O-].C[CH2][Hg+],,290.023072496,False,[]
8001,BrCCCBr,,199.883624392,False,[]
8006,ClCCCBr,,155.934139972,False,[]
8032,O=S(=O)(O)CCS(=O)(=O)O,,189.96057991200001,False,[]
8041,C=CC(=O)NCNC(=O)C=C,,154.07422756,False,[]
8042,CCCCCCCCCCCCCC(=O)OC(C)C,,270.255880328,False,[]
8043,CCCCCCCCCCOC(=O)CCCCC(=O)OCCCCCCCC,,398.339609952,False,[]
8044,CCCCCCCCCCCCCCCCCC(=O)NCCNC(=O)CCCCCCCCCCCCCCCCC,,592.590679672,False,[]
8045,CCCCCCOCCOC(=O)CCCCC(=O)OCCOCCCCCC,,402.298139064,False,[]
8046,CCCCCCOC(=O)CCCCC(=O)OCCCCCC,,314.245709568,False,[]
8047,CCCCCCCCCCCCCC(=O)OCCCC,,284.271530392,False,[]
8048,CCCCCCCCCC(=O)OCC,,200.177630008,False,[]
8049,CCOC(=O)CCCCCCCCC(=O)OCC,,258.183109312,False,[]
8050,CCCCCCCCCC(=O)OC,,186.161979944,False,[]
8055,CCCCOC(=S)S,,150.01730694,False,[]
8056,BrCCCCBr,,213.899274456,False,[]
8057,CCCCCBr,,150.004412452,False,[]
8089,CC(C)CCCC(C)CCCC(C)CCCCC(C)CCCC(C)CCCC(C)C,,422.48515198399997,False,[]
8090,CCCCCCCCCCCCCCCC(=O)OCCCC,,312.30283052,False,[]
8091,CCCCCCCC(=O)OC,,158.130679816,False,[]
8092,CCCCCC#CC(=O)OC,,154.099379688,False,[]
8096,O=C(O)CCSCCC(=O)O,,178.0299798,False,[]
8097,CN(C)CCCCCCN(C)C,,172.19394876799998,False,[]
8098,CC(=O)OCCOCCOCCOC(C)=O,,234.110338296,False,[]
8099,O=[N+]([O-])OCCOCCOCCO[N+](=O)[O-],,240.059365344,False,[]
8100,BrCCCCCBr,,227.91492452,False,[]
8101,CCCCCCBr,,164.020062516,False,[]
8122,CCCCCCCCCCCCCCCCCC(=O)OCC,,312.30283052,False,[]
8123,CCCCCCCCC=CCCCCCCCC(=O)OCC,,310.287180456,False,[]
8124,CCCCCCCC(=O)Cl,,162.08114278,False,[]
8136,CCCCCCC=CC(=O)OC,,170.130679816,False,[]
8137,CCCCCCC#CC(=O)OC,,168.115029752,False,[]
8138,C=CCCCCCCCCC(=O)OC,,198.161979944,False,[]
8139,CCCCCCCCCCCC(=O)OC,,214.193280072,False,[]
8140,CCCCCCCCBr,,192.051362644,False,[]
8147,ClCCOCOCCCl,,172.00578492,False,[]
8152,CCCCCCCCCCCC[N+](C)(C)C.[Cl-],,263.237977768,False,[]
8153,CCCCCCCCCCCC[N+](C)(C)C,,228.26857650809,False,[]
8154,CCCCCCCCCCCCCCCC[N+](C)(C)C.[Cl-],,319.30057802399995,False,[]
8155,CCCCCCCCCCCCCCCCCC[N+](C)(C)C.[Cl-],,347.331878152,False,[]
8156,CCCCCCCCCCCCCCCCCC[N+](C)(C)C,,312.36247689209,False,[]
8157,CCCCCCCCCCCCCCCCCC[Si](Cl)(Cl)Cl,,386.173010754,False,[]
8158,CCCCCCCCC(=O)O,,158.130679816,False,[]
8159,CCCCCCCOC(C)=O,,158.130679816,False,[]
8160,CCCCOCCOC(C)=O,,160.109944372,False,[]
8161,CCCCCCCCC=CCCCCCCCC(=O)CC(C)=O,,322.287180456,False,[]
8162,CCCCCCCCCCCCCCCCCC(=O)OC(C)C,,326.318480584,False,[]
8163,CCCCCCCCCC(C)=O,,170.167065324,False,[]
8164,CCCCCCCCOC(C)=O,,172.14632988,False,[]
8165,CCOCCOCCOC(C)=O,,176.104858992,False,[]
8166,CCCCCCCCCCCC(=O)Cl,,218.143743036,False,[]
8167,CCCCCCCCCCOC(C)=O,,200.177630008,False,[]
8168,CCCCCCCCCCCCN(C)C,,213.24564999199998,False,[]
8171,ClCCOCCOCCCl,,186.021434984,False,[]
8172,OCCOCCOCCO,,150.089208928,False,[]
8173,CCCCCCCCCCBr,,220.082662772,False,[]
8174,CCCCCCCCCCO,,158.167065324,False,[]
8175,CCCCCCCCCC=O,,156.15141526,False,[]
8176,CCCCCCCCOC=O,,158.130679816,False,[]
8177,CCCCOCCOCCO,,162.125594436,False,[]
8178,COCCOCCOCCO,,164.104858992,False,[]
8179,CCOCCOCCOCC,,162.125594436,False,[]
8180,CCCCCCCCCCC(=O)O,,186.161979944,False,[]
8181,CCCCCCCCCCCCCCCC(=O)OC,,270.255880328,False,[]
8182,CCCCCCCCCCCC,,170.203450832,False,[]
8183,C=CCCCCCCCCCC,,168.187800768,False,[]
8184,CCCCCCCCCCCO,,172.182715388,False,[]
8185,C=CCCCCCCCCCO,,170.167065324,False,[]
8186,CCCCCCCCCCC=O,,170.167065324,False,[]
8187,C=CCCCCCCCCC=O,,168.15141526,False,[]
8188,CCCCOCCOCCCC,,174.161979944,False,[]
8189,COCCOCCOCCOC,,178.120509056,False,[]
8190,CCOCCOCCOCCO,,178.120509056,False,[]
8191,CCCCCSSCCCCC,,206.116292704,False,[]
8192,CCCCCCCCCCCCCl,,204.16447847999999,False,[]
8193,CCCCCCCCCCCCO,,186.198365452,False,[]
8194,CCCCCCCCCCCC=O,,184.182715388,False,[]
8195,CCCCCCCCCCCCS,,202.175521832,False,[]
8196,CCCCOCCOCCSC#N,,203.097999784,False,[]
8197,NCCNCCNCCNCCN,,189.19534573599998,False,[]
8198,CCCCCCOCCCCCC,,186.198365452,False,[]
8199,CCCCCCOCCOCCO,,190.156894564,False,[]
8200,OCCOCCOCCOCCO,,194.115423676,False,[]
8201,CCCCCCCCCCCCCCCCCC(=O)OC,,298.287180456,False,[]
8202,CCCCCCCCC=CCCCCCCCC(=O)OC,,296.271530392,False,[]
8203,CCCCCC=CCC=CCCCCCCCC(=O)OC,,294.255880328,False,[]
8204,CCCCCCCCCCCCN=C(N)N,,227.23614792799998,False,[]
8205,CCCCCCCCCCCCOC(C)=O,,228.208930136,False,[]
8206,CCCCCCCCCCCCCCCC(=O)Cl,,274.206343292,False,[]
8207,CCCCCCCCCCCCCO,,200.214015516,False,[]
8208,CCCCCCCCCCCCCCBr,,276.145263028,False,[]
8209,CCCCCCCCCCCCCCO,,214.22966558,False,[]
8210,CCCCOCCOCCOCCCC,,218.188194692,False,[]
8211,CCCCCCCCCCCCCCN(C)C,,241.27695012,False,[]
8212,CCCCCCCCCCCCCCCCCC(=O)Cl,,302.23764342,False,[]
8213,CCCCCCCCCCCCCCCCBr,,304.17656315600004,False,[]
8214,CCCCCCCCC=CCCCCCCCCCCCC(N)=O,,337.334464996,False,[]
8215,CCCCCCCCCCCCCCCCCCCCCC(=O)O,,340.3341306479999,False,[]
8216,CCCCCCCCC=CCCCCCCCCCCCC(=O)O,,338.31848058399993,False,[]
8217,C=CCCCCCCCCCCCCCCCC,,252.281701152,False,[]
8218,CCCCCCCCCCCCCCCCCCBr,,332.20786328400004,False,[]
8219,CCCCCCCCC=CCCCCCCCCN,,267.292600184,False,[]
8220,CCCCCCCCC=CCCCCCCCC#N,,263.261300056,False,[]
8221,CCCCCCCCCCCCCCCCCCO,,270.292265836,False,[]
8222,CCCCCCCCCCCCCCCCCCCC,,282.328651344,False,[]
8223,CN1C[C@H](C(=O)N[C@]2(C)O[C@@]3(O)[C@@H]4CCCN4C(=O)[C@H](Cc4ccccc4)N3C2=O)C=C2c3cccc4[nH]cc(c34)C[C@H]21,,581.2638192200001,False,[]
8225,CCC(=O)Oc1ccc2c(c1)CC[C@@H]1[C@@H]2CC[C@]2(C)[C@@H](OC(=O)CC)CC[C@@H]12,,384.23005950399994,False,[]
8226,CC[C@@H](CO)NC(=O)[C@@H]1C=C2c3cccc4[nH]cc(c34)C[C@H]2N(C)C1,,339.19467704000004,False,[]
8227,CCCCC(CC)CN1C(=O)C2C3C=CC(C3)C2C1=O,,275.18852904,False,[]
8228,CN(C)CCCN1c2ccccc2CCc2ccccc21.Cl,,316.17062648,False,[]
8231,CN(C)CCC(c1ccc(Cl)cc1)c1ccccn1.O=C(O)C=CC(=O)O,,390.1346348959999,False,[]
8233,CC[C@H]1OC(=O)[C@H](C)[C@@H](O[C@H]2C[C@@](C)(OC)[C@@H](O)[C@H](C)O2)[C@H](C)[C@@H](O[C@H]2O[C@@H](C)C[C@@H](N(C)C)[C@@H]2O)[C@](C)(O)C[C@@H](C)C(=O)[C@H](C)[C@@H](O)[C@]1(C)O,,733.4612412040001,False,[]
8236,NC(=O)Nc1ccccc1Cl,,170.024690524,False,[]
8237,CCCC(=O)C1=C(O)C(Cc2c(O)c(C)c(O)c(C(=O)CCC)c2O)=C(O)C(C)(C)C1=O,,446.1940679199999,False,[]
8238,CCCC(=O)C1=C(O)C(Cc2c(OC)cc(O)c(C(=O)CCC)c2O)=C(O)C(C)(C)C1=O,,446.1940679199999,False,[]
8239,CC(C)NCC(O)c1ccc(O)c(O)c1.CC(C)NCC(O)c1ccc(O)c(O)c1.O=S(=O)(O)O,,520.2090663519999,False,[]
8240,Br.CN1[C@H]2CC(OC(=O)C(CO)c3ccccc3)C[C@H]1[C@H]1O[C@H]12,,383.07322028399994,False,[]
8241,CN1[C@H]2CC(OC(=O)C(CO)c3ccccc3)C[C@H]1C1OC12,,303.147058152,False,[]
8244,Cl.Cl.O=C(Nc1ccc(NC2=NCCN2)cc1)c1ccc(C(=O)Nc2ccc(NC3=NCCN3)cc2)cc1,,554.1712274960001,False,[]
8245,O=C(Nc1ccc(NC2=NCCN2)cc1)c1ccc(C(=O)Nc2ccc(NC3=NCCN3)cc2)cc1,,482.2178720720001,False,[]
8246,CN(C)C(=O)Oc1cccc([N+](C)(C)C)c1.[Br-],,302.062989948,False,[]
8247,CC(=O)NNc1ccccc1,,150.07931294,False,[]
8248,C/N=C(/NCc1ccccc1)[NH2+]C.C/N=C(/NCc1ccccc1)[NH2+]C.O=S(=O)([O-])[O-],,452.2205745039999,False,[]
8249,NC(N)=N/C(N)=N/CCc1ccccc1,,205.13274547999998,False,[]
8250,ON=Cc1cc[n+](COC[n+]2ccc(C=NO)cc2)cc1.[Cl-].[Cl-],,358.05994573199996,False,[]
8251,ON=Cc1cc[n+](COC[n+]2ccc(C=NO)cc2)cc1,,288.12114321217996,False,[]
8253,[CH3][Hg+].[Cl-],,251.962970776,False,[]
8256,O=CC(Br)(Br)Br,,277.75775095200004,False,[]
8260,CC[Si](Cl)(Cl)Cl,,161.92260973,False,[]
8262,CCS(=O)(=O)C(C)(C)S(=O)(=O)CC,,228.049000992,False,[]
8263,FC1(F)C(F)(F)C(F)(F)C1(F)F,,199.98722576,False,[]
8264,CN(C)P(=O)(F)N(C)C,,154.06712785399998,False,[]
8265,O=C1OC(=O)C2C1C1(Cl)C(Cl)=C(Cl)C2(Cl)C1(Cl)Cl,,367.81351000399997,False,[]
8266,O=C(O)C1C(C(=O)O)C2(Cl)C(Cl)=C(Cl)C1(Cl)C2(Cl)Cl,,385.824074688,False,[]
8267,CC1(C)C2CCC1(C)C(OC(=O)CSC#N)C2,,253.113649848,False,[]
8268,OC(c1ccc(Cl)cc1)(c1ccc(Cl)cc1)C(Cl)(Cl)Cl,,367.909603308,False,[]
8269,CC(=O)Oc1ccc(C2(c3ccc(OC(C)=O)cc3)C(=O)Nc3ccccc32)cc1,,401.12632270800003,False,[]
8270,COC1=CC=C2[C@@H]3Cc4ccc(OC)c5c4[C@@]2(CCN3C)[C@H]1O5,,311.152143532,False,[]
8271,CCC1(c2ccccc2)C(=O)NC(=O)N(C)C1=O,,246.100442308,False,[]
8272,O=S1(=O)OC(c2cc(Br)c(O)c(Br)c2)(c2cc(Br)c(O)c(Br)c2)c2ccccc21,,665.69824282,False,[]
8273,Cc1cc(C2(c3cc(C)c(O)c(Br)c3)OS(=O)(=O)c3ccccc32)cc(Br)c1O,,537.908518812,False,[]
8274,C=CCC1(c2ccccc2)C(=O)NC(=O)NC1=O,,244.084792244,False,[]
8275,C=CCC1(C(C)CC)C(=O)NC(=O)NC1=O,,224.116092372,False,[]
8276,CC[N+](C)(C)CCC(C(N)=O)(c1ccccc1)c1ccccc1.[Br-],,390.1306755840001,False,[]
8277,CC[N+](C)(C)CCC(C(N)=O)(c1ccccc1)c1ccccc1,,311.21178990409004,False,[]
8280,CCC1(C)OC(=O)N(C)C1=O,,157.073893212,False,[]
8281,CC(C)=CC(=O)NS(=O)(=O)c1ccc(N)cc1,,254.072513308,False,[]
8283,CC(=CCCC1(C)C2CC3C(C2)C31C)CO,,220.182715388,False,[]
8286,CCCC[P+](CCCC)(CCCC)Cc1ccc(Cl)cc1Cl.[Cl-],,396.130720694,False,[]
8287,CCCC[P+](CCCC)(CCCC)Cc1ccc(Cl)cc1Cl,,361.16131943409,False,[]
8288,CC[N+](CC)(CCNC(=O)C(=O)NCC[N+](CC)(CC)Cc1ccccc1Cl)Cc1ccccc1Cl.[Cl-].[Cl-],,606.206187304,False,[]
8289,O=P(Oc1ccccc1)(Oc1ccccc1)Oc1ccccc1,,326.07079559000005,False,[]
8290,CCCCCCCCOP(=O)(Oc1ccccc1)Oc1ccccc1,,362.164695974,False,[]
8291,COP(=O)(Oc1ccccc1)Oc1ccccc1,,264.055145526,False,[]
8292,CCOP(=S)(OCC)Oc1ccc(S(C)=O)cc1,,308.030587654,False,[]
8293,COP(=S)(OC)Oc1ccc(S(N)(=O)=O)cc1,,296.98945111399996,False,[]
8294,C=CC(C)(CCC=C(C)C)OC(C)=O,,196.14632988,False,[]
8295,O=P(OCCCl)(OCCCl)OCCCl,,283.95387853399995,False,[]
8296,C=CP(=O)(OCCCl)OCCCl,,231.982286202,False,[]
8297,CCNC(=O)CSP(=S)(OC)OC,,243.01527193799998,False,[]
8303,O=C(C(Cl)(Cl)Cl)C(Cl)(Cl)Cl,,261.8080307,False,[]
8304,CC(C)OP(OC(C)C)OC(C)C,,208.122831162,False,[]
8305,O=S(=O)(c1ccc(Cl)cc1)c1cc(Cl)c(Cl)cc1Cl,,353.884261152,False,[]
8306,CC(O)COc1ccc(C(C)(C)c2ccc(OCC(C)O)cc2)cc1,,344.198759376,False,[]
8307,CC[N+](C)(C)c1cccc(O)c1.[Cl-],,201.092041812,False,[]
8308,O.O=C(O)CCC(=O)Nc1ccc(S(=O)(=O)Nc2nccs2)cc1,,373.04022720000006,False,[]
8309,Nc1ccc(S(=O)(=O)Nc2cnccn2)cc1,,250.05244656,False,[]
8310,Cc1nc(NS(=O)(=O)c2ccc(N)cc2)nc(C)c1Br,,355.994258756,False,[]
8312,O=C(CO)Nc1ccc([As](=O)(O)O)cc1,,274.97749392,False,[]
8313,O=C(NC(O)C(Cl)(Cl)Cl)NC(O)C(Cl)(Cl)Cl,,351.850958132,False,[]
8316,Nc1c(O)cc(S(=O)(=O)O)c2ccccc12,,239.025228768,False,[]
8317,O=C1c2ccccc2-c2ccc3c4ccc5c6c(ccc(c7ccc1c2c73)c64)C(=O)c1ccccc1-5,,456.115029752,False,[]
8319,COc1ccc(NC(=O)c2ccccc2)c2c1C(=O)c1c(Cl)cccc1C2=O,,391.061135608,False,[]
8320,Nc1c(Br)cc(O)c2c1C(=O)c1ccccc1C2=O,,316.968755216,False,[]
8321,COc1ccc(N)c2c1C(=O)c1ccccc1C2=O,,253.073893212,False,[]
8322,Nc1ccc(O)c2c1C(=O)c1cccc(Cl)c1C2=O,,273.019270796,False,[]
8323,Nc1ccc(O)c2c1C(=O)c1ccccc1C2=O,,239.058243148,False,[]
8324,O=C1c2ccccc2C(=O)c2c(Nc3cccc4c3C(=O)c3cccc(Nc5cccc6c5C(=O)c5ccccc5C6=O)c3C4=O)cccc21,,650.1477864240002,False,[]
8325,O=C(Nc1cccc2c1C(=O)c1cccc(Cl)c1C2=O)c1ccccc1,,361.05057092399994,False,[]
8326,O=C1OC(=O)c2c(Cl)c(Cl)c(Cl)c(Cl)c21,,283.86015457999997,False,[]
8327,Nc1cccc2c1C(=O)c1cccc(Cl)c1C2=O,,257.024356176,False,[]
8328,O=C1c2cccc(O)c2C(=O)c2cccc(O)c21,,240.042258736,False,[]
8329,O=C1c2cccc(S(=O)(=O)O)c2C(=O)c2cccc(S(=O)(=O)O)c21,,367.9660592159999,False,[]
8330,O=[N+]([O-])c1c(Cl)c(Cl)cc(Cl)c1Cl,,258.87613899200005,False,[]
8331,CCC(C(c1ccc(Cl)cc1)c1ccc(Cl)cc1)[N+](=O)[O-],,323.04798408,False,[]
8332,CC(C(c1ccc(Cl)cc1)c1ccc(Cl)cc1)[N+](=O)[O-],,309.032334016,False,[]
8333,O=C(O)C(c1ccccc1)c1ccccc1,,212.083729624,False,[]
8334,CCCCCCc1cc(O)c2c(c1)OC(C)(C)C1=C2CC(C)CC1,,328.240230264,False,[]
8336,Nc1ccc(S(=O)(=O)O)c2cccc(S(=O)(=O)O)c12,,302.987129008,False,[]
8337,Nc1ccc(-c2ccc(N)cc2S(=O)(=O)O)c(S(=O)(=O)O)c1,,344.0136781039999,False,[]
8338,Nc1ccc2c(S(=O)(=O)O)cccc2c1S(=O)(=O)O,,302.98712900799995,False,[]
8340,COc1ccc2cc3[n+](cc2c1OC)CCc1cc2c(cc1-3)OCO2.[OH-],,353.1263227079999,False,[]
8341,Nc1ccc2c(c1)C(=O)c1ccccc1C2=O,,223.063328528,False,[]
8342,O=C1C(Cl)=C(Cl)C(=O)c2ccccc21,,225.958834728,False,[]
8343,CCCCC(CC)COC(=O)c1ccccc1C(=O)OCC(CC)CCCC,,390.277009696,False,[]
8344,COCCOC(=O)c1ccccc1C(=O)OCCOC,,282.110338296,False,[]
8345,CCCCOCCOC(=O)c1ccccc1C(=O)OCCOCCCC,,366.20423868,False,[]
8346,CCCCCCCCOC(=O)c1ccccc1C(=O)OCCCCCCCC,,390.277009696,False,[]
8347,CC(=O)OC1C=C(C)C2CC(=C(C)C)CC2C(C)C1,,262.193280072,False,[]
8348,O=C(c1ccccc1)c1ccccc1O,,198.06807956,False,[]
8349,Nc1cc2c(S(=O)(=O)O)cc(S(=O)(=O)O)cc2cc1S(=O)(=O)O,,382.94394386799996,False,[]
8350,C=CC1CN2CCC1CC2[C@@H](O)c1ccnc2ccccc12,,294.17321332399996,False,[]
8351,C=C1N(C)c2ccccc2C1(C)C,,173.12044948,False,[]
8352,O=C(O)c1c(O)cnc2ccccc12,,189.042593084,False,[]
8353,CCOc1cc(N)c2ccc(S(=O)(=O)O)cc2c1,,267.05652889600003,False,[]
8354,O=C1c2ccccc2C(=O)N1CO,,177.042593084,False,[]
8355,NCc1cccc2ccccc12,,157.089149352,False,[]
8356,Nc1ccc2c(S(=O)(=O)O)cc(S(=O)(=O)O)cc2c1,,302.987129008,False,[]
8357,COc1cc(C(=O)O)cc(OC)c1OC,,212.068473484,False,[]
8358,Nc1cccc2ccc(O)cc12,,159.068413908,False,[]
8359,O=c1[nH]c2ccccc2c(=O)o1,,163.02694302,False,[]
8360,CC1(C)C(=O)N(Cl)C(=O)N1Cl,,195.980632792,False,[]
8361,O=C(Oc1ccccc1)c1ccccc1O,,214.06299418,False,[]
8362,CC1CC(OC(=O)c2ccccc2O)CC(C)(C)C1,,262.156894564,False,[]
8363,O=C(OCc1ccccc1)c1ccccc1O,,228.078644244,False,[]
8364,CCCCC(CC)COC(=O)c1ccccc1O,,250.156894564,False,[]
8365,CCOC(=O)c1ccccc1O,,166.06299418,False,[]
8366,CC(=O)O.CCC(N)Cc1c[nH]c2ccccc12,,248.15247788,False,[]
8367,CCC(N)Cc1c[nH]c2ccccc12,,188.131348512,False,[]
8368,Cc1c(Cl)cccc1Cl,,159.984655552,False,[]
8370,Clc1c(Cl)c(Cl)c(Cl)c(Cl)c1Cl,,281.81311608,False,[]
8371,O=C1C(Cl)=C(Cl)C(=O)C(Cl)=C1Cl,,243.86523996,False,[]
8372,CC(C)(C)c1cc(Cc2cc(C(C)(C)C)c(O)c(C(C)(C)C)c2)cc(C(C)(C)C)c1O,,424.334130648,False,[]
8374,O=C(O)c1ccccc1Cl,,155.99780708,False,[]
8376,Cc1c([N+](=O)[O-])cc([N+](=O)[O-])cc1[N+](=O)[O-],,227.01783488,False,[]
8377,O=C(O)c1cc([N+](=O)[O-])c(Cl)c([N+](=O)[O-])c1,,245.967963496,False,[]
8378,NC[C@@H]1O[C@H](O[C@H]2[C@@H](O)[C@H](O[C@@H]3[C@@H](O)[C@H](N)C[C@H](N)[C@H]3O[C@H]3O[C@H](CN)[C@@H](O)[C@H](O)[C@H]3N)O[C@@H]2CO)[C@H](N)[C@@H](O)[C@@H]1O,,614.312285532,False,[]
8379,CCCCCCCCCCCCCOC(=O)c1ccccc1C(=O)OCCCCCCCCCCCCC,,530.4335103359999,False,[]
8380,CCCCCCCCCCOC(=O)c1ccccc1C(=O)OCCCCCCCC,,418.30830982399993,False,[]
8381,CCOP(=S)(OCC)Oc1ccc(=O)n(-c2ccccc2)n1,,340.06466465400007,False,[]
8383,COc1cc(OC)c([N+](=O)[O-])cc1Cl,,217.014185416,False,[]
8385,COc1ccc([N+](=O)[O-])cc1[N+](=O)[O-],,198.027671292,False,[]
8386,Nc1cccc2ccc(S(=O)(=O)O)cc12,,223.030314148,False,[]
8387,CCCCOc1cc(N)ccc1C(=O)OCCN(CC)CC,,308.209992756,False,[]
8388,O=C(O)c1cc(I)ccc1O,,263.92834202,False,[]
8389,Cc1ccc(O)cc1N(C)C,,151.099714036,False,[]
8390,Cc1ccc(N)cc1[N+](=O)[O-],,152.058577496,False,[]
8391,Cc1ccc(O)c([N+](=O)[O-])c1,,153.042593084,False,[]
8393,Cc1cc(OC(=O)N(C)C)n(C(C)C)n1,,211.132076784,False,[]
8395,CCOC(=O)COc1ccc2c(=O)cc(-c3ccccc3)oc2c1,,324.099773612,False,[]
8396,Oc1ccccc1C1CCCCC1,,176.120115132,False,[]
8398,Cc1cc(Cc2cc(C)cc(C(C)(C)C)c2O)c(O)c(C(C)(C)C)c1,,340.240230264,False,[]
8400,O=C(c1ccccc1)C(O)c1ccccc1,,212.083729624,False,[]
8401,OC(c1ccccc1)c1ccc(Cl)cc1,,218.049842652,False,[]
8402,Nc1ccc(S(=O)c2ccc(N)cc2)cc1,,232.067034004,False,[]
8403,O=C(C1CCCCC1)C1CCCCC1,,194.167065324,False,[]
8406,O=Cc1ccccc1C(=O)O,,150.031694052,False,[]
8407,O=[N+]([O-])c1ccccc1Nc1ccccc1,,214.07422756,False,[]
8408,Nc1cccc2cc(S(=O)(=O)O)ccc12,,223.030314148,False,[]
8409,O=C(O)c1ccccc1SSc1ccccc1C(=O)O,,306.00205079999995,False,[]
8410,CCCCCCC1=CC(=O)CC(c2ccc3c(c2)OCO3)C1,,300.17254462799997,False,[]
8411,COc1cc(-c2ccc(N)c(OC)c2)ccc1N,,244.121177752,False,[]
8412,c1ccc2nc(-c3ccc4ccccc4n3)ccc2c1,,256.100048384,False,[]
8413,Cc1cc(-c2ccc(N)c(C)c2)ccc1N,,212.131348512,False,[]
8414,CC(=O)Nc1cc([As]2SCC(CO)S2)ccc1O,,346.963106808,False,[]
8415,NC(=O)Nc1ccc([As](SCC(=O)O)SCC(=O)O)cc1,,391.9481850159999,False,[]
8416,OCCN(CCO)c1ccccc1,,181.11027872,False,[]
8417,COc1cc2ccc(=O)oc2cc1OC,,206.0579088,False,[]
8418,c1ccc2cc3ccccc3cc2c1,,178.07825032,False,[]
8419,COc1ccc(C=O)cc1OC,,166.06299418,False,[]
8420,O=S(=O)(O)c1ccc2ccccc2c1,,208.019415116,False,[]
8421,COc1ccc(CCN)cc1OC,,181.11027872,False,[]
8422,O=C(O)COc1ccc2ccccc2c1,,202.06299417999998,False,[]
8423,COc1ccc(CC(C)N)cc1OC,,195.125928784,False,[]
8425,Oc1ccc(Cl)cc1Cc1ccccc1,,218.049842652,False,[]
8426,COc1ccc(C(=O)Nc2ccccc2)cc1N,,242.105527688,False,[]
8427,CC(Oc1ccc(Cl)cc1Cl)C(=O)O,,233.985049476,False,[]
8428,CCNc1cc(O)ccc1C,,151.099714036,False,[]
8429,CCCCCOC(=O)COc1cc(Cl)c(Cl)cc1Cl,,324.00867738,False,[]
8430,CCCCCCCCCCCC(=O)N(CCO)CCO,,287.246043916,False,[]
8431,CCOC(=O)N1CCNCC1,,158.105527688,False,[]
8432,CCC(=O)OC(C)c1ccccc1,,178.099379688,False,[]
8433,O=C(CC(=O)c1ccccc1)c1ccccc1,,224.083729624,False,[]
8434,CCOC(=O)c1ccc(O)cc1,,166.06299418,False,[]
8435,CCN(CC)CCSC(=O)c1ccc(N)cc1,,252.12963426,False,[]
8437,O=C(OCCOCCOC(=O)c1ccccc1)c1ccccc1,,314.11542367600003,False,[]
8438,O=Cc1ccc2c(c1)OCO2,,150.031694052,False,[]
8439,CC=Cc1ccc2c(c1)OCO2,,162.06807956,False,[]
8440,CNC(=O)Oc1ccc2c(c1)OCO2,,195.053157768,False,[]
8441,COC(=O)c1ccc(C(=O)OC)cc1,,194.0579088,False,[]
8442,CCCCCCCCS(=O)C(C)Cc1ccc2c(c1)OCO2,,324.17591575599994,False,[]
8444,OCCOc1ccc(Cl)cc1Cl,,205.990134856,False,[]
8447,c1ccc2sc(SSc3nc4ccccc4s3)nc2c1,,331.957032256,False,[]
8449,Oc1ccc(Cl)cc1Cl,,161.963920108,False,[]
8455,CCC(C)(C)c1ccc(O)c(C(C)(C)CC)c1,,234.198365452,False,[]
8456,COc1ccc(O)c(C(C)(C)C)c1,,180.115029752,False,[]
8457,Cc1ccc([N+](=O)[O-])cc1S(=O)(=O)Cl,,234.970606352,False,[]
8458,Cc1ccc([N+](=O)[O-])cc1S(=O)(=O)O,,217.004493324,False,[]
8460,Cc1cccc(C)c1OP(=O)(Oc1c(C)cccc1C)Oc1c(C)cccc1C,,410.164695974,False,[]
8461,Cc1ccc([N+](=O)[O-])cc1[N+](=O)[O-],,182.032756672,False,[]
8462,O=[N+]([O-])c1cc(C(F)(F)F)ccc1Cl,,224.980440676,False,[]
8464,C=CC=CCC1=C(C)[C@@H](OC(=O)[C@@H]2[C@@H](C=C(C)C)C2(C)C)CC1=O,,328.20384475599997,False,[]
8465,CC(C)NCC(=O)c1ccc(O)c(O)c1,,209.10519334,False,[]
8466,C=CC=CCC1=C(C)[C@@H](OC(=O)[C@@H]2[C@@H](C=C(C)C(=O)OC)C2(C)C)CC1=O,,372.193673996,False,[]
8467,CCOc1cc(C=O)ccc1O,,166.06299418,False,[]
8468,COc1cc(C(=O)O)ccc1O,,168.042258736,False,[]
8469,CCOC(=O)C1OC1c1ccccc1,,192.078644244,False,[]
8474,Nc1cccc(S(=O)(=O)O)c1,,173.014664084,False,[]
8475,Nc1cc(C(F)(F)F)ccc1Cl,,195.0062615,False,[]
8476,O=[N+]([O-])c1cccc(S(=O)(=O)Cl)c1,,220.954956288,False,[]
8477,O=C(O)c1cccc(S(=O)(=O)O)c1,,201.993594292,False,[]
8478,CC(C)(C)CC(C)(C)c1ccc(OCCOCC[N+](C)(C)Cc2ccccc2)cc1.[Cl-],,447.29040726399995,False,[]
8479,Nc1ccc(S(=O)(=O)O)cc1,,173.014664084,False,[]
8480,NC(=O)Nc1ccc([As](=O)(O)O)cc1,,259.977828268,False,[]
8481,CC(=O)Nc1ccc(S(=O)(=O)Cl)cc1,,232.991341796,False,[]
8482,CC(=O)Nc1ccc(S(N)(=O)=O)cc1,,214.04121318,False,[]
8483,CC(=O)Nc1ccc(S(=O)(=O)O)cc1,,215.025228768,False,[]
8484,O=S(=O)(Cl)c1ccc(Oc2ccc(S(=O)(=O)Cl)cc2)cc1,,365.919020716,False,[]
8485,CCCCCCCCCCCCc1ccc(S(=O)(=O)O)cc1,,326.19156582,False,[]
8489,O=[N+]([O-])c1cccc(Cl)c1,,156.993056048,False,[]
8490,O=[N+]([O-])N1CN([N+](=O)[O-])CN([N+](=O)[O-])C1,,222.034881912,False,[]
8491,Cc1ccc([N+](=O)[O-])cc1Cl,,171.008706112,False,[]
8492,Nc1ccc([N+](=O)[O-])cc1Cl,,172.00395508,False,[]
8494,CC(=O)c1cccc([N+](=O)[O-])c1,,165.042593084,False,[]
8495,O=C(Cl)c1cccc([N+](=O)[O-])c1,,184.987970668,False,[]
8496,O=C(O)c1cccc(C(=O)O)c1,,166.026608672,False,[]
8497,O=C(O)c1cccc([N+](=O)[O-])c1,,167.02185764,False,[]
8499,COC(=O)c1ccc(OC)cc1,,166.06299418,False,[]
8501,O=C(Cl)c1ccc(Cl)cc1,,173.963920108,False,[]
8502,O=C(Cl)c1ccc([N+](=O)[O-])cc1,,184.987970668,False,[]
8504,C[N+](C)(C)Cc1ccccc1.C[O-],,181.146664228,False,[]
8505,O.O=C1OC2(c3cc(Br)c([O-])cc3Oc3c2cc(Br)c([O-])[c]3[Hg])c2ccccc21.[Na+].[Na+],,750.8267687680002,False,[]
8506,O=C1OC2(c3cc(Br)c(O)cc3Oc3c2cc(Br)c(O)[c]3[Hg])c2ccccc21,,688.852315588,False,[]
8507,CCN(CC)c1ccc(C(=C2C=CC(=[N+](CC)CC)C=C2)c2ccc(S(=O)(=O)[O-])cc2S(=O)(=O)[O-])cc1.[Na+],,566.1521229919999,False,[]
8508,CCN(CC)c1ccc(C(=C2C=CC(=[N+](CC)CC)C=C2)c2ccc(S(=O)(=O)O)cc2S(=O)(=O)O)cc1,,545.1774551960898,False,[]
8509,Cc1ccc2c(c1Cl)C(=O)c1ccccc1C2=O,,256.029107208,False,[]
8510,O=C1c2cccc([N+](=O)[O-])c2C(=O)c2cccc(Cl)c21,,286.99853535200003,False,[]
8511,Nc1cccc2c1C(=O)c1c(N)cccc1C2=O,,238.07422756,False,[]
8512,O=C1c2ccccc2C(=O)c2c(O)cccc21,,224.047344116,False,[]
8513,Nc1cccc2c1C(=O)c1cccc(N)c1C2=O,,238.07422756,False,[]
8515,O=C1c2ccccc2-c2n[nH]c3cccc1c23,,220.063662876,False,[]
8518,O=C(O)c1c([N+](=O)[O-])cc([N+](=O)[O-])cc1[N+](=O)[O-],,256.992014056,False,[]
8519,O=C([O-])C1C2CCC(O2)C1C(=O)[O-].[Na+].[Na+],,230.016711916,False,[]
8520,CCN1CCCC(OC(=O)C(c2ccccc2)c2ccccc2)C1.Cl,,359.165206752,False,[]
8521,O=C1c2cc([N+](=O)[O-])ccc2-c2c1cc([N+](=O)[O-])cc2[N+](=O)[O-],,315.0127495,False,[]
8522,Cc1c(I)c(=O)n(-c2ccccc2)n1C,,313.99161097200005,False,[]
8523,CCC(=O)N(c1ccccc1)C(C)CN1CCCCC1,,274.204513452,False,[]
8525,CN1C(=O)C2=NC=NC2N(C)C1=O,,180.064725496,False,[]
8527,COC([CH2][Hg])CNC(=O)NC(=O)CCC(=O)O,,433.06873958,False,[]
8528,CC=C1C[C@@H](C)[C@@](C)(O)C(=O)OCC2=CCN3CC[C@@H](OC1=O)[C@@H]23,,335.1732729,False,[]
8530,O=C1C=CC(=O)c2ccccc21,,158.036779432,False,[]
8531,Cc1ccc2nc(-c3cccc(N)c3)sc2c1S(=O)(=O)O,,320.0289342439999,False,[]
8532,O=c1c2ccccc2c(=O)c2c1cc(Cl)c1[nH]c3c([nH]c12)c(Cl)cc1c(=O)c2ccccc2c(=O)c13,,510.01741222399994,False,[]
8534,O=C1c2ccccc2C(=O)c2c1cc(S(=O)(=O)O)c(O)c2O,,319.99907359599996,False,[]
8536,CC1(S(=O)(=O)O)CC(=O)c2ccccc2C1=O,,254.02489442,False,[]
8539,O=[N+]([O-])c1cc(C2CCCCC2)c([O-])c([N+](=O)[O-])c1.[Na+],,288.072215796,False,[]
8540,O=[N+]([O-])c1cc(C2CCCCC2)c(O)c([N+](=O)[O-])c1,,266.09027154800003,False,[]
8541,CCC(c1ccc(OC)cc1)C(CC)c1ccc(OC)cc1,,298.193280072,False,[]
8542,CCC(=O)Oc1ccc(C(CC)=C(CC)c2ccc(OC(=O)CC)cc2)cc1,,380.19875937599994,False,[]
8543,Oc1ccc2c(c1)CC[N+]1=C2CCC2CCCC21.[Br-],,321.07282635999997,False,[]
8544,Oc1ccc2c(c1)CC[N+]1=C2CCC2CCCC21,,242.15394068009,False,[]
8545,COC(=O)C(OC(C)=O)=C(OC(C)=O)C(=O)OC,,260.053217344,False,[]
8546,O=C(O)c1cc2ccccc2c(Cc2c(O)c(C(=O)O)cc3ccccc23)c1O,,388.09468823199995,False,[]
8547,C=CC12CCN(CC1)C(C(O)c1ccnc3ccc(OC)cc13)C2.Cl,,360.16045572,False,[]
8548,C=CC12CCN(CC1)C(C(O)c1ccnc3ccc(OC)cc13)C2,,324.183778008,False,[]
8549,C=C[C@H]1CN2CCC1C[C@H]2[C@H](O)c1ccnc2ccc(OC)cc12,,324.183778008,False,[]
8550,COC(=O)[C@H]1[C@H]2C[C@@H]3c4[nH]c5ccccc5c4CCN3C[C@H]2C[C@@H](OC(=O)c2cc(OC)c(OC)c(OC)c2)[C@@H]1OC,,578.2628161759999,False,[]
8551,O=C1c2ccccc2C(=O)c2cc(S(=O)(=O)O)ccc21.[Na+],,310.99846505609,False,[]
8552,O=C1c2ccccc2C(=O)c2cc(S(=O)(=O)O)ccc21,,288.009244356,False,[]
8553,O=C1c2ccccc2C(=O)c2cc(Cl)ccc21,,242.013457144,False,[]
8554,COC(=O)c1ccccc1C(=O)OC,,194.0579088,False,[]
8555,Cc1cc(OP(=O)([O-])[O-])c2ccccc2c1OP(=O)([O-])[O-].[Na+].[Na+].[Na+].[Na+],,421.928517596,False,[]
8556,Cc1cc(OP(=O)(O)O)c2ccccc2c1OP(=O)(O)O,,334.00074060399993,False,[]
8557,Nc1ccc2c(c1)C(=O)c1ccc(N)cc1C2=O,,238.07422756,False,[]
8558,CCCCCCC(C)OC(=O)c1ccccc1C(=O)OC(C)CCCCCC,,390.277009696,False,[]
8559,CCCOC(=O)c1ccccc1C(=O)OCCC,,250.120509056,False,[]
8560,C=CCOC(=O)c1ccccc1C(=O)OCC=C,,246.089208928,False,[]
8561,CCCCCOC(=O)c1ccccc1C(=O)OCCCCC,,306.183109312,False,[]
8562,Nc1ccc(/N=N/c2ccccc2)c2ccccc12,,247.110947416,False,[]
8563,Nc1cc(S(=O)(=O)O)c2cccc(S(=O)(=O)O)c2c1,,302.987129008,False,[]
8564,COc1ccc(C(=O)Cc2c(CCN(C)C)cc3c(c2OC)OCO3)c(C(=O)O)c1OC,,445.1736668239999,False,[]
8565,CC(=O)N[C@@H]1[C@@H](O)C[C@@](O)(C(=O)O)O[C@H]1C(O)C(O)CO,,309.105981188,False,[]
8567,CNC[C@H](O)[C@@H](O)[C@H](O)[C@H](O)CO,,195.110672644,False,[]
8569,COc1ccc(C(=O)c2ccccc2O)c(O)c1,,244.073558864,False,[]
8570,COc1ccc(C(=O)c2ccc(OC)cc2O)c(O)c1,,274.08412354800004,False,[]
8571,O=C(c1ccc(O)cc1O)c1ccc(O)cc1O,,246.05282342,False,[]
8572,O=C(c1ccccc1)c1ccc(O)cc1O,,214.06299418,False,[]
8573,C#CC(C)(CC)OC(=O)c1ccccc1C(=O)O,,246.089208928,False,[]
8574,CC(=O)NS(=O)(=O)c1ccc(NC(=O)c2ccccc2C(=O)O)cc1,,362.0572571679999,False,[]
8575,CCCCOC(=O)c1ccccc1C(=O)O,,222.089208928,False,[]
8576,O=[N+]([O-])c1cc([N+](=O)[O-])c(Nc2c([N+](=O)[O-])cc([N+](=O)[O-])cc2[N+](=O)[O-])c([N+](=O)[O-])c1,,438.99961859999996,False,[]
8577,O=[N+]([O-])c1cc([N+](=O)[O-])c([O-])c([N+](=O)[O-])c1.[NH4+],,246.023648532,False,[]
8578,Cc1ccccc1/N=N/c1c(N)ccc2ccccc12,,261.12659748,False,[]
8579,CCCCNC(=O)c1cccc(-c2ccccc2)c1O,,269.141578848,False,[]
8580,O=Nc1c(O)ccc2ccccc12,,173.047678464,False,[]
8581,O=C(Nc1cccc2c(=O)c3c(ccc4c5cc(NC(=O)c6ccccc6)c6c(=O)c7ccccc7c(=O)c6c5[nH]c43)c(=O)c12)c1ccccc1,,665.158685456,False,[]
8584,CN1[C@@H]2CC[C@@H]1CC(OC(c1ccccc1)c1ccccc1)C2.CS(=O)(=O)O,,403.18172940799997,False,[]
8585,CCN(CC)C(C)C=C(c1cccs1)c1cccs1.Cl,,327.088219384,False,[]
8588,CCn1c2ccccc2c2cc(N)ccc21,,210.115698448,False,[]
8589,CCC(c1ccccc1)c1noc(CCN(CC)CC)n1.O=C(O)CC(O)(CC(=O)O)C(=O)O,,479.22676501599983,False,[]
8590,CCC(c1ccccc1)c1noc(CCN(CC)CC)n1,,287.19976242,False,[]
8591,CC(=O)Oc1ccccc1C(=O)[O-].CC(=O)Oc1ccccc1C(=O)[O-].[Mg+2],,382.05390910799997,False,[]
8592,O=Nc1ccc2ccccc2c1O,,173.047678464,False,[]
8593,O=C(O)c1cc(-c2ccccc2)nc2ccccc12,,249.078978592,False,[]
8594,O=C(O)c1ccccc1C(=O)Nc1cccc2ccccc12,,291.08954327600003,False,[]
8596,N#CCc1cccc2ccccc12,,167.073499288,False,[]
8597,CC(=O)OC1=C(OC(C)=O)C(=O)OC1=O,,214.01135253200002,False,[]
8598,O=C(CCl)OC1=C(OC(=O)CCl)C(=O)OC1=O,,281.933407828,False,[]
8599,O=C(Cc1ccccc1)OC1=C(OC(=O)Cc2ccccc2)C(=O)OC1=O,,366.07395278799993,False,[]
8600,CCCC(=O)OC1=C(OC(=O)CCC)C(=O)OC1=O,,270.07395278800004,False,[]
8601,Oc1cc(O)c2ccccc2c1,,160.052429496,False,[]
8602,O=C1NC(CCCl)Oc2ccccc21,,211.04000624,False,[]
8604,C[C@@H](Oc1ccccc1)C(=O)N[C@@H]1C(=O)N2[C@@H]1SC(C)(C)[C@@H]2C(=O)O,,364.10929273999994,False,[]
8606,O=C1C2CC=CCC2C(=O)N1SC(Cl)(Cl)Cl,,298.934132536,False,[]
8607,O=C1c2ccccc2C(=O)N1SC(Cl)(Cl)Cl,,294.902832408,False,[]
8609,Nc1ccc(C(=O)Oc2ccccc2)c(O)c1,,229.073893212,False,[]
8610,CCOC(=O)C(CC)C(=O)OCC,,188.104858992,False,[]
8612,CCN(CC)CCOC(=O)c1ccc(N)cc1Cl,,270.113505528,False,[]
8614,O=C(O)CNC(=O)c1ccccc1I,,304.954891116,False,[]
8615,Nc1ccccc1C(=O)OCCc1ccccc1,,241.11027872,False,[]
8616,COc1c(C(C)C)oc2cc3oc(=O)ccc3cc12,,258.089208928,False,[]
8617,O=C(O)CCCc1c[nH]c2ccccc12,,203.094628656,False,[]
8620,Sc1c(Cl)c(Cl)c(Cl)c(Cl)c1Cl,,279.824159432,False,[]
8621,Cc1cc(O)c(Cl)c(C)c1Cl,,189.995220236,False,[]
8622,Cc1ccc([N+](=O)[O-])[c]([Hg])c1O,,354.005411052,False,[]
8623,Cc1ccccc1S(=O)(=O)Cl,,189.985528144,False,[]
8624,CC(=O)Nc1cc2c(O)c(/N=N/c3ccc(S(N)(=O)=O)cc3)c(S(=O)(=O)[O-])cc2cc1S(=O)(=O)[O-].[Na+].[Na+],,587.966744208,False,[]
8625,CC(=O)Nc1cc2c(O)c(/N=N/c3ccc(S(N)(=O)=O)cc3)c(S(=O)(=O)O)cc2cc1S(=O)(=O)O,,544.0028557119998,False,[]
8628,Nc1ccc(Cl)cc1S(=O)(=O)O,,206.975691732,False,[]
8629,O=c1ccn([C@@H]2O[C@H](COP(=O)(O)OP(=O)(O)O[C@H]3O[C@H](CO)[C@@H](O)[C@H](O)[C@H]3O)[C@@H](O)[C@H]2O)c(=O)[nH]1,,566.0550205679997,False,[]
8630,Nc1cc(Cl)cc(C(=O)O)c1Cl,,204.96973376,False,[]
8631,O=C(O)c1cc(I)cc(I)c1O,,389.82498998799997,False,[]
8632,O=C1OC(=O)C(OC(=O)c2ccccc2)=C1OC(=O)c1ccccc1,,338.04265266,False,[]
8633,CC1CCC(C(C)C)C(OC(=O)c2ccccc2N)C1,,275.18852904,False,[]
8635,COC(=O)c1ccccc1N,,151.063328528,False,[]
8637,Clc1ccc(C(Cl)Cl)c(Cl)c1,,227.906710848,False,[]
8638,COc1ccccc1N.Cl,,159.04509162,False,[]
8639,O=S(=O)([O-])[O-].Oc1cccc2ccc[nH+]c12.Oc1cccc2ccc[nH+]c12,,388.07290723200003,False,[]
8641,Nc1cccc(-n2ccccc2=O)c1,,186.07931294,False,[]
8642,O=c1[nH]c(=O)n([C@H]2C[C@H](O)[C@@H](COP(=O)(O)O)O2)cc1F,,326.031530194,False,[]
8643,Cl.Nc1c2ccccc2nc2ccccc12,,230.061076032,False,[]
8644,CCN(CC)CC(C)(C)COC(=O)C(CO)c1ccccc1.O=P(O)(O)O,,405.1916389939999,False,[]
8645,CCN(CC)CC(C)(C)COC(=O)C(CO)c1ccccc1,,307.214743788,False,[]
8648,CNC(C)C(O)c1ccccc1.Cl,,201.092041812,False,[]
8650,CN[C@@H](C)C(O)c1ccccc1,,165.1153641,False,[]
8651,O=C(C(=O)c1ccccc1)c1ccccc1,,210.06807956,False,[]
8652,Cc1ccc(C(=O)c2ccccc2)cc1,,196.088815004,False,[]
8653,O=C(c1ccccc1)c1ccc(Cl)cc1,,216.034192588,False,[]
8654,O=C([O-])C(O)c1ccccc1.O=C([O-])C(O)c1ccccc1.[Ca+2],,342.04162914799997,False,[]
8655,COc1cc(C=O)cc(OC)c1O,,182.0579088,False,[]
8656,CC(=O)Nc1cccc(C)c1C,,163.099714036,False,[]
8659,O=[N+]([O-])c1cc(Cl)ccc1Oc1ccc(Cl)cc1,,282.980298444,False,[]
8660,O=C(O)CSc1ccccc1C(=O)O,,212.014329736,False,[]
8661,COS(=O)(=O)[O-].COS(=O)(=O)[O-].C[n+]1cccc2cc(NC(=O)Nc3ccc4c(ccc[n+]4C)c3)ccc21,,566.1141204120001,False,[]
8662,C[n+]1cccc2cc(NC(=O)Nc3ccc4c(ccc[n+]4C)c3)ccc21,,344.16261410018,False,[]
8666,c1ccc2c(c1)c(Cc1cn(CN3CCCCC3)c3ccccc13)cn2CN1CCCCC1,,440.29399715200003,False,[]
8667,CN(C)CCN(Cc1cccs1)c1ccccn1.Cl,,297.10664632,False,[]
8668,Clc1ccc(CC(=CCN2CCCC2)c2ccccc2)cc1.O=P(O)(O)O.O=P(O)(O)O,,507.09786779599983,False,[]
8669,Clc1ccc(CC(=CCN2CCCC2)c2ccccc2)cc1,,311.144077384,False,[]
8670,O=C([O-])CN(CCO)CC(=O)[O-].[Na+].[Na+],,221.027610948,False,[]
8671,c1ccc2cc3cc4cc5ccccc5cc4cc3cc2c1,,278.109550448,False,[]
8672,Cc1cc2cc3cc(C)c(N)cc3nc2cc1N.Cl,,273.10327519199996,False,[]
8673,O=S(=O)([O-])c1ccc2cc(O)c(S(=O)(=O)[O-])cc2c1.[Na+].[Na+],,347.935033092,False,[]
8674,O=S(=O)(O)c1ccc2cc(O)c(S(=O)(=O)O)cc2c1,,303.971144596,False,[]
8675,Nc1ccc(-c2ccc(Cl)cc2)cc1,,203.050177,False,[]
8676,CC(=O)c1ccc(-c2ccc([N+](=O)[O-])cc2)cc1,,241.073893212,False,[]
8677,c1ccc(-c2ccc(-c3ccc(-c4ccccc4)cc3)cc2)cc1,,306.140850576,False,[]
8678,COc1ccc(CNN)cc1OC,,182.105527688,False,[]
8679,c1ccc(Nc2ccc3ccccc3c2)cc1,,219.104799416,False,[]
8681,Cc1ncc(C[n+]2csc(CCO)c2C)c(=O)[nH]1.[Cl-],,301.065175432,False,[]
8682,Cc1ncc(C[n+]2csc(CCO)c2C)c(=O)[nH]1,,266.09577417209,False,[]
8683,Nc1ccc(Nc2ccccc2)c(N)c1,,199.110947416,False,[]
8684,CCCCN(CCCC)C(=S)[S-].CCCCN(CCCC)C(=S)[S-].[Zn+2],,472.105275352,False,[]
8685,CCCCN(CCCC)C(=S)S,,205.095891608,False,[]
8686,CC(Cl)(Cl)C(=O)OCCOc1cc(Cl)c(Cl)cc1Cl,,363.89943254800005,False,[]
8689,c1ccc(/N=N/Nc2ccccc2)cc1,,197.095297352,False,[]
8690,O=C(Oc1cccc(O)c1)c1ccccc1,,214.06299418,False,[]
8691,Cl.Nc1ccc(/N=N/c2ccccc2)c(N)n1,,249.07812306399998,False,[]
8692,Nc1ccc(C(=O)OCC(O)CO)cc1,,211.084457896,False,[]
8693,CCCOC(=O)c1ccc(C(=O)OCCC)nc1,,251.115758024,False,[]
8694,CCOc1ccc(C(=O)OCCN(CC)CC)cc1.Cl,,301.144471308,False,[]
8695,CCCCNc1ccc(C(=O)OCCN(C)C)cc1.Cl,,300.16045572,False,[]
8696,CCCCC(CC)C(=O)[O-].CCCCC(CC)C(=O)[O-].[Co+2],,345.14760444,False,[]
8698,CCCCOC(=O)c1ccccc1,,178.099379688,False,[]
8699,CC(Cc1ccc2c(c1)OCO2)NCC(O)c1ccc(O)c(O)c1.Cl,,367.11865048399994,False,[]
8701,O=S(=O)(O)OCCOc1ccc(Cl)cc1Cl,,285.946949716,False,[]
8702,CCOc1ccc([N+](=O)[O-])cc1N,,182.06914218,False,[]
8703,Cc1ccccc1NCCO,,151.099714036,False,[]
8706,Nc1nc2ccccc2s1,,150.025169192,False,[]
8707,CCN(CC)CCOc1ccc2nc(N(C)C)sc2c1.Cl.Cl,,365.10953878,False,[]
8708,CCN(CC)CCOc1ccc2nc(N(C)C)sc2c1,,293.156183356,False,[]
8709,CCCCCCCCCCCC1=NCCN1CCO,,268.251463644,False,[]
8710,CCCCCCCC1CCCC1=O,,182.167065324,False,[]
8714,CC(C)(CO)C(O)C(=O)NCCC(=O)[O-].CC(C)(CO)C(O)C(=O)NCCC(=O)[O-].[Ca+2],,476.1682862039999,False,[]
8715,Cl.Cl.Nc1ccc(O)c(N)c1,,196.0170183,False,[]
8720,CC(O)C(=O)[O-].[Sr+2],,176.92893254009002,False,[]
8721,CN(C)C(=S)[S-].CN(C)C(=S)[S-].[Cu+2],,302.917929884,False,[]
8722,CN(C)C(=S)[S-].CN(C)C(=S)[S-].[Zn+2],,303.917474584,False,[]
8730,N[C@H](Cc1cc(I)c(Oc2cc(I)c(O)c(I)c2)c(I)c1)C(=O)O,,776.686699832,False,[]
8732,CCCc1ncc(C[n+]2ccccc2C)c(N)n1.Cl.[Cl-],,314.106502,False,[]
8733,CCCCC(CC)COC(=O)c1cccc(C(=O)OCC(CC)CCCC)c1,,390.277009696,False,[]
8735,CCCCCCCCCc1ccc(O)c(CCCCCCCCC)c1,,346.323565964,False,[]
8736,O=C([O-])CC(O)C(=O)[O-].[Na+].[Na+],,177.985411788,False,[]
8737,Cl.NC(CCC(=O)O)C(=O)O,,183.02983548,False,[]
8739,NS(=O)(=O)c1ccc(C(=O)O)cc1,,201.009578704,False,[]
8740,O=[N+]([O-])c1ccc(S(=O)(=O)O)cc1,,202.98884326,False,[]
8742,O=C(O)C1=C[C@@H](O)[C@@H](O)[C@H](O)C1,,174.05282342,False,[]
8743,O=C(O)c1cc(=O)cc(C(=O)O)[nH]1,,183.01677226,False,[]
8744,CC(N)C(O)c1ccc(O)c(O)c1.Cl,,219.066220988,False,[]
8747,O=C(O)c1cc[c]([Hg])cc1,,322.9995974,False,[]
8748,C=C(C)C1CCC(C)(O)CC1,,154.135765196,False,[]
8749,CN(C)c1ccc(N=O)cc1,,150.07931294,False,[]
8752,O=S(=O)([O-])NC1CCCCC1.O=S(=O)([O-])NC1CCCCC1.[Ca+2],,396.070169468,False,[]
8753,CCCCCCCCCCCC[N+](C)(C)Cc1ccccc1.[Cl-],,339.269277896,False,[]
8754,CCCCCCCCCCCC[N+](C)(C)Cc1ccccc1,,304.29987663609,False,[]
8755,CCCCCCCCCCCCCC[N+](C)(C)Cc1ccccc1.[Cl-],,367.300578024,False,[]
8756,CCCCCCCCCCCCCC[N+](C)(C)Cc1ccccc1,,332.33117676409,False,[]
8757,CC(=O)[O-].CC(=O)[O-].CC(=O)[O-].[Al+3],,204.021451638,False,[]
8758,O=C(O)CN(CC(=O)O)CC(=O)O,,191.042987008,False,[]
8759,O=C([O-])CN(CCN(CC(=O)[O-])CC(=O)O)CC(=O)O.[Na+].[Na+],,336.054553968,False,[]
8761,O=C(O)CN(CCO)CCO,,163.084457896,False,[]
8762,O=C([O-])C(=O)[O-].[Ce].[Ce],,367.79163303982,False,[]
8763,CCC(=O)OCC(COC(=O)CC)OC(=O)CC,,260.12598836,False,[]
8764,Nc1ccc(Oc2ccccc2)cc1,,185.084063972,False,[]
8765,Nc1ccc(Sc2ccc(N)cc2)cc1,,216.072119384,False,[]
8766,c1ccc(Sc2ccccc2)cc1,,186.05032132,False,[]
8767,CC(C)=CCCC(C)CCOC(=O)Cc1ccccc1,,274.193280072,False,[]
8771,CCCCC(CC)CCC(CC(C)C)OS(=O)(=O)O,,294.18648043999997,False,[]
8772,O=C([O-])CN(CCO)CCN(CC(=O)[O-])CC(=O)[O-].[Na+].[Na+].[Na+],,344.05723366000007,False,[]
8773,O=C(O)CN(CCO)CCN(CC(=O)O)CC(=O)O,,278.111400916,False,[]
8774,Cl.Cl.Nc1cc(/[As]=[As]/c2ccc(O)c(N)c2)ccc1O,,437.886426048,False,[]
8775,Nc1cc(/[As]=[As]/c2ccc(O)c(N)c2)ccc1O,,365.933070624,False,[]
8776,CCNC(=O)Nc1ncc([N+](=O)[O-])s1,,216.031711116,False,[]
8777,CCCCCCCCCCCCOS(=O)(=O)O.OCCN(CCO)CCO,,415.260373652,False,[]
8778,CCCCCCCCCCCCOS(=O)(=O)O,,266.155180312,False,[]
8779,O=C([O-])CN(CCN(CC(=O)[O-])CC(=O)[O-])CCN(CC(=O)[O-])CC(=O)[O-].[Na+].[Na+].[Na+].[Na+].[Na+],,503.048065176,False,[]
8780,CCCCCCC(CC=CCCCCCCCC(=O)OC)OC(C)=O,,354.27700969599994,False,[]
8781,CCCCCCC(CC=CCCCCCCCC(=O)OCCCC)OC(C)=O,,396.32395988799993,False,[]
8782,CCCCCCC(CC=CCCCCCCCC(=O)OCCOC)OC(C)=O,,398.3032244439999,False,[]
8783,ClCCOP(OCCCl)OCCCl,,267.95896391400004,False,[]
8785,CC(=O)OCc1ccccc1,,150.06807956,False,[]
8786,O=C(CCl)OCc1ccccc1,,184.029107208,False,[]
8788,O=C(O)CCC(=O)OCc1ccccc1,,208.073558864,False,[]
8789,O=C(NNc1ccccc1)NNc1ccccc1,,242.116761068,False,[]
8790,O=C(CCCCCCCCC(=O)OCc1ccccc1)OCc1ccccc1,,382.21440944,False,[]
8791,CCCCCCCCCCCC(=O)OCc1ccccc1,,290.2245802,False,[]
8792,CC(C)CC(=O)OCCc1ccccc1,,206.130679816,False,[]
8793,c1ccc(CNCCNCc2ccccc2)cc1,,240.16264864,False,[]
8796,NC(=O)Nc1ccc(Cl)cc1,,170.024690524,False,[]
8797,CC(=O)Oc1ccc(C)cc1,,150.06807956,False,[]
8798,CC(=O)Nc1ncc([N+](=O)[O-])s1,,187.00516202,False,[]
8799,CN(C)C(=O)Nc1ccc(Cl)cc1.O=C(O)C(Cl)(Cl)Cl,,359.960202964,False,[]
8800,CN(C)C(=O)Nc1ccc(Cl)cc1,,198.055990652,False,[]
8802,O=C(Nc1ccc([As](=O)(O)O)cc1)OCO,,290.97240854,False,[]
8803,O=C([O-])CCNC(=O)Nc1ccc([N+](=O)[O-])cc1.[Na+],,275.0518147,False,[]
8804,O=C(O)CCNC(=O)Nc1ccc([N+](=O)[O-])cc1,,253.069870452,False,[]
8805,CC(=O)Nc1ccc(C(=O)CCl)cc1,,211.04000624,False,[]
8806,N#CC(c1ccc(Cl)cc1)c1ccc(Cl)cc1,,261.011204648,False,[]
8808,CN(C)c1ccc(/N=N/S(=O)(=O)O)cc1,,229.052112212,False,[]
8809,CC(COc1ccc(C(C)(C)C)cc1)OS(=O)OCCCl,,334.10055789600005,False,[]
8810,O=S(=O)(O)CCO.O=S(=O)(O)CCO.[H]/N=C(\N)c1ccc(C=Cc2ccc(/C(N)=N/[H])cc2)cc1,,516.1348558560002,False,[]
8811,[H]/N=C(\N)c1ccc(C=Cc2ccc(/C(N)=N/[H])cc2)cc1,,264.137496512,False,[]
8812,CCCCCCCCCCc1ccc(S(=O)(=O)O)cc1,,298.160265692,False,[]
8813,O=S(=O)(O)CCO.O=S(=O)(O)CCO.[H]/N=C(\N)c1ccc(OCCCCCOc2ccc(/C(N)=N/[H])cc2)cc1,,592.1872853520001,False,[]
8814,CC(C)(C)CC(C)(C)c1ccc(O)cc1,,206.167065324,False,[]
8816,CCCCCCCCCCCCCCCC[n+]1ccccc1.[Br-],,383.21876231600004,False,[]
8828,O=C([O-])CCC(=O)[O-].[Cd+2],,229.914317108,False,[]
8829,O=C([O-])C=CC(=O)[O-].[Fe+2],,169.930246044,False,[]
8830,CCCCOC(=O)CCC(=O)OCCCC,,230.151809184,False,[]
8831,CC(C)COC(=O)CCCCC(=O)OCC(C)C,,258.183109312,False,[]
8833,C=C(C)CCCC(C)CCOC(C)=O,,198.161979944,False,[]
8834,CCC(=O)OCCC(C)CCC=C(C)C,,212.177630008,False,[]
8835,CCCC(=O)OCCC(C)CCC=C(C)C,,226.193280072,False,[]
8836,CCCCOCCOCCOC(=O)CCCCC(=O)OCCOCCOCCCC,,434.28796830399995,False,[]
8837,CCCCOCCOC(=O)CCCCC(=O)OCCOCCCC,,346.235538808,False,[]
8838,CCCCCCCCCCCCCCCCCC(=O)NCCNCCO,,370.355928712,False,[]
8839,CCCCCCC(O)CC=CCCCCCCCC(=O)O,,298.25079494799996,False,[]
8840,CCCCCCC(O)CCCCCCCCCCC(=O)OC,,314.28209507599996,False,[]
8841,CCCCCCC(O)CC=CCCCCCCCC(=O)OC,,312.26644501199996,False,[]
8842,CC(C)=CCCC(C)CCO,,156.15141526,False,[]
8843,CC(C)=CCCC(C)=CC=O,,152.120115132,False,[]
8844,CCOC(=O)CCCCC(=O)OCC,,202.120509056,False,[]
8847,CCCCCCCCC1OC1CCCCCCCC(=O)OCC(CC)CCCC,,410.37599545999996,False,[]
8850,CCC[Si](Cl)(Cl)Cl,,175.938259794,False,[]
8852,C[Si](C)(C)O[Si](C)(C)O[Si](C)(C)O[Si](C)(C)C,,310.12720093999997,False,[]
8853,C[Si](C)(C)O[Si](C)(C)O[Si](C)(C)O[Si](C)(C)O[Si](C)(C)C,,384.14599228199995,False,[]
8854,COP(=O)(OC)OC(C)=CC(=O)N(C)C,,237.07660924200002,False,[]
8856,O=C(O)CCI,,199.9334274,False,[]
8863,COC(CC(C)CCCC(C)(C)O)OC,,218.188194692,False,[]
8867,CCC(C)OC(=S)S,,150.01730694,False,[]
8872,C=C(C)C(=O)OCCCCCC,,170.130679816,False,[]
8875,CCCCCCCCC=CCCCCCCCC(=O)OCCS(=O)(=O)O,,390.2439953159999,False,[]
8876,CCCCC(CC)COC(=O)C=CC(=O)OCC(CC)CCCC,,340.261359632,False,[]
8877,CCCCCCCCC=CCCCCCCCC(=O)[O-].CCCCCCCCC=CCCCCCCCC(=O)[O-].[Ca+2],,602.458701572,False,[]
8878,C=CCOC(=O)CCCCCC,,170.130679816,False,[]
8879,C=CCOC(=O)OCCOCCOC(=O)OCC=C,,274.10525291600004,False,[]
8885,CCCCCCCCOS(=O)(=O)O,,210.092580056,False,[]
8888,C=CC(C)(O)CCC=C(C)CCC=C(C)C,,222.198365452,False,[]
8889,CCCCCCCCCCCC(=O)NC(C)(C)O,,257.235479232,False,[]
8890,CCCCCCCCCCCCCC(=O)NCCO,,271.251129296,False,[]
8893,C1CNCCN1.Cl.Cl,,158.03775374399999,False,[]
8895,CC(=O)[O-].CC(=O)[O-].[Cu+2],,180.956206172,False,[]
8898,CCCCCCCCC=CCCCCCCCC(=O)OCCCC,,338.318480584,False,[]
8899,CCCCCCCCCCCC(=O)NCCO,,243.219829168,False,[]
8904,CCCCCCCCCCOS(=O)(=O)O,,238.123880184,False,[]
8905,C1CNCCN1.O=C(O)CCCCC(=O)O,,232.14230712,False,[]
8906,C=C(C)C(=O)OCCCCCCCCCCCC,,254.2245802,False,[]
8907,CCCCCCCCCCCCCCCC(=O)OC(C)C,,298.287180456,False,[]
8910,CCCCCCCCCCCCOS(=O)(=O)O.OCCNCCO,,371.234158904,False,[]
8911,CCCCCCCCCCCCCCCCOS(=O)(=O)O,,322.21778056799997,False,[]
8912,CCCCCCCCCCCCCCCCCCOS(=O)(=O)O,,350.2490806959999,False,[]
8913,NCCCCCCNC(=O)O,,160.121177752,False,[]
8915,CCCCCCCCCC[NH3+].[Cl-],,193.15972744799998,False,[]
8916,CCCCCCCCCCN,,157.183049736,False,[]
8917,CCCCCCCCCCS,,174.144221704,False,[]
8918,CCCCCCCCCOC(C)=O,,186.161979944,False,[]
8919,CCCCCCCCCCCCBr,,248.1139629,False,[]
8920,CCCCCCNCCCCCC,,185.21434986399998,False,[]
8923,CCCCOCCOCCOCCO,,206.151809184,False,[]
8924,NCCCCCCNCCCCCCN,,215.23614792799998,False,[]
8925,COCCOCCOCCOCCOC,,222.146723804,False,[]
8926,CCCCCCCCCCCCCCCCN,,241.27695012,False,[]
8927,CCCCCCCCC=CCCCCCCCCO,,268.276615772,False,[]
8928,CCCCOCCOCCOCOCCOCCOCCCC,,336.251188872,False,[]
8930,CN1CC[C@]23c4c5ccc(O)c4O[C@@]2(C)C(=O)CC[C@H]3[C@@H]1C5,,299.152143532,False,[]
8931,CC[C@@H](C)C(=O)O[C@H]1[C@H](O)[C@H]2[C@@H](CN3C[C@@H](C)CC[C@H]3[C@@]2(C)O)[C@@H]2C[C@]34O[C@]5(O)[C@@H](OC(=O)[C@@](C)(O)CC)CC[C@@]3(C)[C@@H]5[C@@H](OC(C)=O)[C@@H](OC(C)=O)[C@H]4[C@@]21O,,793.424855696,False,[]
8932,C[C@]12CC[C@H](O)C[C@H]1CCC1C2CC[C@]2(C)C(C3=CC(=O)OC3)CC[C@]12O,,374.24570956799994,False,[]
8934,c1ccc([B-](c2ccccc2)(c2ccccc2)c2ccccc2)cc1,,319.16635461991,False,[]
8938,O=C(CBr)N1CCC(C(O)(c2ccccc2)c2ccccc2)CC1,,387.083391044,False,[]
8939,O=C(CCl)C1CCN(C(O)(c2ccccc2)c2ccccc2)CC1,,343.13390662399996,False,[]
8940,O=C(CI)N1CCC(C(O)(c2ccccc2)c2ccccc2)CC1,,435.06952694399996,False,[]
8942,CCCCCCC1(CC)C(=O)NC(=O)NC1=O,,240.1473925,False,[]
8944,CCOC(=O)C1(c2ccccc2)CCN(CCc2ccc(N)cc2)CC1,,352.21507813600005,False,[]
8945,O=C(O)CC1(CC(=O)O)OCOC1=O,,204.02700259600002,False,[]
8947,C[As](=O)([O-])[O-].[Na+].[Na+],,183.90935401599998,False,[]
8949,O=C([O-])CC(O)(CC(=O)[O-])C(=O)O.[Mg+2],,213.99639423200003,False,[]
8950,O=C([O-])CC(O)(CC(=O)[O-])C(=O)O.[Na+].[Na+],,235.990891092,False,[]
8951,CN(C)C(=S)S[Se](SC(=S)N(C)C)(SC(=S)N(C)C)SC(=S)N(C)C,,559.893186068,False,[]
8952,COP(=S)(OC)SCC(=O)N1CCOCC1,,285.02583662200004,False,[]
8954,O=S([O-])CNc1ccc(S(=O)(=O)c2ccc(NCS(=O)[O-])cc2)cc1.[Na+].[Na+],,447.98093772799996,False,[]
8955,CC(=O)[C@H]1CC[C@H]2[C@@H]3CC=C4C[C@@H](O)CC[C@]4(C)[C@H]3CC[C@]12C,,316.240230264,False,[]
8956,C[C@H](O)[C@H]1CC[C@H]2[C@@H]3CCC4=CC(=O)CC[C@]4(C)[C@H]3CC[C@]12C,,316.240230264,False,[]
8959,CC(CCC(=O)NCCS(=O)(=O)O)C1CCC2C3C(O)CC4C[C@H](O)CCC4(C)C3C[C@H](O)C12C,,515.2916737799999,False,[]
8960,O=C1c2ccccc2C(=O)c2c(O)c(S(=O)(=O)O)cc(O)c21,,319.99907359599996,False,[]
8961,Oc1ccc(Cl)c2c1CCC2,,168.034192588,False,[]
8964,Cc1cc2nc3c(=O)[nH]c(=O)nc-3n(C[C@@H](O)[C@@H](O)[C@@H](O)COP(=O)(O)OP(=O)(O)OC[C@H]3O[C@@H](n4cnc5c(N)ncnc54)[C@H](O)[C@@H]3O)c2cc1C,,785.1571346159997,False,[]
8965,Cc1cc2nc3c(=O)[nH]c(=O)nc-3n(C[C@@H](O)[C@@H](O)[C@@H](O)COP(=O)(O)O)c2cc1C,,456.1046148819999,False,[]
8966,C=CCN1Cc2ccccc2-c2ccccc2C1,,235.136099544,False,[]
8969,COC(=O)[C@@H]1[C@H]2C[C@H]3c4[nH]c5ccccc5c4CCN3C[C@@H]2CC[C@@H]1O,,354.19434269199996,False,[]
8970,CC(C)CCCOC(=O)c1ccccc1C(=O)OCCCC(C)C,,334.21440944,False,[]
8971,CCN(CCCl)CCCNc1c2ccc(Cl)cc2nc2ccc(OC)cc12.Cl.Cl,,477.090823204,False,[]
8972,CCN(CCCl)CCCNc1c2ccc(Cl)cc2nc2ccc(OC)cc12,,405.13746778,False,[]
8973,CO[C@@H]([C@H](O)[C@H](O)CO)[C@@H](O)C=O,,194.079038168,False,[]
8974,Nc1nc(Cl)nc2c1ncn2[C@@H]1O[C@H](CO)[C@@H](O)[C@H]1O,,301.05778154399997,False,[]
8975,Nc1nc(F)nc2c1ncn2[C@@H]1O[C@H](CO)[C@@H](O)[C@H]1O,,285.08733208399997,False,[]
8976,O=[N+]([O-])c1cc([N+](=O)[O-])c([O-])c([N+](=O)[O-])c1.[Ag+],,334.894371404,False,[]
8978,[Cu].c1ccc2c(c1)C1=N/C2=N\C2=N/C(=N\C3=N/C(=N\C4=N/C(=N\1)c1ccccc14)c1ccccc13)c1ccccc12,,575.0793900120001,False,[]
8979,c1ccc2c(c1)-c1nc3nc(nc4[nH]c([nH]c5nc(nc-2n1)-c1ccccc1-5)c1ccccc41)-c1ccccc1-3,,514.165442576,False,[]
8980,CN(C)CCOC(c1ccccc1)c1ccccc1.Cl,,291.138992004,False,[]
8981,CC1=CC(C)(C)Nc2ccccc21,,173.12044948,False,[]
8982,CCOc1ccc2ccccc2c1C(=O)N[C@@H]1C(=O)N2[C@@H]1SC(C)(C)[C@@H]2C(=O)O,,414.124942804,False,[]
8983,Cc1[nH]c(=O)[nH]c(=O)c1CO,,156.053492116,False,[]
8984,O=C([O-])[C@H](O)[C@@H](O)C(=O)[O-].[K+].[K+],,225.928201208,False,[]
8985,O=C[C@@H](O)[C@H](O)C(O)CO,,150.05282342,False,[]
8986,Nc1c(Br)cc(Br)cc1Br,,326.789385428,False,[]
8989,Cc1cc(O)c(C)c2c1O[C@](C)(CCCC(C)CCCC(C)CCCC(C)C)CC2,,416.365430776,False,[]
8991,COc1cccc(C=O)c1O,,152.047344116,False,[]
8992,NS(=O)(=O)c1cc2c(cc1C(F)(F)F)NC=NS2(=O)=O,,328.975182332,False,[]
8993,CN(C)CCN(Cc1ccc(Cl)s1)c1ccccn1,,295.09099625600004,False,[]
8994,O=C(Nc1ccc(C(=O)O)cc1)Oc1ccc(N(CCCl)CCCl)cc1,,396.064362416,False,[]
8995,CCN(CCC#N)c1ccccc1,,174.115698448,False,[]
8996,COc1cc(C=NNC(=O)c2ccncc2)ccc1O,,271.095691276,False,[]
9001,O=S(=O)([O-])c1cc(O)c(O)c(S(=O)(=O)[O-])c1.[Na+].[Na+],,313.91429764800006,False,[]
9002,O=S(=O)(O)c1cc(O)c(O)c(S(=O)(=O)O)c1,,269.950409152,False,[]
9003,CCCC[N+]1(C)[C@H]2CC(OC(=O)C(CO)c3ccccc3)C[C@H]1[C@H]1O[C@H]12.[Br-],,439.13582053999994,False,[]
9004,CCCC[N+]1(C)[C@H]2CC(OC(=O)C(CO)c3ccccc3)C[C@H]1[C@H]1O[C@H]12,,360.21693486008996,False,[]
9006,C[Si](Cl)(Cl)c1ccccc1,,189.977232146,False,[]
9008,O=C([O-])CN(CCN(CC(=O)[O-])CC(=O)O)CC(=O)[O-].[Na+].[Na+].[Na+],,358.03649821600004,False,[]
9010,O=C([O-])C[S][Bi]([S]CC(=O)[O-])[S]CC(=O)[O-].[Na+].[Na+].[Na+],,547.8823574520001,False,[]
9011,CCCCSP(SCCCC)SCCCC,,298.101250494,False,[]
9012,c1ccc(CSSCc2ccccc2)cc1,,246.053692448,False,[]
9013,CCOc1ccc(NC(N)=O)cc1,,180.089877624,False,[]
9014,CN(C)c1ccc(/N=N/c2ccc(F)cc2)cc1,,243.117175668,False,[]
9017,CC(=O)OCCC(C)CCC=C(C)C,,198.161979944,False,[]
9018,CC(=CCO)CCC[C@H](C)CCC[C@H](C)CCCC(C)C,,296.3079159,False,[]
9019,CCCCOC(=S)[S-].CCCCOC(=S)[S-].[Zn+2],,361.948106016,False,[]
9020,O=C([O-])CCC(=O)[O-].[Na+].[Na+],,161.990497168,False,[]
9021,CCCCC[N+](C)(C)C.[Br-],,209.07791174,False,[]
9024,CC(=O)OC(C)(C)Cc1ccccc1,,192.115029752,False,[]
9026,CCCCCCC(O)CC=CCCCCCCCC(=O)OCCCC,,354.31339520399996,False,[]
9027,CCC(C)CCC(C)(O)CC,,158.167065324,False,[]
9029,CCCCCCCCCOC(=O)CCCCC(=O)OCCCCCCCCC,,398.339609952,False,[]
9030,CC(=O)O.COC[CH2][Hg],,321.041462212,False,[]
9031,COC[CH2][Hg],,261.020332844,False,[]
9034,C=CCC1(C(C)C#CCC)C(=O)NC(=O)N(C)C1=O,,262.131742436,False,[]
9035,S=P(N1CCCCCC1)(N1CC1)N1CC1,,245.11155527,False,[]
9036,C=CCN1CC[C@]23CCCC[C@H]2[C@@H]1Cc1ccc(O)cc13,,283.19361442,False,[]
9037,CN(C)P(=O)(OP(=O)(N(C)C)N(C)C)N(C)C,,286.132363888,False,[]
9038,COP(=S)(OC)OC,,156.001001778,False,[]
9039,COP(=O)(OC)SC,,156.00100177800002,False,[]
9040,CC[N+](CC)(CCNC(=O)C(=O)NCC[N+](CC)(CC)Cc1ccccc1OC)Cc1ccccc1OC.[Cl-].[Cl-],,598.3052613759999,False,[]
9041,CC[N+](CC)(CCNC(=O)C(=O)NCC[N+](CC)(CC)Cc1ccccc1OC)Cc1ccccc1OC,,528.36645885618,False,[]
9042,CC[N+](CC)(CCCNC(=O)C(=O)NCCC[N+](CC)(CC)Cc1ccccc1Cl)Cc1ccccc1Cl.[Cl-].[Cl-],,634.237487432,False,[]
9043,CC[N+](CC)(CCCNC(=O)C(=O)NCCC[N+](CC)(CC)Cc1ccccc1Cl)Cc1ccccc1Cl,,564.29868491218,False,[]
9044,CC[N+](CC)(CCNC(=O)C(=O)NCC[N+](CC)(CC)Cc1ccccc1)Cc1ccccc1.[Cl-].[Cl-],,538.284132008,False,[]
9045,CC[N+](CC)(CCNC(=O)C(=O)NCC[N+](CC)(CC)Cc1ccccc1)Cc1ccccc1,,468.34532948817997,False,[]
9046,C#C[C@]1(O)CC[C@H]2[C@@H]3CCc4cc(OC5CCCC5)ccc4[C@H]3CC[C@@]21C,,364.240230264,False,[]
9047,COc1nccnc1NS(=O)(=O)c1ccc(N)cc1,,280.063011244,False,[]
9048,CC1(C)N=C(N)N=C(N)N1c1ccc(Cl)cc1.Cl,,287.07045084,False,[]
9049,CC1(C)N=C(N)N=C(N)N1c1ccc(Cl)cc1,,251.09377312799998,False,[]
9050,CC12CCC(=O)C=C1CCC1C2CCC2(C)C1CC[C@]2(O)C(=O)CO,,346.21440943999994,False,[]
9051,CC(=O)[C@H]1CC[C@H]2[C@@H]3C=CC4=CC(=O)CC[C@@]4(C)[C@@H]3CC[C@]12C,,312.208930136,False,[]
9053,C[C@@H]1C[C@H]2[C@@H]3C[C@H](F)C4=CC(=O)C=C[C@]4(C)[C@H]3[C@@H](O)C[C@]2(C)[C@H]1C(=O)CO,,376.20498762799997,False,[]
9054,CC1=CC(=O)C[C@@H]2CCC3C4CCC(O)C4(C)CCC3C12C,,302.2245802,False,[]
9056,c1ccc2c(c1)CCc1cc3c4c(ccc3cc1-2)CCCC4,,284.15650064,False,[]
9057,c1ccc2c(c1)CCc1cc3c(ccc4ccccc43)cc1-2,,280.125200512,False,[]
9058,c1ccc2c(c1)ccc1cc3c4c(ccc3cc12)CCCC4,,282.140850576,False,[]
9059,NC(Cc1c[nH]c2ccc(N(CCCl)CCCl)cc12)C(=O)O,,343.085432208,False,[]
9060,N[C@H](Cc1c[nH]c2ccccc12)C(=O)O,,204.089877624,False,[]
9061,OCCc1c[nH]c2ccc(O)cc12,,177.078978592,False,[]
9062,OC[C@H]1O[C@H](O)C[C@@H](O)[C@@H]1O,,164.068473484,False,[]
9063,CCC[C@@H]1C[C@@H](C(=O)N[C@@H](C(C)O)C2O[C@H](SC)[C@H](O)[C@@H](O)[C@H]2O)N(C)C1,,406.2137578079999,False,[]
9064,Oc1cc(O)c2c(c1)O[C@H](c1ccc(O)c(O)c1)[C@@H](O)C2,,290.079038168,False,[]
9065,CC(N)C(O)c1ccccc1.Cl,,187.076391748,False,[]
9066,CN(C)CCN(Cc1ccccc1)c1ccccn1.Cl,,291.15022538399995,False,[]
9068,Cc1ncc(C[n+]2csc(CCOP(=O)(O)OP(=O)(O)O)c2C)c(N)n1.[Cl-],,460.013820888,False,[]
9069,Cc1ccc(CCNN)c(C)c1.O=S(=O)(O)O,,262.098728056,False,[]
9070,Cc1ccc(CCNN)c(C)c1,,164.131348512,False,[]
9071,[S-]c1nc2ccccc2s1.[S-]c1nc2ccccc2s1.[Zn+2],,395.88617445600005,False,[]
9072,C[N+]1(C)[C@H]2CC(OC(=O)C(CO)c3ccccc3)C[C@H]1[C@H]1O[C@H]12.[Br-],,397.08887034799994,False,[]
9073,C[N+]1(C)[C@H]2CC(OC(=O)C(CO)c3ccccc3)C[C@H]1[C@H]1O[C@H]12,,318.16998466808997,False,[]
9074,O=Nc1ccc(Nc2ccccc2)cc1,,198.07931294,False,[]
9075,Cl.NCCc1ccccc1,,157.065827064,False,[]
9077,O=[N+]([O-])c1ccc(/C=N/c2ccccc2)o1,,216.053492116,False,[]
9078,Cc1ccc(CCN[NH3+])cc1.O=S(=O)([O-])O,,248.083077992,False,[]
9079,Cc1ccc(CCNN)cc1,,150.115698448,False,[]
9083,CS(=O)(=O)OCOS(C)(=O)=O,,203.976229976,False,[]
9085,NC(N)=NCCCC[C@H](N)C(=O)O,,188.127325752,False,[]
9087,[N-]=[N+]=CC(=O)CC[C@H](N)C(=O)O,,171.064391148,False,[]
9090,C1CCC2(C1)SCCS2,,160.038042384,False,[]
9091,C1CCC2(CC1)CSSC2,,174.053692448,False,[]
9094,C1CCC2(CC1)OCCS2,,158.076536068,False,[]
9095,C1CC[Si]2(C1)O[Si]1(CCCC1)O[Si]1(CCCC1)O[Si]1(CCCC1)O2,,400.13776562399994,False,[]
9096,C1CCC2(CC1)OCCCO2,,156.115029752,False,[]
9097,C1CCCC2(CC1)CCCCC2,,166.172150704,False,[]
9098,C1CCCC2(CC1)OCCS2,,172.092186132,False,[]
9099,C1CCCC2(CC1)SCCS2,,188.069342512,False,[]
9103,c1cc2ccc3c4ccc5cccc6ccc(c7ccc(c1)c2c37)c4c56,,326.109550448,False,[]
9104,c1ccc2cc3c(cc2c1)cc1ccc2cc4cc5ccccc5cc4c4ccc3c1c24,,402.140850576,False,[]
9105,c1ccc2cc3c(cc2c1)cc1ccc2c4cc5ccccc5cc4cc4ccc3c1c42,,402.140850576,False,[]
9106,c1ccc2c(c1)cc1ccc3cc4ccccc4c4ccc2c1c34,,302.109550448,False,[]
9107,c1ccc2c(c1)cc1ccc3cc4ccccc4c4nnc2c1c34,,304.100048384,False,[]
9108,c1ccc2c(c1)cc1ccc3c4ccccc4cc4ccc2c1c43,,302.109550448,False,[]
9109,c1ccc2c(c1)cc1ccc3cncc4ccc2c1c34,,253.089149352,False,[]
9110,c1ccc2c(c1)cc1ccc3ccnc4ccc2c1c34,,253.089149352,False,[]
9111,c1ccc2c(c1)ccc1c2cc2ccc3cccc4ccc1c2c34,,302.109550448,False,[]
9112,c1ccc2c(c1)ccc1cc3cc4ccc5cccc6ccc(c3nc12)c4c56,,353.12044948000005,False,[]
9113,c1cc2ccc3cc4cc5cc6cc7c(cc6cc5cc4c4ccc(c1)c2c34)cc1ccc2cccc3ccc7c1c23,,526.172150704,False,[]
9114,c1ccc2c(c1)c1ccc3ccc4ccc5ccc6ccc2c2c6c5c4c3c12,,350.109550448,False,[]
9115,c1cc2ccc3ccc4ccc5ccc6ccc1c1c2c3c4c5c61,,300.093900384,False,[]
9116,c1ccc2c(c1)cc1ccc3cc4ccccc4c4c5ccccc5c2c1c34,,352.125200512,False,[]
9117,c1cc2ccc3ccc4ccc5cccc6c(c1)c2c3c4c56,,276.093900384,False,[]
9118,c1cc2ccc3cc4cccc5ccc6cc(c1)c2c3c6c54,,276.093900384,False,[]
9119,c1ccc2c(c1)cc1ccc3cccc4c5ccccc5c2c1c34,,302.109550448,False,[]
9120,c1ccc2cc3c(cc2c1)cc1c2ccccc2c2cc4cc5ccccc5cc4c4ccc3c1c42,,452.15650064,False,[]
9121,c1ccc2c(c1)cc1c3ccccc3c3cc4ccccc4c4ccc2c1c43,,352.125200512,False,[]
9122,c1ccc2c(c1)c1cccc3c4ccccc4c4cccc2c4c13,,302.109550448,False,[]
9123,c1ccc2cc3c(cc2c1)c1cccc2c4cc5ccccc5cc4c4cccc3c4c12,,402.140850576,False,[]
9124,c1ccc2cc3c(cc2c1)c1cccc2c4ccccc4c4cccc3c4c21,,352.125200512,False,[]
9125,c1ccc2cc3cc4c(cc3cc2c1)c1cccc2c3ccccc3c3cccc4c3c21,,402.140850576,False,[]
9126,c1ccc2c(c1)cc1c3ccccc3c3cccc4ccc2c1c43,,302.109550448,False,[]
9127,c1ccc2cc3c(cc2c1)cc1c2ccccc2c2cccc4ccc3c1c42,,352.125200512,False,[]
9128,c1ccc2c(c1)c1cccc3ccc4cccc2c4c31,,252.093900384,False,[]
9129,c1ccc2cc3c(cc2c1)c1cccc2ccc4cccc3c4c21,,302.109550448,False,[]
9130,c1ccc2cc3cc4c(cc3cc2c1)c1cccc2ccc3cccc4c3c21,,352.125200512,False,[]
9131,c1ccc2c(c1)-c1ccc3ccc4cccc5cc-2c1c3c45,,276.093900384,False,[]
9132,c1cc2ccc3cncc4ccc(c1)c2c34,,203.073499288,False,[]
9133,c1cc2ccc3cccc4ncc(c1)c2c34,,203.073499288,False,[]
9134,c1ccc2c(c1)ccc1[nH]c3ccc4ccccc4c3c12,,267.104799416,False,[]
9135,c1ccc2c(c1)ccc1c2ccc2ccc3ccccc3c21,,278.109550448,False,[]
9136,c1ccc2c(c1)ccc1ccc3ccccc3c12,,228.093900384,False,[]
9137,c1ccc2cc3c(cc2c1)cc1ccc2cccc4ccc3c1c24,,302.109550448,False,[]
9138,c1ccc2cc3cc4c(cc3cc2c1)cc1ccc2cccc3ccc4c1c23,,352.125200512,False,[]
9139,c1ccc2cc3cc4cc5c(cc4cc3cc2c1)cc1ccc2cccc3ccc5c1c23,,402.140850576,False,[]
9140,c1ccc2c(c1)ccc1c3ccccc3c3ccccc3c21,,278.109550448,False,[]
9141,c1ccc2c(c1)ccc1c3ccccc3c3ncccc3c21,,279.104799416,False,[]
9142,c1cc2cccc3c4cccc5cccc(c(c1)c23)c54,,252.093900384,False,[]
9143,C1=Cc2cc3ccccc3c3cccc1c23,,202.07825032,False,[]
9144,c1cc2c3c(c1)ccc1ccc4cccc-2c4c13,,226.07825032,False,[]
9145,c1ccc2c(c1)-c1cccc3cc4c(ccc5ccccc54)c-2c13,,302.109550448,False,[]
9146,c1ccc2c(c1)-c1cccc3cc4ccccc4c-2c13,,252.093900384,False,[]
9147,c1cc2c3c(c1)ccc1cccc(c13)C2,,190.07825032,False,[]
9148,c1cc2ccc3cccc4[nH]c(c1)c2c34,,191.073499288,False,[]
9149,C1=Cc2cccc3cccc(c23)C1,,166.07825032,False,[]
9150,c1ccc2c(c1)Cc1ccc3ccccc3c1-2,,216.093900384,False,[]
9151,c1ccc2c(c1)ccc1sc3ccccc3c12,,234.05032132,False,[]
9152,c1ccc2c3c(ccc2c1)-c1cccc2cccc-3c12,,252.093900384,False,[]
9153,c1ccc2c(c1)-c1cccc3c1c-2cc1ccccc13,,252.093900384,False,[]
9154,c1ccc2c(c1)-c1cccc3cccc-2c13,,202.07825032,False,[]
9155,c1cnc2c(c1)-c1cccc3cccc-2c13,,203.073499288,False,[]
9156,c1ccc2c(c1)-c1cccc3nccc-2c13,,203.073499288,False,[]
9157,c1ccc2c(c1)-c1cccc3ccnc-2c13,,203.073499288,False,[]
9158,c1ccc2cc3c(cc2c1)-c1cccc2cccc-3c12,,252.093900384,False,[]
9159,c1ccc2c3c(ccc2c1)-c1c(ccc2ccccc12)C3,,266.109550448,False,[]
9160,c1ccc2c(c1)ccc1c2[nH]c2ccc3ccccc3c21,,267.104799416,False,[]
9161,C1=Cc2cccc3cccc1c23,,152.062600256,False,[]
9162,c1ccc2c(c1)ccc1c2ccc2c3ccccc3ccc21,,278.109550448,False,[]
9163,c1ccc2cc3c(ccc4c5ccccc5ccc34)cc2c1,,278.109550448,False,[]
9164,c1ccc2cc3c4ccccc4c4ccccc4c3cc2c1,,278.109550448,False,[]
9165,c1ccc2nc3c4ccccc4c4ccccc4c3cc2c1,,279.104799416,False,[]
9166,c1ccc2nc3c4ccccc4c4ccccc4c3nc2c1,,280.100048384,False,[]
9167,c1ccc2cc3cc4c5ccccc5c5ccccc5c4cc3cc2c1,,328.125200512,False,[]
9168,c1ccc2c(c1)ccc1c2ccc2c3ccc4ccccc4c3ccc12,,328.125200512,False,[]
9169,c1ccc2cc3c(ccc4c5cc6ccccc6cc5ccc34)cc2c1,,328.125200512,False,[]
9170,c1ccc2c(c1)c1ccccc1c1ccccc21,,228.093900384,False,[]
9171,c1ccc2c(c1)ccc1c3ccccc3ccc21,,228.093900384,False,[]
9172,c1ccc2c(c1)ccc1c3ccncc3ccc21,,229.089149352,False,[]
9173,c1ccc2c(c1)ccc1c3cccnc3ccc21,,229.089149352,False,[]
9174,c1ccc2c(c1)ccc1c2ccc2cccnc21,,229.089149352,False,[]
9175,C1=c2ccccc2=CC2CC=c3cc4ccccc4cc3=C12,,280.125200512,False,[]
9176,c1ccc2c(c1)ccc1cc3ccc4ccccc4c3cc12,,278.109550448,False,[]
9177,c1ccc2c(c1)ccc1nc3ccc4ccccc4c3cc12,,279.104799416,False,[]
9178,c1ccc2c(c1)ccc1cc3ccc4ccccc4c3nc12,,279.104799416,False,[]
9179,c1ccc2cc3c(ccc4ncccc43)cc2c1,,229.089149352,False,[]
9180,c1ccc2nc3ccc4ccccc4c3cc2c1,,229.089149352,False,[]
9181,c1ccc2nc3c(ccc4ccccc43)cc2c1,,229.089149352,False,[]
9182,c1ccc2c(c1)SCc1cc3ccccc3nc1-2,,249.061220352,False,[]
9183,c1ccc2c(c1)ccc1nc3c(ccc4ccccc43)cc12,,279.104799416,False,[]
9184,c1ccc2c(c1)ccc1nc3c(ccc4ccccc43)nc12,,280.100048384,False,[]
9185,c1ccc2c(c1)ccc1cc3cc4ccc5ccccc5c4cc3cc12,,328.125200512,False,[]
9186,c1ccc2c(c1)ccc1cc3cc4c(ccc5ccccc54)cc3cc12,,328.125200512,False,[]
9187,c1ccc2cc3c(ccc4sccc43)cc2c1,,234.05032132,False,[]
9188,c1ccc2cc3c(ccc4ccsc43)cc2c1,,234.05032132,False,[]
9189,c1ccc2c(c1)cnc1ccccc12,,179.073499288,False,[]
9190,c1ccc2c(c1)nnc1ccccc12,,180.068748256,False,[]
9191,c1ccc2c(c1)ccc1cccnc12,,179.073499288,False,[]
9192,c1ccc2c(c1)ccc1occc12,,168.057514876,False,[]
9193,c1ccc2c(c1)ccc1ccsc12,,184.034671256,False,[]
9194,c1ccc2c(c1)ncc1nccn12,,169.063997224,False,[]
9195,c1ccc2c(c1)Cc1c-2ccc2ccccc12,,216.093900384,False,[]
9196,c1ccc2c(c1)ccc1c3ccccc3[nH]c21,,217.089149352,False,[]
9197,c1ccc2c3csc4ccccc4c-3nc2c1,,235.045570288,False,[]
9198,c1ccc2c(c1)ccc1c3ccccc3sc21,,234.05032132,False,[]
9199,c1ccc2cc3c(cc2c1)Cc1ccc2ccccc2c1-3,,266.109550448,False,[]
9200,c1ccc2c(c1)ccc1c3ccc4ccccc4c3[nH]c21,,267.104799416,False,[]
9201,c1ccc2c(c1)Cc1cc3ccccc3cc1-2,,216.093900384,False,[]
9202,c1ccc2cc3c(cc2c1)[nH]c1ccccc13,,217.089149352,False,[]
9203,c1ccc2cc3c(cc2c1)sc1ccccc13,,234.05032132,False,[]
9204,C1=CCC2=Cc3ccccc3C2=C1,,166.07825032,False,[]
9205,c1ccc2c(c1)Cc1cccnc1-2,,167.073499288,False,[]
9206,c1cnc2c(c1)nc1ccccn12,,169.063997224,False,[]
9212,C1=Cc2ccccc2Nc2ccccc21,,193.089149352,False,[]
9213,C1=Nc2ccccc2Oc2ccccc21,,195.068413908,False,[]
9214,c1ccc2c(c1)-c1ccccc1-2,,152.062600256,False,[]
9215,c1ccc2nc3ccccc3cc2c1,,179.073499288,False,[]
9216,c1ccc2c(c1)Oc1ccccc1O2,,184.052429496,False,[]
9217,c1ccc2c(c1)Oc1ccccc1S2,,200.029585876,False,[]
9218,C1=CC2=CC3OCOC3=CC2=N1,,161.047678464,False,[]
9242,[BiH3],,212.003873796,False,[]
9243,NCCOB(OCCN)OCCN,,191.14412183599998,False,[]
9248,C1CCCCCC2OC2CCCC1,,182.167065324,False,[]
9252,[SiH2]1[Se][SiH2][Se]1,,219.818195788,False,[]
9268,C1CCCCCCCCCCC1,,168.187800768,False,[]
9269,C1COCCOCCOCCO1,,176.104858992,False,[]
9270,C#C[C@]1(OC(C)=O)CC[C@H]2[C@@H]3CCC4=C[C@@H](OC(C)=O)CC[C@@H]4[C@H]3CC[C@@]21C,,384.230059504,False,[]
9271,ClC1=C(Cl)C2(Cl)C3C(Cl)OC(Cl)C3C1(Cl)C2(Cl)Cl,,407.77703618799995,False,[]
9272,CCOP(=S)(OCC)Oc1cnccn1,,248.03844990599998,False,[]
9273,CCOP(=S)(OCC)OCCSCC,,258.051323098,False,[]
9274,CCOP(=S)(S)OCC,,185.99380822199998,False,[]
9275,CCCCC(CC)COP(=O)(O)OCC(CC)CCCC,,322.22729623000004,False,[]
9276,COc1ccc2c(c1O)-c1c3c(cc4c1C(C2)N(C)CC4)OCO3,,325.131408088,False,[]
9277,CC(C(=O)N1c2ccccc2Sc2ccccc21)[N+](C)(C)C.[Br-],,392.055796392,False,[]
9278,CC(C(=O)N1c2ccccc2Sc2ccccc21)[N+](C)(C)C,,313.13691071209,False,[]
9279,CC(C)[N+](C)(CCOC(=O)C1c2ccccc2Oc2ccccc21)C(C)C.[Br-],,447.14090592,False,[]
9280,COC(=O)C(c1ccccc1)C1CCCCN1.Cl,,269.11825656,False,[]
9282,COc1cc(-c2ccc(-[n+]3nc(-c4ccccc4)nn3-c3ccc([N+](=O)[O-])cc3)c(OC)c2)ccc1-[n+]1nc(-c2ccccc2)nn1-c1ccc([N+](=O)[O-])cc1,,746.23388152018,False,[]
9283,[Cl-].c1ccc(-c2nn(-c3ccccc3)[n+](-c3ccccc3)n2)cc1,,334.09852416,False,[]
9284,c1ccc(-c2nn(-c3ccccc3)[n+](-c3ccccc3)n2)cc1,,299.12912290009,False,[]
9285,COS(=O)(=O)[O-].C[n+]1c2ccccc2nc2ccccc21,,306.067427928,False,[]
9286,C[n+]1c2ccccc2nc2ccccc21,,195.09167477209,False,[]
9287,CC(N)Cc1c[nH]c2ccccc12,,174.115698448,False,[]
9289,O=C(O)[C@H](O)C(O)[C@H](O)[C@H](O)CO,,196.058302724,False,[]
9290,O=C([O-])[C@H](O)[C@@H](O)[C@H](O)[C@H](O)CO.O=C([O-])[C@H](O)[C@@H](O)[C@H](O)[C@H](O)CO.[Ca+2],,430.0635463639999,False,[]
9291,O=C(O)[C@H](O)[C@H](O)[C@@H](O)[C@@H](O)CO.O=C(O)[C@H](O)[C@H](O)[C@@H](O)[C@@H](O)CO.[Fe],,448.05154294799985,False,[]
9293,C1CCN2C[C@H]3C[C@H](CN4CCCC[C@@H]34)[C@H]2C1.O=S(=O)(O)O,,332.1769783759999,False,[]
9294,CN[C@@H](C)[C@H](O)c1ccccc1,,165.1153641,False,[]
9295,CCN(CC)CC(C)C(C)OC(=O)c1ccc(OCC(C)C)cc1,,335.246043916,False,[]
9296,CS(=O)(=O)OCC(O)C(O)COS(C)(=O)=O,,278.013009408,False,[]
9298,COP(=S)(OC)Oc1cc(Cl)c(Cl)cc1Cl,,319.899734786,False,[]
9299,COP(=S)(NC(C)C)Oc1ccc(Cl)cc1Cl,,312.985991678,False,[]
9300,CNP(=O)(OC)Oc1ccc(C(C)(C)C)cc1Cl,,291.07910777800004,False,[]
9301,Br.COC(=O)C1=CCCN(C)C1,,235.020790788,False,[]
9302,CN1N=C(C(N)=O)CCC1=O,,155.069476528,False,[]
9303,O=C([O-])Cn1cc(I)c(=O)c(I)c1.OCC[NH2+]CCO,,509.91486761199997,False,[]
9304,O=C(O)Cn1cc(I)c(=O)c(I)c1,,404.83588902,False,[]
9305,N[C@@H](Cc1cc(I)c(O)c(I)c1)C(=O)O,,432.86718914799997,False,[]
9306,CNC(C)Cc1ccccc1.Cl,,185.097127192,False,[]
9307,COc1cc(C[C@H](N)C(=O)O)ccc1O,,211.084457896,False,[]
9308,C[C@@H]1O[C@H](C[N+](C)(C)C)C[C@H]1O,,174.14885530009,False,[]
9310,C[N+](C)(C)CCCCCCC[N+](C)(C)C.[I-].[I-],,470.065495024,False,[]
9311,C[N+](C)(C)CCCCCCC[N+](C)(C)C,,216.25545186417997,False,[]
9313,CCCCCC(Cl)=C[As](=O)([O-])O.[NH4+],,273.01129258400005,False,[]
9314,CCCCCC(Cl)=C[As](=O)(O)O,,255.98474348800002,False,[]
9315,CCCCCCCCCCCCCCCCCC(=O)[O-].CCCCCCCCCCCCCCCCCC(=O)[O-].[Al+3].[OH-],,610.511689002,False,[]
9316,CCC=CCC=CCC=CCCCCCCCC(=O)OC,,292.240230264,False,[]
9317,CC(=O)[O-].CC(=O)[O-].[Pb+2],,326.00326077200003,False,[]
9318,CCCCC(CC)C(=O)[O-].CCCCC(CC)C(=O)[O-].[Sn+2],,406.11660414,False,[]
9319,CCCCCCCCCCCC(=O)OCCSC#N,,285.176250104,False,[]
9320,CCCCC(CC)COP(OCC(CC)CCCC)OCC(CC)CCCC,,418.357582122,False,[]
9324,CC(=O)O[C@]1(C(C)=O)CC[C@H]2[C@@H]3C=C(Cl)C4=CC(=O)CC[C@]4(C)[C@H]3CC[C@@]21C,,404.175437088,False,[]
9325,CC(=O)O[C@]1(C(C)=O)CC[C@H]2C3CCC4=CC(=O)CCC4(C)[C@H]3CCC21C,,372.230059504,False,[]
9330,CCN(CC)CCOC(=O)C(O)(c1ccccc1)c1ccccc1,,327.18344366,False,[]
9331,N#CC(CCN1CCC(C(N)=O)(N2CCCCC2)CC1)(c1ccccc1)c1ccccc1,,430.273261708,False,[]
9332,CCOC(=O)NP(=O)(N1CC1)N1CC1,,219.07727793799998,False,[]
9334,C[N+]([O-])(CCCl)CCCl.Cl,,206.998447044,False,[]
9335,C[N+]([O-])(CCCl)CCCl,,171.021769332,False,[]
9336,CC[N+](C)(C)c1cccc(O)c1.[Br-],,245.041526232,False,[]
9337,FC(F)(F)C(Cl)=C(Cl)C(F)(F)F,,231.92812468,False,[]
9338,O=C(O)c1c(O)cccc1O,,154.026608672,False,[]
9339,Cc1c([N+](=O)[O-])cc(C(C)C)c(O)c1[N+](=O)[O-],,240.074621484,False,[]
9340,Clc1ccc(C(c2ccccc2)N2CCNCC2)cc1,,286.123676288,False,[]
9341,COC(C)C(O)(C(=O)OCC1=CCN2CCC(O)C12)C(C)C,,313.188922964,False,[]
9342,CC=C(C)C(=O)O[C@H]1CCN2CC=C(COC(=O)[C@@](O)([C@@H](C)OC)C(C)(C)O)[C@H]12,,411.225702396,False,[]
9343,CCCCCC(=O)OCC(=O)C1[C@H](C)C[C@H]2C3C[C@H](F)C4=CC(=O)C=CC4(C)C3C(O)CC12C,,474.27815256799994,False,[]
9344,C[C@@H]1Cc2c(Cl)cc(C(=O)NC(Cc3ccccc3)C(=O)O)c(O)c2C(=O)O1,,403.08226497599986,False,[]
9345,CCC1(O)CC2c3cc(OC)c(OC)cc3CCN2CC1CC(C)C,,347.246043916,False,[]
9347,COC1=C(OC)C(=O)C(CC=C(C)CCC=C(C)CCC=C(C)CCC=C(C)CCC=C(C)CCC=C(C)CCC=C(C)C)=C(C)C1=O,,658.496110592,False,[]
9348,O=C(O)c1cccc(-c2ccccc2)c1O,,214.06299418,False,[]
9350,Fc1cccc(C=C(c2ccccc2)c2ccccc2)c1,,274.1157787,False,[]
9351,Cl.NNc1nncc2ccccc12,,196.05157396799999,False,[]
9352,CC(=O)Nc1ccc2c(c1)Cc1cc(NC(C)=O)ccc1-2,,280.121177752,False,[]
9353,CC(C)(N)Cc1c[nH]c2ccccc12,,188.131348512,False,[]
9354,O=C(O)C(S)C(S)C(=O)O,,181.970750672,False,[]
9356,CC(C)N(CC(=O)OCC(O)C(O)C(O)C(O)C(=O)O)C(C)C,,337.173666824,False,[]
9357,O=C([O-])[C@H](O)[C@@H](O)C(=O)[O-].[K+].[Na+],,209.95426380799998,False,[]
9361,CC[C@H]1OC(=O)[C@H](C)[C@@H](OC2CC(C)(OC)C(O)C(C)O2)C(C)[C@@H](OC2OC(C)CC(N(C)C)C2O)[C@](C)(O)C[C@@H](C)C(=O)[C@H](C)[C@@H](O)[C@]1(C)O,,733.4612412040001,False,[]
9362,[O-][n+]1c2ccccc2nc2ccccc21,,196.063662876,False,[]
9363,CCN(CC)C(=O)c1ccc(O)c(OC)c1,,223.120843404,False,[]
9365,NC(N)=NCCCC(NC(=O)c1ccccc1)C(=O)Nc1ccc2ccccc2c1,,403.20082504000004,False,[]
9366,NNc1cc(Cl)ccc1Cl,,175.990803552,False,[]
9367,CC(C)NNC(=O)c1ccncc1.O=P(O)(O)O,,277.08275724199996,False,[]
9369,NCCC(=O)NC(Cc1cnc[nH]1)C(=O)O,,226.106590308,False,[]
9370,O=[N+]([O-])c1cc(I)c(O)c(I)c1,,390.820238956,False,[]
9371,Cl.ClCCN(Cc1ccco1)Cc1ccco1,,275.04798408,False,[]
9372,ClCCN(Cc1ccco1)Cc1ccco1,,239.071306368,False,[]
9373,C#CCN(C)Cc1ccccc1.Cl,,195.081477128,False,[]
9374,NOCc1ccc(Br)c(OP(=O)(O)O)c1,,296.940171118,False,[]
9375,CC(C)(C)C(=O)NNCc1ccccc1,,206.141913196,False,[]
9376,O=C(CCCl)NCCc1ccccc1,,211.076391748,False,[]
9377,Br.CC(N)Cc1ccc(O)cc1,,231.025876168,False,[]
9378,O=C(O)C(O)Cc1ccc(O)cc1,,182.05790879999998,False,[]
9382,CC[N+](C)(C)CCN(C)CC[N+](C)(C)CC.[Br-].[Br-],,389.10412225600004,False,[]
9383,CC[N+](C)(C)CCN(C)CC[N+](C)(C)CC,,231.26635089618,False,[]
9384,Cl.Cl.Cl.Cl.NCCCNCCCCNCCCN,,346.12245768,False,[]
9385,FC(F)(F)C(Cl)Cl,,151.940740052,False,[]
9386,FC1(F)C(F)(F)C(F)(F)C2(F)C(F)(F)C(F)(F)C(F)(F)C(F)(F)C2(F)C1(F)F,,461.97125796,False,[]
9387,FC(F)(F)C(F)(F)C(F)(F)C(F)(F)C(F)(F)C(F)(F)C(F)(F)C(F)(F)F,,437.97125796,False,[]
9388,O=S(=O)(F)C(F)(F)C(F)(F)C(F)(F)C(F)(F)C(F)(F)C(F)(F)C(F)(F)C(F)(F)F,,501.9331582,False,[]
9389,FC(F)(F)C(F)(F)C(F)(F)C(F)(F)C(F)(F)C(F)(F)C(F)(F)C(F)(F)C(F)(F)C(F)(F)Br,,597.88480472,False,[]
9390,FC(F)(F)C(F)(F)C(F)(F)C(F)(F)OC(F)(F)C(F)(F)C(F)(F)C(F)(F)F,,453.96617258000003,False,[]
9393,CC[N+](CC)(CCCNC1=CC(=O)C(NCCC[N+](CC)(CC)Cc2ccccc2)=CC1=O)Cc1ccccc1.[Cl-].[Cl-],,616.3310821999999,False,[]
9394,CC[N+](CC)(CCCNC1=CC(=O)C(NCCC[N+](CC)(CC)Cc2ccccc2)=CC1=O)Cc1ccccc1,,546.39227968018,False,[]
9395,CCOP(=O)(OCC)Oc1ccc([N+](=O)[O-])cc1,,275.055873798,False,[]
9396,CCOP(=O)(OC=CCl)OCC,,214.016173174,False,[]
9397,FC(F)(F)C(F)(F)C(F)(F)C(F)(F)N(C(F)(F)C(F)(F)C(F)(F)C(F)(F)F)C(F)(F)C(F)(F)C(F)(F)C(F)(F)F,,670.95996094,False,[]
9398,O=[N+]([O-])c1cc(S(=O)(=O)c2ccc(F)c([N+](=O)[O-])c2)ccc1F,,343.991463352,False,[]
9399,C[N+]1(C)CCOC(O)(c2ccc(-c3ccc(C4(O)C[N+](C)(C)CCO4)cc3)cc2)C1.[Br-].[Br-],,572.0885317679999,False,[]
9400,C[C@@H]1C[C@H]2[C@@H]3CCC4=CC(=O)C=C[C@]4(C)[C@@]3(F)[C@@H](O)C[C@]2(C)[C@@]1(O)C(=O)COP(=O)(O)O,,472.16623276999985,False,[]
9401,CC(C)=CCCC(C)[C@H]1CC[C@H]2[C@@H]3CC=C4C[C@@H](O)CC[C@]4(C)[C@H]3CC[C@]12C,,384.339216028,False,[]
9402,CN(C)CCCN(C)C1CCC2C3CC=C4CC(O)CCC4(C)C3CCC21C,,388.34536402799995,False,[]
9403,C[C@]12CC[C@@H]3c4ccc(O)cc4CC[C@H]3[C@@H]1CC[C@@H]2OC(=O)CCC1CCCC1,,396.26644501199996,False,[]
9404,O=[N+]([O-])O.[H]/N=C(\N)N(C(C)C)C(C)C,,206.137890436,False,[]
9406,c1ccc2cc3cc4cc5c(cc4cc3cc2c1)c1cccc2ccc3cccc5c3c21,,402.140850576,False,[]
9407,Cc1cccc2ccc3cc4ccccc4c(C)c3c12,,256.125200512,False,[]
9408,c1cc2ccc3ccnc4ccc(c1)c2c34,,203.073499288,False,[]
9410,CN1CCc2cccc3c2[C@H]1Cc1ccc(O)c(O)c1-3.Cl,,303.10260649599996,False,[]
9411,CCC(C)n1c(=O)[nH]c(C)c(Br)c1=O,,260.016039756,False,[]
9412,Cc1[nH]c(=O)n(C(C)C)c(=O)c1Br,,246.000389692,False,[]
9413,CCN(CC)CCn1c(C(O)c2ccccc2)nc2c1c(=O)n(C)c(=O)n2C,,385.211389724,False,[]
9414,CNC(=O)Oc1cc(C)c(N(C)C)c(C)c1,,222.136827816,False,[]
9415,C[C@H]1C(=O)O[C@@H]2CCN3CC=C(COC(=O)[C@](C)(O)[C@]1(C)O)[C@H]23,,325.152537456,False,[]
9416,CCCCCCC(=O)O[C@H]1CC[C@H]2[C@@H]3CCC4=CC(=O)CC[C@]4(C)[C@H]3CC[C@]12C,,400.29774513999996,False,[]
9417,OCCN1CCN(CCCN2c3ccccc3C=Cc3ccccc32)CC1,,363.231062548,False,[]
9418,CN1c2ccccc2C(=O)N(CC[NH+](C)C)c2ccccc21.[Cl-],,331.145140004,False,[]
9419,CN(C)CCN1C(=O)c2ccccc2N(C)c2ccccc21,,295.168462292,False,[]
9420,CCN(CC)CCCC(C)Nc1c2cc(Cl)ccc2nc2ccc(OC)cc12.CS(=O)(=O)O.CS(=O)(=O)O,,591.183970236,False,[]
9421,CCN(CC)CCCC(C)Nc1c2cc(Cl)ccc2nc2ccc(OC)cc12,,399.20774026,False,[]
9422,Cc1cc2ccccc2c2cc3ccccc3cc12,,242.109550448,False,[]
9423,CCCCNc1c2c(nc3ccccc13)CCCC2,,254.17829870399999,False,[]
9424,COc1ccc2cc3[n+](cc2c1OC)CCc1cc2c(cc1-3)OCO2.COc1ccc2cc3[n+](cc2c1OC)CCc1cc2c(cc1-3)OCO2.O=S(=O)([O-])[O-],,768.198895592,False,[]
9425,CCC1CN2CCc3cc(OC)c(OC)cc3C2CC1CC1NCCc2cc(OC)c(OC)cc21.Cl.Cl,,552.252163184,False,[]
9426,CCC1CN2CCc3cc(OC)c(OC)cc3C2CC1CC1NCCc2cc(OC)c(OC)cc21,,480.29880776,False,[]
9427,O=c1[nH]c(=O)n([C@@H]2O[C@H](CO)[C@@H](O)[C@H]2O)cc1F,,262.06011429200004,False,[]
9428,Cc1ccc2cc3c(ccc4cc(C)ccc43)cc2c1,,256.125200512,False,[]
9429,CN1CCN(CCCN2c3ccccc3Sc3ccc(S(=O)(=O)N(C)C)cc32)CC1,,446.1810181999999,False,[]
9430,CCNc1cccc2nc3c(cc12)CCCC3,,226.146998576,False,[]
9431,CCCCCNc1c2c(nc3ccccc13)CCCC2,,268.193948768,False,[]
9432,CNc1cccc2nc3c(cc12)CCCC3,,212.131348512,False,[]
9433,Cn1c(=O)c2[nH]cnc2n(C)c1=O.Cn1c(=O)c2[nH]cnc2n(C)c1=O.NCCN,,420.1981992480001,False,[]
9434,C[N+](C)(CCCCCC[N+](C)(C)C1c2ccccc2-c2ccccc21)C1c2ccccc2-c2ccccc21.[Br-].[Br-],,660.1714735439999,False,[]
9435,C1CCC(NC2CCCCC2)CC1.O=[N+]([O-])c1cc(C2CCCCC2)c(O)c([N+](=O)[O-])c1,,447.27332128399996,False,[]
9437,O=C1c2ccccc2-c2ccc(NC(=O)C(F)(F)F)cc21,,291.05071315600003,False,[]
9438,O=C(CF)Nc1cccc2ccccc12,,203.07464216,False,[]
9439,CCN(CCF)Cc1cccc2ccccc12,,231.142327796,False,[]
9440,CN(CCF)Cc1cccc2ccccc12,,217.126677732,False,[]
9441,Fc1c(Cl)c(Cl)c(Cl)c(Cl)c1Cl,,265.84266662,False,[]
9442,ClC1=C(Cl)C(Cl)C(Cl)C(Cl)C1,,251.88338856,False,[]
9443,FC(F)(F)c1ccc(Cl)cc1Cl,,213.956390116,False,[]
9444,Nc1ncn([C@@H]2O[C@H](CO)[C@@H](O)[C@H]2O)c(=O)n1,,244.080769484,False,[]
9445,O=C(O)c1cc(Cl)cc(Cl)c1O,,205.953749348,False,[]
9446,CC(C)OC(=O)c1ccc(N)cc1S(N)(=O)=O,,258.06742792800003,False,[]
9447,O=C(O)c1cc(Cl)ccc1O,,171.9927217,False,[]
9448,CN(C)c1ccc(/N=N/c2ccccc2)cc1F,,243.117175668,False,[]
9449,Nc1ncnc2nc[nH]c12.Nc1ncnc2nc[nH]c12.O=S(=O)(O)O,,368.0763698639999,False,[]
9451,Cl.[H]/N=C(\N)N(CC)c1ccccc1,,199.08762512799998,False,[]
9452,[H]/N=C(\N)N(CC)c1ccccc1,,163.110947416,False,[]
9453,CCOP(=O)(OCC)Oc1ccc2c(C)c(Cl)c(=O)oc2c1,,346.0373025419999,False,[]
9454,Cc1c(Cl)c(=O)oc2cc(OP(=O)(OCCCl)OCCCl)ccc12,,413.95935783799996,False,[]
9455,Cl.[H]/N=C(\N)N(C)c1ccccc1,,185.071975064,False,[]
9457,CN[C@H](C)[C@@H](O)c1ccccc1,,165.1153641,False,[]
9458,CC(=O)Oc1cc(C(F)(F)F)ccc1C(=O)O,,248.029643364,False,[]
9459,Cl.[H]/N=C(\N)N(Cc1ccccc1)c1ccccc1,,261.103275192,False,[]
9460,[H]/N=C(\N)N(Cc1ccccc1)c1ccccc1,,225.12659748,False,[]
9461,Fc1ccc(-c2ccccc2)cc1,,172.068828508,False,[]
9462,Nc1ccc(-c2ccc(F)cc2)cc1,,187.07972754,False,[]
9463,FCCOc1ccc2ccccc2c1,,190.079393192,False,[]
9464,O=C(CF)Nc1ccc2ccccc2c1,,203.07464216,False,[]
9465,NC(Cc1ccccc1F)C(=O)O,,183.06955678,False,[]
9466,CCCCN(CCCC)C(=O)CF,,189.15289248,False,[]
9467,CCCN(CCC)CCOC(=O)c1ccc(F)cc1.Cl,,303.140134876,False,[]
9468,CCCN(CCC)CCOC(=O)c1ccc(F)cc1,,267.163457164,False,[]
9469,Cl.OC(CNc1ccccn1)c1ccccc1,,250.08729078,False,[]
9470,OC(CNc1ccccn1)c1ccccc1,,214.110613068,False,[]
9471,O=C(OCCCCF)c1ccccc1,,196.089957876,False,[]
9472,O=C(CCCCCCCCF)c1ccccc1,,236.157643512,False,[]
9473,CC(=O)OCc1ccc2c(c1)OCO2,,194.0579088,False,[]
9474,Fc1cc(F)c(F)cc1F,,150.009262944,False,[]
9476,O=C(C=Cc1ccc(O)c(O)c1)O[C@@H]1C[C@](O)(C(=O)O)C[C@@H](O)[C@H]1O,,354.09508215599993,False,[]
9477,CCOP(=S)(CC)Oc1cc(Cl)c(Cl)cc1Cl,,331.936120294,False,[]
9478,Cc1cc(C(=O)NNCc2ccc(N(C)C)cc2)no1,,274.142975816,False,[]
9479,C[Si](F)(F)c1ccccc1,,158.036333226,False,[]
9480,Nc1cc(C(F)(F)F)cc(C(F)(F)F)c1,,229.03261848,False,[]
9481,FC(F)(F)c1ccc(Cl)c(Cl)c1,,213.956390116,False,[]
9482,CN(C)c1ccc(/N=N/c2cccc(C(F)(F)F)c2)cc1,,293.113982108,False,[]
9483,O=C=Nc1cccc(C(F)(F)F)c1,,187.024498408,False,[]
9484,O=[N+]([O-])O.[H]/N=C(\N)N(CC(C)C)CC(C)C,,234.169190564,False,[]
9485,[H]/N=C(\N)N(CC(C)C)CC(C)C,,171.17354767199998,False,[]
9486,Cl.[H]/N=C(\N)N(Cc1ccccc1)Cc1ccccc1,,275.118925256,False,[]
9487,[H]/N=C(\N)N(Cc1ccccc1)Cc1ccccc1,,239.14224754399999,False,[]
9488,[Cl-].[NH3+]CC(O)c1ccc(O)c(O)c1,,205.050570924,False,[]
9489,C[NH2+]CC(O)c1ccc(O)c(O)c1.[Cl-],,219.066220988,False,[]
9490,Cl.O=C(OCCCN1CCCCC1)c1ccc(F)c(I)c1,,427.02113277999996,False,[]
9491,O=C(OCCCN1CCCCC1)c1ccc(F)c(I)c1,,391.044455068,False,[]
9492,O=[N+]([O-])c1ccc([N+](=O)[O-])c(O)c1,,184.012021228,False,[]
9493,O=[N+]([O-])O.[H]/N=C(\N)N(CCC)CCC,,206.137890436,False,[]
9495,O=[N+]([O-])O.[H]/N=C(\N)N(CCCC)CCCC,,234.169190564,False,[]
9496,[H]/N=C(\N)N(CCCC)CCCC,,171.17354767199998,False,[]
9497,CC(=NO)c1ccc(F)cc1,,153.058992096,False,[]
9498,O=C(NN=C1CCCC1)c1ccc([N+](=O)[O-])cc1,,247.095691276,False,[]
9499,O=C(NN=C1CCCCC1)c1ccc([N+](=O)[O-])cc1,,261.11134134,False,[]
9501,CN(C)C(=O)Nc1cccc(F)c1,,182.085541192,False,[]
9502,CON(C)C(=O)Nc1ccc(Cl)c(Cl)c1,,248.01193292,False,[]
9503,CNC(=O)Oc1cc(C(C)C)cc(C(C)C)c1,,235.157228912,False,[]
9504,O=C(CF)Nc1ccccc1,,153.058992096,False,[]
9505,Cl.[H]/N=C(\N)N(C)Cc1ccccc1,,199.08762512799998,False,[]
9506,[H]/N=C(\N)N(C)Cc1ccccc1,,163.110947416,False,[]
9507,Cc1cc(C)[nH]c(=O)n1.O=C(Nc1ccc([N+](=O)[O-])cc1)Nc1ccc([N+](=O)[O-])cc1,,426.128782296,False,[]
9509,O=C(Nc1ccc([N+](=O)[O-])cc1)Nc1ccc([N+](=O)[O-])cc1,,302.06511942,False,[]
9510,FC(F)CNc1cccc(Cl)c1,,191.031333376,False,[]
9511,CCCCC(CC)COC(=O)CF,,190.136908068,False,[]
9512,CN(C)c1ccc(/N=N/c2ccccc2F)cc1,,243.117175668,False,[]
9513,c1ccc(CCN2CCCCC2)cc1,,189.151749608,False,[]
9514,CN(C)C(=O)Nc1ccc(F)cc1,,182.085541192,False,[]
9515,COc1ccc(NC(=O)CF)cc1,,183.06955678,False,[]
9516,CN(C)c1ccc(/N=N/c2cccc(F)c2)cc1,,243.117175668,False,[]
9517,O=C(CCCCCCCF)OCCF,,208.127486256,False,[]
9518,CCOC(=O)CCCCCCCF,,190.136908068,False,[]
9519,O=C(CF)CCCCCF,,150.085621444,False,[]
9523,C[N+](C)(C)CCF.[Br-],,185.021539736,False,[]
9525,O=[As](Cl)(Cl)C=CCl,,221.838719224,False,[]
9526,COS(=O)(=O)C(F)(F)F,,163.975499616,False,[]
9527,CC(C)(CCCCF)CCC(=O)O,,190.136908068,False,[]
9528,FC(F)(F)COCC(F)(F)F,,182.016634068,False,[]
9529,CCOCCP(=S)(S)c1ccc(C)cc1,,260.045843794,False,[]
9530,CCOC(=O)CC(=O)CCCCCF,,204.116172624,False,[]
9531,O=C(CCCCCF)CCCCCCF,,220.163871764,False,[]
9532,Cl.Cl.NCCCCN,,160.05340380799998,False,[]
9536,CCCCCCCCC(=O)CF,,174.141993448,False,[]
9538,CC(=O)CCCCCCCCF,,174.141993448,False,[]
9539,Cl.Cl.Cl.NCCCCNCCCN,,253.08793074399998,False,[]
9540,FCCCCCCN=C=S,,161.067448604,False,[]
9541,CCCCCCCCCCF,,160.162728892,False,[]
9542,O=C(O)CCCCCCCCCF,,190.136908068,False,[]
9543,FCCCCCCCCCCBr,,238.07324096,False,[]
9544,FCCCCCCCCCCCl,,194.12375654,False,[]
9545,FCCCCCCCCCCF,,178.15330708,False,[]
9546,OCCCCCCCCCCF,,176.157643512,False,[]
9547,CCCCCCCCCC(=O)F,,174.141993448,False,[]
9548,CCCCCCCCCCCCF,,188.19402902,False,[]
9552,FC(F)(F)C(F)(F)C1(F)C(F)(F)C(F)(F)C(F)(F)C(F)(F)C1(F)F,,399.97445152,False,[]
9553,FC(F)(F)C(F)(F)C(F)(F)C(F)(F)C(F)(F)C(F)(F)C(F)(F)F,,387.97445152,False,[]
9554,O=C(O)C(F)(F)C(F)(F)C(F)(F)C(F)(F)C(F)(F)C(F)(F)C(F)(F)F,,413.97370257200004,False,[]
9555,O=C(O)C(F)(F)C(F)(F)C(F)(F)C(F)(F)C(F)(F)C(F)(F)C(F)(F)C(F)(F)C(F)(F)F,,513.9673154520001,False,[]
9556,O=C(Nc1ccccc1)C(F)(F)C(F)(F)C(F)(F)F,,289.033761352,False,[]
9558,CCC[N+](CCC)(CCC)CCC.F[B-](F)(F)F,,273.225093176,False,[]
9559,CCC[N+](CCC)(CCC)CCC,,186.22162631608998,False,[]
9560,COC(=O)C=C(C)OP(=O)(OC)OC,,224.044974766,False,[]
9561,FC(F)(F)C(Cl)CCl,,165.956390116,False,[]
9562,CC12C[C@H](O)[C@@]3(F)C(CCC4=CC(=O)C=CC43C)C1CCC2(O)C(=O)CO,,378.18425218399994,False,[]
9563,CC(=O)OCC(=O)C1(O)CCC2C3CCC4=CC(=O)C=CC4(C)[C@@]3(F)[C@@H](O)CC21C,,420.19481686800003,False,[]
9564,CCCCNC(=O)NS(=O)(=O)c1ccc(N)cc1,,271.099062404,False,[]
9565,COCCOc1cnc(NS(=O)(=O)c2ccccc2)nc1,,309.07832696,False,[]
9566,FCCOC(Cl)C(Cl)(Cl)Cl,,227.90785372,False,[]
9567,Cc1nc2ccccc2c(=O)n1-c1ccccc1Cl,,270.05599065200005,False,[]
9568,Cc1ccccc1C(OCCN(C)C)c1ccccc1.Cl,,305.154642068,False,[]
9570,CSc1ncnc2c1ncn2[C@@H]1O[C@H](CO)[C@@H](O)[C@H]1O,,298.07357592799997,False,[]
9571,NC(Cc1ccccc1N(CCCl)CCCl)C(=O)O,,304.07453317599993,False,[]
9573,O=C(Nc1cccc2ccccc12)OCCF,,233.085206844,False,[]
9574,CN(C)c1ccc(/N=N/c2c(F)cc(F)cc2F)cc1,,279.098332044,False,[]
9575,CC(=O)Nc1ccc2c(c1)Cc1cc(F)ccc1-2,,241.090292224,False,[]
9576,CN(C)Cc1c[nH]c2ccc(F)cc12,,192.106276636,False,[]
9577,NC(Cc1c[nH]c2ccc(F)cc12)C(=O)O,,222.080455812,False,[]
9578,Fc1c(F)c(F)c(Br)c(F)c1F,,245.9103532,False,[]
9579,Fc1c(F)c(F)c(Cl)c(F)c1F,,201.96086878,False,[]
9581,CN[C@@H](C)[C@@H](O)c1ccccc1.Cl,,201.092041812,False,[]
9582,O=C(c1ccc(F)cc1)c1ccc(F)cc1,,218.054321316,False,[]
9585,Br.CCNCC(O)c1cccc(F)c1,,263.03210442,False,[]
9586,CCNCC(O)c1cccc(F)c1,,183.105942288,False,[]
9587,CN(C)c1ccc(/N=N/c2cc(F)ccc2F)cc1,,261.107753856,False,[]
9588,O=S(=O)(Cl)c1ccc(F)cc1,,193.960456268,False,[]
9592,CN(C)c1ccc(/N=N/c2cc(F)cc(F)c2)cc1,,261.107753856,False,[]
9593,O=C(CF)Nc1ccc(Br)cc1,,230.969504164,False,[]
9594,CC(=O)Nc1cccc(F)c1,,153.058992096,False,[]
9595,CC(=O)Nc1cccc(C(F)(F)F)c1,,203.055798536,False,[]
9596,FC(F)(F)CNc1ccccc1,,175.060883916,False,[]
9597,CN(C)c1ccc(/N=N/c2ccc(F)cc2F)cc1,,261.107753856,False,[]
9598,CN(C)c1ccc(/N=N/c2ccc(F)c(F)c2)cc1,,261.107753856,False,[]
9599,CCN(CC)CCOC(=O)COc1ccc(F)cc1.Cl,,305.119399432,False,[]
9600,CCN(CC)CCOC(=O)COc1ccc(F)cc1,,269.14272172,False,[]
9601,CC(=O)Nc1ccc(F)cc1,,153.058992096,False,[]
9605,Fc1ccc(I)cc1,,221.934176348,False,[]
9607,CCOC(=O)CC(=O)CCCCCCCCCF,,260.17877288,False,[]
9608,C=C(C)C(=O)OCC(F)(F)F,,168.039814124,False,[]
9610,N#CCCN.O=C(O)C=CC(=O)O,,186.0640568,False,[]
9611,CCOC(=O)CCCCCCCCCF,,218.168208196,False,[]
9616,O=C(O)CCCCCCCF,,162.10560794,False,[]
9617,FCCCCCCCCCCCCBr,,266.104541088,False,[]
9618,FCCCCCCCCCCCCF,,206.184607208,False,[]
9619,OCCCCCCCCCCCCF,,204.18894364,False,[]
9624,FC(Cl)(Cl)Br,,179.85444568,False,[]
9625,FC(F)(Cl)Br,,163.88399622,False,[]
9628,FC(Cl)C(F)(F)Br,,195.890224472,False,[]
9629,O=C(F)C(Cl)(Cl)Cl,,163.89987588,False,[]
9630,FC(F)(Cl)C(Cl)Cl,,167.911189512,False,[]
9631,FC(Cl)C(F)(F)Cl,,151.940740052,False,[]
9634,FC(F)(Br)C(F)(Cl)Br,,273.80073654,False,[]
9635,FC(F)(F)C(Cl)(Cl)Cl,,185.9017677,False,[]
9636,FC(F)(F)C(F)(F)I,,245.8964891,False,[]
9637,FC(F)(F)C1(F)C(F)(F)C(F)(F)C(F)(F)C(F)(F)C1(F)F,,349.97764508,False,[]
9638,FC(F)(F)C(F)(F)C(F)(F)C(F)(F)F,,237.9840322,False,[]
9639,FC(F)(F)C(F)(F)C(F)(F)C(F)(F)C(F)(F)C(F)(F)F,,337.97764508,False,[]
9640,FC1(F)C(F)(F)C(F)(F)C(F)(F)C(F)(F)C1(F)F,,299.98083864,False,[]
9641,OCC(F)(F)C(F)(F)C(F)(F)C(F)F,,232.013440508,False,[]
9642,CC(=O)OCC(=O)[C@@]12OC(C)(C)O[C@@H]1C[C@H]1[C@@H]3C[C@H](F)C4=CC(=O)C=C[C@]4(C)[C@@]3(F)[C@@H](O)C[C@@]12C,,494.211609804,False,[]
9643,FC1(F)C(F)(F)C(F)(Cl)C1(F)Cl,,231.92812468,False,[]
9644,CCOC(=O)C(F)(F)C(F)(F)C(F)(F)F,,242.01777694,False,[]
9645,CN1CC[C@]23c4c5ccc(O)c4O[C@H]2C(=O)CC[C@@]3(O)[C@@H]1C5.Cl,,337.10808579999997,False,[]
9646,CN1CC[C@]23c4c5ccc(O)c4O[C@H]2C(=O)CC[C@@]3(O)[C@@H]1C5,,301.131408088,False,[]
9647,C[C@]12CCC(=O)C=C1CC[C@H]1C3CCC(=O)[C@@]3(C)C[C@H](O)[C@@]12F,,320.17877288,False,[]
9648,CC(CN1CCOCC1)C(C(=O)N1CCCC1)(c1ccccc1)c1ccccc1,,392.246378264,False,[]
9649,COc1cc2c(cc1OC)[C@@]13CCN4CC5=CCOC6CC(=O)N2C1[C@H]6[C@H]5C[C@H]43,,394.189257312,False,[]
9650,CCC1(CC)C(=O)NC(=O)N(c2ccccc2)C1=O,,260.116092372,False,[]
9651,COc1ccc2c3c1O[C@H]1C[C@@H](O)C=C[C@@]31CCN(C)C2,,287.152143532,False,[]
9652,C[N+](C)(C)CCC(O)(c1ccccc1)c1cccs1.[I-],,403.046683324,False,[]
9653,C[N+](C)(C)CCC(O)(c1ccccc1)c1cccs1,,276.14166174409,False,[]
9654,C[N+](C)(C)CC1CCCCC1(O)c1ccc(Cl)cc1.[I-],,409.0669401,False,[]
9655,C[N+](C)(C)CC1CCCCC1(O)c1ccc(Cl)cc1,,282.16191852009,False,[]
9656,CC=CC(O)(CC[N+](C)(C)C)c1ccc(OC)cc1.[I-],,391.100827072,False,[]
9657,CC=CC(O)(CC[N+](C)(C)C)c1ccc(OC)cc1,,264.19580549209,False,[]
9658,FC(F)(F)C(F)(F)OC(F)(F)C(F)(F)F,,253.97894682,False,[]
9659,CCCCOC(F)(F)C(F)F,,174.06677782,False,[]
9661,C#CCC1(OC(N)=O)CCCCC1,,181.11027872,False,[]
9669,CC(C)=CCN1CC[C@@]2(C)c3cc(O)ccc3C[C@@H]1[C@H]2C,,285.209264484,False,[]
9670,C=CCC(O)(CC[N+](C)(C)C)c1ccc(F)cc1.[I-],,379.080840576,False,[]
9671,C=CCC(O)(CC[N+](C)(C)C)c1ccc(F)cc1,,252.17581899609,False,[]
9672,COC(F)=C(C(F)(F)F)C(F)(F)F,,212.007212256,False,[]
9673,COC(=O)C(C(F)(F)F)C(F)(F)F,,210.011548688,False,[]
9674,CCOC(F)=C(C(F)(F)F)C(F)(F)F,,226.02286232,False,[]
9675,CC(CCCNCC(=O)O)C1CCC2C3CC[C@@H]4C[C@H](O)CC[C@@]4(C)C3C[C@H](O)[C@]12C,,435.33485892,False,[]
9676,C[C@]12Cc3conc3C[C@@H]1CC[C@@H]1[C@@H]2CC[C@@]2(C)[C@H]1CC[C@]2(C)O,,329.235479232,False,[]
9677,CCCCCCCCCC(=O)O[C@H]1CC[C@H]2[C@@H]3CCC4=CC(=O)CC[C@@H]4[C@H]3CC[C@]12C,,428.32904526799996,False,[]
9678,FC(=C(F)C(F)(F)F)C(F)(F)F,,199.98722576,False,[]
9681,CC[C@@H](CO)NC(=O)[C@@H]1C=C2c3cccc4c3c(cn4C)C[C@H]2N(C)C1,,353.21032710400004,False,[]
9682,C[N+](C)(C)CCCN1c2ccccc2Sc2ccc(Cl)cc21.[I-],,460.02369538399995,False,[]
9683,C[N+](C)(C)CCCN1c2ccccc2Sc2ccc(Cl)cc21,,333.11867380408995,False,[]
9684,CC12CCC3c4cc(O)c(O)cc4CCC3C1CCC2O,,288.17254462799997,False,[]
9685,CC12CCC3c4cc(O)c(O)cc4CCC3C1CCC2=O,,286.15689456399997,False,[]
9686,COc1cc2c(cc1O)CCC1C2CCC2(C)C(=O)CCC12,,300.17254462799997,False,[]
9687,CCCC(=O)Nc1ncnc2c1ncn2[C@@H]1O[C@@H]2COP(=O)(O)O[C@H]2[C@H]1OC(=O)CCC,,469.1362493579999,False,[]
9688,O=C1C=CC(=O)C(c2ccccc2)=C1,,184.052429496,False,[]
9689,O=c1nc2cccccc-2n1Cc1ccccc1,,236.094963004,False,[]
9690,O=C(Nc1ccc2c(c1)Cc1ccccc1-2)C(F)(F)F,,277.0714486,False,[]
9691,CCCCC[C@H](O)C=C[C@H]1[C@H](O)CC(=O)[C@@H]1CC=CCCCC(=O)O,,352.2249741239999,False,[]
9692,NCCC(=O)c1ccccc1N,,164.094963004,False,[]
9693,Cc1cccc(C)c1OC(C)C[N+](C)(C)C.O.[Cl-],,275.165206752,False,[]
9694,Cc1cccc(C)c1OC(C)C[N+](C)(C)C,,222.18524080809,False,[]
9695,CC(=O)Nc1ccc2c(c1)Cc1cc(O)ccc1-2,,239.094628656,False,[]
9696,Fc1cc(F)c(F)c(F)c1F,,167.999841132,False,[]
9697,Nc1c(F)cc(F)cc1[N+](=O)[O-],,174.024083808,False,[]
9698,Cc1c(C)c2c(c(C)c1O)CCC(C)(CCCCC(C)CCCC(C)CCCC(C)C)O2,,444.396730904,False,[]
9700,Cc1cn([C@H]2C[C@H](O)[C@@H](COP(=O)(O)O)O2)c(=O)[nH]c1=O,,322.05660207,False,[]
9701,CNC(C)C(O)c1ccc(O)cc1,,181.11027872,False,[]
9702,CN(C)c1ccc(-c2ccc(N(C)C)cc2)cc1,,240.16264864,False,[]
9703,CNNCc1ccc(C(=O)NC(C)C)cc1.Cl,,257.12948994,False,[]
9704,Cl.Cl.Clc1ccccc1CNCC1CCC(CNCc2ccccc2Cl)CC1,,462.11630968000003,False,[]
9705,Clc1ccccc1CNCC1CCC(CNCc2ccccc2Cl)CC1,,390.162954256,False,[]
9711,CC(C)S[C@H]1O[C@H](CO)[C@H](O)[C@H](O)[C@H]1O,,238.087494676,False,[]
9712,F[Si](F)(F)c1ccccc1,,162.01126135,False,[]
9713,Fc1nc(F)nc(C(F)(F)F)n1,,185.0012381,False,[]
9714,Nc1nc(Nc2ccccc2)nc(C(F)(F)F)n1,,255.073179916,False,[]
9715,FC(F)(F)c1nc(C(F)(F)F)nc(C(F)(F)F)n1,,284.99485098,False,[]
9716,F[As](F)c1ccccc1,,189.95752810000002,False,[]
9717,F[P-](F)(F)(F)(F)F.N#[N+]c1ccccc1,,250.00945411,False,[]
9719,O=C(Nc1ccc(Cl)cc1)Nc1ccc(Cl)c(C(F)(F)F)c1,,348.004402928,False,[]
9720,O=[N+]([O-])c1ccc(Nc2cccc(C(F)(F)F)c2)cc1,,282.061612188,False,[]
9721,O=C(CF)Sc1ccccc1,,170.020164064,False,[]
9722,O=C(Nc1ccccc1)OCC(F)(F)F,,219.050713156,False,[]
9723,O=C(NN=C1CCCCC1)C(=O)NN=C1CCCCC1,,278.174275944,False,[]
9724,C[N+](C)(C)CCOc1ccccc1.[Br-],,259.057176296,False,[]
9725,C[N+](C)(C)CCOc1ccccc1,,180.13829061609,False,[]
9726,O=C(CF)Nc1ccc([N+](=O)[O-])cc1,,198.044070304,False,[]
9727,CNCCc1ccc(O)cc1,,151.099714036,False,[]
9729,O=C(CCCF)OCCCl,,168.03533546,False,[]
9730,O=C(CCCF)OCCF,,152.064886,False,[]
9734,O=C([O-])C=CC(=O)[O-].[Na+].[Na+],,159.974847104,False,[]
9738,CC(C)NP(=O)(F)NC(C)C,,182.098427982,False,[]
9739,O=S(=O)(Cl)CCCCF,,173.991756396,False,[]
9747,O=S(=O)(Cl)CCCCCCF,,202.023056524,False,[]
9748,O=S(=O)(F)CCCCCCF,,186.052607064,False,[]
9749,CCOC(=O)CNC(=O)CF,,163.0644714,False,[]
9750,NC(=O)NCCC[C@H](N)C(=O)O,,175.095691276,False,[]
9751,O=C(CF)OCCOC(=O)CF,,182.039065176,False,[]
9754,FCCCCI,,201.965476476,False,[]
9756,CC(=O)[O-].CC(=O)[O-].[Ni+2],,175.961951572,False,[]
9759,CC(=O)SCCCCF,,150.051464192,False,[]
9764,CCOC(=O)CCCCCCCCCCCF,,246.199508324,False,[]
9765,FCCCCCCBr,,182.010640704,False,[]
9766,FCCCCCCI,,229.996776604,False,[]
9771,OCCOCCOCCF,,152.084872496,False,[]
9775,FC(F)(F)C(F)(Cl)Cl,,169.93131824,False,[]
9776,OCC(F)(F)C(F)(F)C(F)(F)F,,200.007212256,False,[]
9777,O=C(O)C(F)(F)C(F)(F)C(F)(F)F,,213.986476812,False,[]
9778,FC(F)C(F)(F)C(F)(F)C(F)(F)C(F)(F)C(F)(F)C(F)(F)F,,369.98387333200003,False,[]
9779,OCC(F)(F)C(F)(F)C(F)(F)C(F)(F)C(F)(F)C(F)(F)C(F)(F)C(F)F,,432.00066626800003,False,[]
9780,O=C=NCC(F)(F)C(F)(F)C(F)(F)F,,225.002461224,False,[]
9781,CC(=O)C1CCC2C3CC(C)C4=CC(=O)CCC4(C)C3(F)C(O)CC12C,,362.225723072,False,[]
9782,C[C@H]1C[C@H]2[C@@H]3CCC4=CC(=O)C=C[C@]4(C)[C@@]3(F)[C@@H](O)C[C@]2(C)[C@@]1(O)C(=O)CO,,392.19990224799994,False,[]
9783,COC(=O)C(F)(F)C(F)(F)F,,178.005320436,False,[]
9784,CCC1(c2cccc(Cl)c2)C(=O)NC(=O)NC1=O,,266.045819892,False,[]
9785,CCC1(c2ccc(O)cc2)C(=O)NC(=O)NC1=O,,248.079706864,False,[]
9786,[F][Sn]([c]1ccccc1)([c]1ccccc1)[c]1ccccc1,,370.0179734,False,[]
9790,CC(F)(F)C(Cl)CCl,,161.981461992,False,[]
9791,CC12CC(=O)C3C(CCC4=CC(=O)CCC43C)C1CCC2=O,,300.17254462799997,False,[]
9792,CC1C[C@@]2(C)C(=CC1=O)CC[C@H]1[C@@H]3CC[C@](O)(C(=O)CO)[C@@]3(C)C[C@H](O)[C@@]12F,,394.215552312,False,[]
9793,C[C@@H]1CC2C3CCC4=CC(=O)C=CC4(C)[C@@]3(F)C(O)CC2(C)C1C(=O)CO,,376.20498762799997,False,[]
9795,O=[N+]([O-])c1ccccc1C(F)(F)F,,191.019413028,False,[]
9796,O=C(O)c1c(F)cccc1F,,158.017935808,False,[]
9797,c1cc2ccc3cccc4c3c2c(c1)c1c2cccc3ccc5cccc(c5c32)c41,,376.125200512,False,[]
9798,c1ccc2c(c1)c1ccccc1c1c3cccc4ccc5cccc(c5c43)c21,,352.125200512,False,[]
9799,C[C@@H]1CC2C3C[C@H](F)C4=CC(=O)CCC4(C)C3C(O)CC2(C)[C@@]1(O)C(=O)CO,,394.21555231199994,False,[]
9800,COc1cc(C(=O)OCCN2CCN(CCCN3c4ccccc4Sc4ccc(Cl)cc43)CC2)cc(OC)c1OC,,597.206419932,False,[]
9801,CC(Cc1ccccc1)NCCC(c1ccccc1)c1ccccc1,,329.214349864,False,[]
9802,O=C(Nc1ccc2c(c1)Cc1cc(NC(=O)C(F)(F)F)ccc1-2)C(F)(F)F,,388.06464688,False,[]
9803,CC[N+](CC)(CC)CCOC(=O)c1ccc(OC)c(OC)c1OC.Cc1ccc(S(=O)(=O)[O-])cc1,,511.2239881439999,False,[]
9804,CC[N+](CC)(CC)CCOC(=O)c1ccc(OC)c(OC)c1OC,,340.21184948008994,False,[]
9805,Fc1c(F)c(F)c(F)c(F)c1F,,185.99041932,False,[]
9806,FC(F)(F)c1ccccc1Br,,223.944846888,False,[]
9807,Fc1ccccc1C(F)(F)F,,164.024913008,False,[]
9808,O=C(Cl)c1ccccc1F,,157.993470648,False,[]
9809,O=[N+]([O-])c1cc(C(F)(F)F)cc([N+](=O)[O-])c1Cl,,269.965518884,False,[]
9810,CN(C)CCN(Cc1ccc(F)cc1)c1ccccn1,,273.16412586,False,[]
9811,Fc1ccc(-c2ccc(F)cc2)cc1,,190.059406696,False,[]
9812,CC(=O)Nc1ccc(-c2ccc(F)cc2)cc1,,229.090292224,False,[]
9813,CC(=O)Nc1cc(Cl)ccc1F,,187.020019744,False,[]
9814,FC(F)(F)c1ccc2nc(C(F)(F)F)[nH]c2c1,,254.027867448,False,[]
9815,FC(F)(F)C=C(Cl)C(F)(F)F,,197.967097032,False,[]
9816,O=[N+]([O-])c1cc(C(F)(F)F)ccc1O,,207.014327648,False,[]
9817,FC(F)(F)c1cccc(Br)c1,,223.944846888,False,[]
9818,FC(F)(F)c1ccccc1C(F)(F)F,,214.021719448,False,[]
9819,O=C=Nc1cccc(S(=O)(=O)F)c1,,200.989592208,False,[]
9820,C=CC[N+](C)(C)c1ccc(CCC(=O)CCc2ccc([N+](C)(C)CC=C)cc2)cc1.[Br-].[Br-],,564.135088036,False,[]
9821,O=[N+]([O-])c1ccc(C(F)(F)F)cc1,,191.019413028,False,[]
9824,Cc1ccc(S(=O)(=O)NC(Cc2ccccc2)C(=O)CCl)cc1,,351.06959211599997,False,[]
9825,O=[N+]([O-])c1ccc(O)c(F)c1,,157.017521208,False,[]
9826,Cl.NCC(O)c1ccc(F)cc1,,191.051319872,False,[]
9827,NCC(O)c1ccc(F)cc1,,155.07464216,False,[]
9829,O=C(CF)Oc1ccccc1,,154.043007684,False,[]
9830,O=C(Nc1ccc(Cl)cc1)C(F)(F)F,,223.00117612,False,[]
9831,Cc1ccc(NC(=O)CF)cc1,,167.07464216,False,[]
9832,O=C(CF)Nc1ccc(Cl)cc1,,187.020019744,False,[]
9833,O=C(CF)Nc1ccc(F)cc1,,171.049570284,False,[]
9834,Fc1cccc(N=C=S)c1,,153.004848348,False,[]
9835,NC(=O)N(CCO)N=Cc1ccc([N+](=O)[O-])o1,,242.06511942,False,[]
9836,Fc1ccc(SCc2ccc(Cl)cc2)cc1,,252.01757722,False,[]
9837,O=C(O)Cc1ccc(F)cc1,,154.043007684,False,[]
9838,CN(C)c1ccc(/N=N/c2ccc(C(F)(F)F)cc2)cc1,,293.113982108,False,[]
9840,O=C(OCCF)OCCF,,154.044150556,False,[]
9843,O=C(CF)SCCCl,,155.981191712,False,[]
9845,O=C(OC(=O)C(F)(F)F)C(F)(F)F,,209.97516317999998,False,[]
9846,O=C(CCCCCBr)OCCF,,240.016120008,False,[]
9851,CCOC(=O)CCCCCCCCCCCCCCCF,,302.26210858,False,[]
9858,O=C(O)CCCCCCCCCCCCCCCCCF,,302.26210858,False,[]
9859,FCCCCCCCCCCCCCCCCF,,262.247207464,False,[]
9860,FCCCCCCCCCCCCCCCCCCF,,290.278507592,False,[]
9861,OCCCCCCCCCCCCCCCCCCF,,288.282844024,False,[]
9872,OCC(F)(F)C(F)(F)F,,150.010405816,False,[]
9873,FC(F)(F)C(F)(F)C(F)(F)C(F)(F)C(F)(F)C(F)(F)C(F)(F)C(F)(F)Br,,497.89119184000003,False,[]
9874,CCOC(=O)C(F)(F)C(F)(F)C(F)(F)C(=O)OCC,,296.04832812,False,[]
9875,CC(=O)O[C@]1(C(C)=O)[C@H](C)C[C@H]2C3C=C(Cl)C4=CC(=O)CCC4(C)[C@H]3CCC21C,,418.191087152,False,[]
9876,O=[N+]([O-])C(F)(F)C(F)(Cl)[N+](=O)[O-],,207.94986882,False,[]
9878,CC(=O)[C@@]1(O)CC[C@H]2[C@@H]3C[C@H](C)C4=CC(=O)C=C[C@]4(C)[C@@]3(F)[C@@H](O)C[C@@]21C,,376.20498762799997,False,[]
9879,CCC1(c2ccc(Cl)cc2)C(=O)NC(=O)NC1=O,,266.045819892,False,[]
9880,CC(=O)O[C@]1(C(C)=O)CC[C@H]2[C@@H]3C=C(Cl)C4=CC(=O)[C@@H]5C[C@@H]5[C@]4(C)[C@H]3CC[C@@]21C,,416.175437088,False,[]
9881,COC(=O)C(F)(F)[N+](=O)[O-],,155.003014016,False,[]
9882,CCCC1(c2cccc(O)c2)CCN(C)C1,,219.162314292,False,[]
9883,FC(F)(F)C1(F)OC1(F)F,,165.98533394,False,[]
9885,CC[N+](CC)(CC)CC.F[P-](F)(F)(F)(F)F,,275.12375559,False,[]
9887,CC[N+](CC)(CC)CCF.[Br-],,227.068489928,False,[]
9894,FC(F)(F)C(Cl)C(F)(F)F,,185.967097032,False,[]
9895,CC1=C(C=O)C(C)(C)CCC1,,152.120115132,False,[]
9896,C=CC[C@]1(O)CCC2C3CCC4=CCCCC4C3CCC21C,,300.245315644,False,[]
9899,O=C(O)c1ccccc1C(F)(F)F,,190.02416406,False,[]
9900,CC12CCC(=O)C=C1CCC1C2C(O)CC2(C)C1CCC2(O)C(=O)CF,,364.20498762799997,False,[]
9901,C#C[C@]1(O)CCC2C3CCC4=CC(=O)CCC4(C)C3CCC21C,,312.208930136,False,[]
9902,C[C@]12CC(=CO)C(=O)C[C@@H]1CC[C@@H]1[C@@H]2CC[C@@]2(C)[C@H]1CC[C@]2(C)O,,332.23514488399996,False,[]
9903,C[C@H](CCC(=O)O)[C@H]1CC[C@H]2[C@@H]3CC[C@@H]4C[C@H](O)CC[C@]4(C)[C@H]3CC[C@]12C,,376.29774513999996,False,[]
9904,C[C@]12CC[C@H]3[C@@H](CCC4=CC(=O)CC[C@@H]43)[C@@H]1CC[C@@H]2O,,274.193280072,False,[]
9905,O=C(c1ccccc1)C(F)(F)F,,174.02924944,False,[]
9906,Fc1c(F)c(F)c(C(F)(F)F)c(F)c1F,,235.98722576,False,[]
9907,c1ccc2cc3c(cc2c1)cc1c2c3ccc3cccc(c32)c2c3cccc4ccc5cccc(c5c43)c12,,476.15650064,False,[]
9912,CN(CCO)CC(O)Cn1cnc2c1c(=O)n(C)c(=O)n2C.O=C(O)c1cccnc1,,434.191382552,False,[]
9913,CN(CCO)CC(O)Cn1cnc2c1c(=O)n(C)c(=O)n2C,,311.15935415200005,False,[]
9914,CC(=O)C1[C@H](O)CC2C3CCC4=CC(=O)CCC4(C)C3CCC21C,,330.21949481999997,False,[]
9915,CC12CC[C@H](F)C[C@@H]1CCC1C2CCC2(C)C1CC[C@@H]2O,,294.235893832,False,[]
9916,C/N=C1/CN(O)C(c2ccccc2)=c2cc(Cl)ccc2=N1.Cl,,335.05921746000007,False,[]
9917,CNCCC=C1c2ccccc2C=Cc2ccccc21.Cl,,297.12842732,False,[]
9918,CNCCC=C1c2ccccc2C=Cc2ccccc21,,261.151749608,False,[]
9921,Cc1c2cccc(F)c2nc2c1ccc1ccccc12,,261.095377604,False,[]
9922,O=C1C=C(N2CC2)c2ccccc2C1=O,,199.063328528,False,[]
9923,OCc1c(F)c(F)c(F)c(F)c1F,,198.010405816,False,[]
9924,ON=C(c1ccccc1)C(O)c1ccccc1,,227.094628656,False,[]
9925,COc1ccc2c(c1)c(CCN)c(C)n2Cc1ccccc1,,294.17321332399996,False,[]
9926,CN(C)Cc1cc(-c2ccccc2)oc1-c1ccccc1.Cl,,313.12334194,False,[]
9927,CN(C)Cc1cc(-c2ccccc2)oc1-c1ccccc1,,277.146664228,False,[]
9928,CN(C)CCc1cc(-c2ccccc2)oc1-c1ccccc1.Cl,,327.138992004,False,[]
9929,CN(C)CCc1cc(-c2ccccc2)oc1-c1ccccc1,,291.162314292,False,[]
9930,CN(C)CCCc1cc(-c2ccccc2)oc1-c1ccccc1.Cl,,341.154642068,False,[]
9931,CN(C)CCCc1cc(-c2ccccc2)oc1-c1ccccc1,,305.177964356,False,[]
9932,O=C1C=C(N2CC2)C(=O)C2=C1CCCC2,,203.094628656,False,[]
9936,Nc1c([N+](=O)[O-])cc(C(F)(F)F)cc1[N+](=O)[O-],,251.015390268,False,[]
9937,O=[N+]([O-])c1ccc(F)cc1O,,157.017521208,False,[]
9942,CCC(=O)N1C2CCC1CN(CC=Cc1ccccc1)C2,,284.18886338799996,False,[]
9945,O=C(CF)Nc1ccc(-c2ccccc2)cc1,,229.090292224,False,[]
9948,O=C(Cc1ccccc1)c1ccccc1,,196.088815004,False,[]
9949,CCCN(CCC)CCCOC(=O)c1ccc(F)cc1.Cl,,317.15578494000005,False,[]
9950,CCCN(CCC)CCCOC(=O)c1ccc(F)cc1,,281.179107228,False,[]
9951,CCCCN(CCCC)CCCOC(=O)c1ccc(F)cc1.Cl,,345.18708506800004,False,[]
9952,CCCCN(CCCC)CCCOC(=O)c1ccc(F)cc1,,309.210407356,False,[]
9953,O=C(NC1CCCCC1)NS(=O)(=O)c1ccc2c(c1)CCC2,,322.135113564,False,[]
9954,Nc1cc(NCCc2ccc(O)c(O)c2)ccn1,,245.11642672,False,[]
9962,C[Si](C)(F)c1ccccc1,,154.061405102,False,[]
9963,O=C(O)c1cccc(C(F)(F)F)c1,,190.02416406,False,[]
9964,Nc1ccc(C(F)(F)F)cc1,,161.045233852,False,[]
9965,Cc1ccc(S(=O)(=O)F)cc1,,174.015078684,False,[]
9966,O=C(O)c1ccc(C(F)(F)F)cc1,,190.02416406,False,[]
9969,CCCCN(CCCC)CCCOC(=O)c1ccc(F)c(I)c1.Cl,,471.083733036,False,[]
9970,CCCCN(CCCC)CCCOC(=O)c1ccc(F)c(I)c1,,435.10705532400004,False,[]
9971,Nc1ccc(C(=O)O)cc1F,,155.038256652,False,[]
9972,NNC(=O)c1ccc(F)cc1,,154.054241064,False,[]
9976,NC(Cc1cccc(F)c1)C(=O)O,,183.06955678,False,[]
9977,O=C(CF)Nc1ccccn1,,154.054241064,False,[]
9978,O=C(O)C(F)Cc1ccccc1,,168.058657748,False,[]
9979,CCOc1ccc(NC(=O)C(F)(F)F)cc1,,233.06636322,False,[]
9981,Nc1cc(/[As]=[As]/c2ccc(O)c(NCS(=O)O)c2)ccc1O,,443.91062092799996,False,[]
9982,CCNC(C)Cc1ccccc1,,163.136099544,False,[]
9983,COc1cc(C=CCO)ccc1O,,180.078644244,False,[]
9984,COc1cc(C=CC=O)ccc1O,,178.06299418,False,[]
9986,CC(N)Cc1ccc(F)cc1,,153.095377604,False,[]
9989,CC(C)=CCCC(C)=CC(=O)O,,168.115029752,False,[]
9990,CC(CCCCCCCF)CC(=O)O,,204.152558132,False,[]
9991,CC(C=NN=C(N)N)=NN=C(N)N,,184.11849238399998,False,[]
9993,Fc1ccc(Br)cc1,,173.948040448,False,[]
10002,FC(F)(F)CC(Cl)Cl,,165.956390116,False,[]
10007,CC(C)(N)Cc1ccc(Cl)cc1,,183.081477128,False,[]
10010,NC(CCSSCCC(N)C(=O)O)C(=O)O,,268.055148992,False,[]
10011,CC(CCCCCF)CC(=O)O,,176.121258004,False,[]
10013,CC(CCCCCCCCF)CCCCCCCCC(=O)O,,316.27775864399996,False,[]
10014,O=C(CCCCCCCCCF)CCCCCCCCCF,,318.273422212,False,[]
10015,CCCCCCC(=O)CCCCCC,,198.198365452,False,[]
10021,CCOC(=O)CCCCCCCCF,,204.152558132,False,[]
10022,FCCCCBr,,153.979340576,False,[]
10031,FCCCCCCCCCCl,,180.108106476,False,[]
10032,OCCCCCCCCCF,,162.141993448,False,[]
10033,O=CCCCCCCCCF,,160.126343384,False,[]
10034,COC(=O)CCCCCCCCCCCCCCCCCF,,316.277758644,False,[]
10035,N#CCCCCOCCCCF,,173.121592352,False,[]
10036,FCCOCCOCOCCOCCF,,228.117315496,False,[]
10046,O=[N+]([O-])C(Br)(Br)Br,,294.74791454,False,[]
10048,CC1(C)C2CCC1(C)C(Cl)C2,,172.101878224,False,[]
10049,CC1(C)[C@@H]2CC[C@]1(C)[C@H](O)C2,,154.135765196,False,[]
10050,CC1(C)C2CC[C@]1(C)C(=O)C2,,152.120115132,False,[]
10051,C[C@]12CC[C@H](O)C[C@H]1CCC1C2C(O)C(=O)[C@]2(C)[C@@H](c3ccc(=O)oc3)CC[C@]12O,,416.2198887439999,False,[]
10052,CC(=O)O[C@H]1C[C@]2(O)C3CC[C@@H]4C[C@@H](OC(=O)CCCCCCC(=O)NC(CCCN=C(N)N)C(=O)O)CC[C@]4(C)C3CC[C@]2(C)[C@H]1c1ccoc(=O)c1,,756.4309441200002,False,[]
10053,C[C@]12CC[C@H](O)C[C@H]1CCC1C2C(O)C[C@]2(C)[C@@H](c3ccc(=O)oc3)CC[C@]12O,,402.2406241879999,False,[]
10054,C[C@]12CC[C@@H](O)C[C@H]1CCC1C2C(O)C[C@]2(C)[C@@H](C3=CC(=O)OC3)CC[C@]12O,,390.2406241879999,False,[]
10055,COC1C(O)[C@H](O[C@H]2CC[C@]3(C)C4CC[C@]5(C)C(C6=CC(=O)OC6)[C@@H](OC(C)=O)C[C@]5(O)C4CC[C@@H]3C2)OC(C)[C@@H]1O,,592.3247477359998,False,[]
10056,CC(=O)O[C@H]1C[C@]2(O)C3CC[C@@H]4C[C@@H](O)CC[C@]4(C)C3CC[C@]2(C)[C@H]1C1=CC(=O)OC1,,432.25118887199994,False,[]
10057,CO[C@H]1C[C@H](O[C@H]2CC[C@@]3(C)C(CCC4C3CC[C@]3(C)[C@@H](C5=CC(=O)OC5)[C@@H](OC(C)=O)C[C@]43O)C2)O[C@@H](C)[C@@H]1O,,576.3298331159998,False,[]
10058,CO[C@@H]1C[C@H](O[C@H]2CC[C@@]3(C)C(CCC4C3CC[C@]3(C)[C@@H](C5=CC(=O)OC5)[C@@H](OC(C)=O)C[C@]43O)C2)O[C@H](C)[C@H]1O,,576.3298331159998,False,[]
10059,C[C@]12CC[C@H](O)C[C@H]1CCC1C2CC[C@]2(C)[C@@H](c3ccc(=O)oc3)[C@@H](O)C[C@]12O,,402.2406241879999,False,[]
10060,C[C@]12CC[C@@H](O)C[C@H]1CCC1C2CC[C@]2(C)[C@@H](c3ccc(=O)oc3)CC[C@]12O,,386.24570956799994,False,[]
10061,C[C@]12CC[C@H](O)C[C@H]1CCC1C2CC[C@]2(C)[C@@H](c3ccc(=O)oc3)CC[C@]12O,,386.24570956799994,False,[]
10062,C[C@]12CC[C@H](O)C=C1CCC1C2CC[C@]2(C)[C@@H](c3ccc(=O)oc3)CC[C@]12O,,384.23005950399994,False,[]
10063,C[C@]12CC[C@H](O)C[C@H]1CCC1C2CC[C@]2(C)[C@@H](c3ccc(=O)oc3)C[C@H]3O[C@]132,,384.23005950399994,False,[]
10064,C=CCN1CC[C@]23c4c5ccc(O)c4O[C@H]2C(=O)CC[C@@]3(O)[C@@H]1C5,,327.147058152,False,[]
10065,C[C@]1(O)CC[C@H]2[C@@H]3CCC4=CC(=O)CC[C@]4(C)[C@@]3(F)C(=O)C[C@@]21C,,334.194422944,False,[]
10066,ClC1=C(Cl)[C@@]2(Cl)[C@H]3[C@H]([C@@H]4C=C[C@@H]3C4)[C@@]1(Cl)C2(Cl)Cl,,361.875716336,False,[]
10067,CCC(C)C(=O)O[C@H]1C(O)C2C(CN3C[C@@H](C)CC[C@H]3[C@@]2(C)O)C2C[C@@]34O[C@@]5(O)C(CC(O)C3[C@@]21O)[C@]4(C)CC[C@@H]5OC(C)=O,,635.366946896,False,[]
10068,C[C@]12CCC3C(CC[C@]4(O)C[C@@H](O)CC[C@]34C=O)[C@@]1(O)CC[C@@H]2c1ccc(=O)oc1,,416.21988874399995,False,[]
10069,CC1OC(O[C@@H]2C=C3CCC4C(CC[C@]5(C)[C@@H](c6ccc(=O)oc6)CC[C@]45O)[C@@]3(C)CC2)C(O)C(O)C1O,,530.2879683039998,False,[]
10070,COC1C(O)[C@H](O[C@H]2CC[C@]3(C)C4CC[C@]5(C)[C@@H](C6=CC(=O)OC6)CC[C@]5(O)C4CC[C@@H]3C2)OC(C)[C@H]1O,,534.3192684319998,False,[]
10071,C[C@]12CC[C@@H](O)C[C@@H]1CCC1C2CC[C@]2(C)[C@@H](C3=CC(=O)OC3)CC[C@]12O,,374.24570956799994,False,[]
10072,CCC(=O)C(c1ccccc1)(c1ccccc1)C(C)CN(C)C,,309.209264484,False,[]
10073,CC[C@@]12CCCN3CCC4(c5cccc(OC)c5N(C(C)=O)[C@@H]4CC1)[C@H]32,,354.23072819999993,False,[]
10074,CO[C@H]1C=CC2=CCN3CCC4=C(CC(=O)OC4)[C@]23C1,,273.136493468,False,[]
10075,COc1ccc2c3c1OC1C(OC(C)=O)=CCC4C(C2)N(C)CCC314,,341.16270821600006,False,[]
10077,CN1CC[C@]23c4c5ccc(O)c4O[C@H]2C(=O)CC[C@H]3[C@@H]1C5,,285.136493468,False,[]
10079,CCOC(C(=O)N(C)CCN(C)CCc1ccccc1)(c1ccccc1)c1ccccc1.Cl,,466.23870604,False,[]
10080,CCOC(C(=O)N(C)CCN(C)CCc1ccccc1)(c1ccccc1)c1ccccc1,,430.262028328,False,[]
10083,OC(c1ccccc1)(c1ccccc1)C1CCCCN1,,267.162314292,False,[]
10084,Nc1ccc(C(O)(c2ccc(N)cc2)c2ccc(N)cc2)cc1,,305.152812228,False,[]
10085,CCN1CCCC(OC(=O)C(O)(c2ccccc2)C2CCCC2)C1.Cl,,367.1914215,False,[]
10086,CCN1CCCC(OC(=O)C(O)(c2ccccc2)C2CCCC2)C1,,331.214743788,False,[]
10087,O=C(O)C1(O)c2ccccc2-c2ccccc21,,226.06299417999998,False,[]
10089,CCC(=O)C(CC(C)N1CCOCC1)(c1ccccc1)c1ccccc1,,351.21982916800005,False,[]
10090,CCC(=O)C(CCN(C)C)(c1ccccc1)c1ccccc1,,295.19361442,False,[]
10091,COC1C(O)[C@H](O[C@H]2CC[C@]3(CO)C4CC[C@]5(C)[C@@H](c6ccc(=O)oc6)CC[C@]5(O)C4CC[C@@H]3C2)OC(C)[C@H]1O,,562.314183052,False,[]
10092,C[C@]12CCC3C(CC[C@@H]4C[C@@H](O)CC[C@]34C=O)[C@@]1(O)C[C@H](O)[C@@H]2C1=CC(=O)OC1,,404.2198887439999,False,[]
10093,C[C@]12CCC3C(CC[C@H]4C[C@@H](O)CC[C@]34C=O)[C@@]1(O)CC[C@@H]2c1ccc(=O)oc1,,400.2249741239999,False,[]
10094,C[C@]12CCC3C(CC[C@H]4C[C@@H](O)CC[C@]34CO)[C@@]1(O)CC[C@@H]2C1=CC(=O)OC1,,390.2406241879999,False,[]
10095,C[C@]12CCC3C(CC[C@H]4C[C@@H](O)CC[C@]34C=O)[C@@]1(O)CC[C@@H]2C1=CC(=O)OC1,,388.2249741239999,False,[]
10097,COC1=CC(=O)C2(Oc3c(Cl)c(OC)cc(OC)c3C2=O)C(C)C1,,352.071365944,False,[]
10098,CC1=C2C(=O)[C@H]3[C@@H](CC=C4C[C@@H](O)CC[C@@]43C)[C@@H]2CC[C@]12O[C@@H]1C[C@H](C)CN[C@H]1[C@H]2C,,425.292994108,False,[]
10099,CC1=CCC23CC1C(C)(C)[C@@H]2CC[C@H]3C,,204.187800768,False,[]
10100,CCC(=O)O[C@](Cc1ccccc1)(c1ccccc1)[C@H](C)CN(C)C,,339.21982916800005,False,[]
10101,CCC(=O)C1(c2cccc(O)c2)CCN(C)CC1,,247.157228912,False,[]
10102,CC1(C)C=C[C@@]23CCC[C@@](C)(CC[C@@H]12)C3,,204.187800768,False,[]
10103,CC(=O)O[C@H]1[C@H]2O[C@]23C2CC[C@@H]4C[C@@H](O)CCC4(C)C2CCC3(C)[C@H]1c1ccoc(=O)c1,,442.23553880799994,False,[]
10104,C[C@]12CC[C@H](O)C[C@@]1(O)CCC1C2CC[C@]2(C)[C@@H](c3ccc(=O)oc3)C[C@H]3O[C@]132,,400.2249741239999,False,[]
10105,CC(C)C1(C(C)C)OCC(CO)O1,,188.1412445,False,[]
10106,CC(C)C12CCC(C)(CC1)O2,,154.135765196,False,[]
10107,CCOP(=O)(OCC)OC(=CCl)c1ccc(Cl)cc1Cl,,357.969528598,False,[]
10109,O=S(=O)(CCCl)CCCl,,189.962205856,False,[]
10114,CC1(C)[C@@H](O)CC[C@]2(C)[C@H]3C(=O)C=C4[C@@H]5C[C@@](C)(C(=O)O)CC[C@]5(C)CC[C@@]4(C)[C@]3(C)CC[C@@H]12,,470.339609952,False,[]
10115,CC(C)[C@H]1CC[C@]2(C)[C@H]3CC[C@@H]4[C@@]5(C)CCCC(C)(C)[C@@H]5CC[C@@]4(C)[C@]3(C)CC[C@@H]12,,412.406901664,False,[]
10116,C=CC1(C)C=C2CCC3C(C)(C(=O)O)CCCC3(C)C2CC1,,302.2245802,False,[]
10117,CC(C)=C1C=C2CCC3C(C)(C(=O)O)CCCC3(C)C2CC1,,302.2245802,False,[]
10118,C=C1C[C@]23CCC4[C@](C)(CCC[C@@]4(C)C(=O)O)C2CC[C@@]1(O)C3,,318.21949481999997,False,[]
10119,CC(=O)O[C@H]1C[C@]2(O)C3CC[C@@H]4C[C@@H](O)CC[C@]4(C)C3CC[C@]2(C)[C@H]1c1ccc(=O)oc1,,444.25118887199994,False,[]
10120,C[C@]12CC[C@H](O)C[C@@]1(O)CCC1C2CC[C@]2(C)[C@@H](c3ccc(=O)oc3)CC[C@]12O,,402.2406241879999,False,[]
10121,CC(C)=CCCC(C)=CC=CC(C)=CC=CC(C)=CC=CC=C(C)C=CC=C(C)C=CC1=C(C)CCCC1(C)C,,536.438201792,False,[]
10122,C=C1CCCC(C)(C)[C@@H]1CCC(C)=CCCC1[C@@]2(C)CCCC(C)(C)C2CC[C@@]1(C)O,,428.40181628399995,False,[]
10123,C=C(C)C1CCC2(C)CCC=C(C)C2C1,,204.187800768,False,[]
10124,Nc1ccc(S(=O)(=O)c2cnc(N)s2)cc1,,255.013618528,False,[]
10125,CC[N+](C)(C)c1cccc(O)c1.[OH-],,183.125928784,False,[]
10127,O=[N+]([O-])c1ccc(S(=O)(=O)Nc2nccs2)cc1,,284.987797704,False,[]
10128,CC1(O)CCC2CC1C2(C)C,,154.135765196,False,[]
10130,CC(=O)C1CC(CC(=O)O)C1(C)C,,184.109944372,False,[]
10131,CC1(C)C(CC(=O)O)CC1C(=O)O,,186.089208928,False,[]
10133,C[C@H](CCC(=O)O)[C@H]1CC[C@H]2[C@@H]3[C@H](O)C[C@@H]4C[C@H](O)CC[C@]4(C)[C@H]3CC[C@]12C,,392.29265976,False,[]
10134,CC(CC[C@@H](C)C(C)C)C1CCC2C3CC=C4CC(O)CCC4(C)C3CCC12C,,400.370516156,False,[]
10136,Cc1c([C@H](C)[C@@H]2NCC(C)CC2O)ccc2c1C[C@H]1[C@H]2CC=C2CC(OC3OC(CO)C(O)C(O)C3O)CCC21C,,571.3509029079999,False,[]
10137,C=C1C2CC[C@H]3C2C(C)(C)CCC[C@]13C,,204.187800768,False,[]
10139,Fc1ccc(C(c2ccc(F)cc2)C(Cl)(Cl)Cl)cc1,,319.973789768,False,[]
10140,C[C@H](CCC(=O)NCC(=O)O)[C@H]1CC[C@H]2[C@@H]3[C@H](O)C[C@@H]4C[C@H](O)CC[C@]4(C)[C@H]3C[C@H](O)[C@]12C,,465.30903809599994,False,[]
10141,O=C1C=CC(=O)c2c(O)ccc(O)c21,,190.026608672,False,[]
10143,COc1ccc2c(c1O)-c1c(OC)c(OC)cc3c1[C@H](C2)N(C)CC3,,341.16270821600006,False,[]
10144,O=C1c2ccccc2-c2c3c(cc4ccnc1c24)OCO3,,275.05824314800003,False,[]
10145,COc1cc2c(cc1OC)-c1c(OC)c(OC)cc3c1C(C2)N(C)CC3,,355.17835828000005,False,[]
10146,COc1cc2c3c(c1OC)-c1ccccc1C[C@H]3N(C)CC2,,295.15722891200005,False,[]
10147,CN1Cc2c(ccc3c2OCO3)C2C(O)Cc3cc4c(cc3C21)OCO4,,353.126322708,False,[]
10148,Cc1cc(O)c2c(c1O)C(=O)c1c(O)ccc(O)c1C2=O,,286.04773804,False,[]
10149,COC1=CC(=O)c2c(O)c(C)c(CC(C)=O)c(O)c2C1=O,,290.079038168,False,[]
10150,Cc1cc(O)c2c(c1O)C(=O)c1cc(O)cc(O)c1C2=O,,286.04773804,False,[]
10151,Cc1cc(O)c2c(c1O)C(=O)c1cccc(O)c1C2=O,,270.05282342,False,[]
10152,COc1cc(O)c2c(c1)C(=O)c1c(O)c(C)cc(O)c1C2=O,,300.063388104,False,[]
10153,COc1cc2c3c(c1O)-c1c(ccc(OC)c1OC)C[C@@H]3N(C)CC2,,341.16270821600006,False,[]
10154,COc1cc2c(cc1O)C[C@H]1c3c(cc(O)c(OC)c3-2)CCN1C,,327.14705815200006,False,[]
10155,O=C(O)c1ccc(C(=O)O)c(C(=O)O)c1C(=O)O,,254.00626715200002,False,[]
10156,COc1cc2c(c(OC)c1OC)-c1ccc(O)c(=O)cc1C(NC(C)=O)CC2,,385.15253745600006,False,[]
10157,CCC(C)C(=O)OC1C(OC(C)=O)c2c(ccc3ccc(=O)oc23)OC1(C)C,,388.1522031079999,False,[]
10158,CC(=O)OC1c2c(ccc3ccc(=O)oc23)OC(C)(C)C1OC(=O)C=C(C)C,,386.136553044,False,[]
10159,Cc1cc2nc3c(C)c(N)ccc3[n+](-c3ccccc3)c2cc1N.[Cl-],,350.129824288,False,[]
10160,Cc1cc2nc3c(C)c(N)ccc3[n+](-c3ccccc3)c2cc1N,,315.16042302809,False,[]
10161,Cc1cc2c(-c3ccccc3)c3cc(C)c(N)cc3nc2cc1N,,313.15789760800004,False,[]
10162,Nc1ccc(-c2c3ccccc3nc3cc(N)ccc23)cc1,,285.12659748000004,False,[]
10163,O=C1c2ccccc2C(=O)c2c1cc(O)c(CO)c2O,,270.05282342,False,[]
10164,COc1ccc2c(c1OC)CN1CCc3cc4c(cc3C1C2O)OCO4,,355.141972772,False,[]
10165,COc1cc2c(c(O)c1OC)C1Cc3ccc(OC)c(OC)c3CN1CC2,,371.17327290000003,False,[]
10166,COc1cccc2c1C(=O)C1=C(C[C@H](C)O[C@@H]1C)C2=O,,272.104858992,False,[]
10167,COc1c2occc2c(O)c2c(=O)cc(C)oc12,,246.05282342,False,[]
10168,O=C(O)c1cc(O)c2c(c1)C(=O)c1cccc(O)c1C2=O,,284.032087976,False,[]
10169,O=C(O)c1ccc(O)c2c1C(=O)c1cc(O)cc(O)c1C2=O,,300.027002596,False,[]
10170,COc1cc2c3cc1Oc1c(OC)c(OC)cc4c1C(Cc1ccc(O)c(c1)Oc1ccc(cc1)CC3N(C)CC2)N(C)CC4,,608.2886369999999,False,[]
10171,CCN(CC)C(=O)[C@@H]1C=C2c3cccc4[nH]c(Br)c(c34)C[C@H]2N(C)C1,,401.110274488,False,[]
10172,O=C1CC2=C(CCN3CCc4cccc2c43)CO1,,241.11027872,False,[]
10173,CN1CC(C(N)=O)C=C2c3cccc4[nH]cc(c34)CC21,,267.137162164,False,[]
10175,COc1cc(O)c(C(=O)c2ccccc2)c(O)c1,,244.073558864,False,[]
10176,c1cc2c3c(c4ccc5ccccc5c4cc3c1)CC2,,254.109550448,False,[]
10177,O=C1C(c2c(O)[nH]c3ccccc23)=Nc2ccccc21,,262.07422756,False,[]
10178,CN(c1c([N+](=O)[O-])cc([N+](=O)[O-])cc1[N+](=O)[O-])[N+](=O)[O-],,287.01381212,False,[]
10179,O=C(O)c1cc(C(=O)O)c(C(=O)O)c(C(=O)O)c1,,254.00626715200002,False,[]
10180,CCN(CC)CCNc1ccc(C)c2sc3ccccc3c(=O)c12,,340.16093438799993,False,[]
10184,O=C1c2ccccc2-c2ccc3ccccc3c21,,230.07316494,False,[]
10185,O=C1c2c(O)cc(O)cc2O[C@H](c2ccc(O)c(O)c2)C1O,,304.058302724,False,[]
10187,Oc1cccc2cc3cccc(O)c3c(O)c12,,226.06299418,False,[]
10188,Cc1cc(=O)n(-c2ccccc2)n1C.OC(O)C(Cl)(Cl)Cl.OC(O)C(Cl)(Cl)Cl,,515.9346877559999,False,[]
10189,COc1cc(O)c2c(=O)cc(C)oc2c1,,206.0579088,False,[]
10190,CCCCC[C@@H](O)[C@H]1C(=O)O[C@H](C)[C@@H](O)C=CC=CC=CC=CC=C(C)[C@@H](O)C[C@H](O)C[C@H](O)C[C@H](O)C[C@H](O)C[C@H](O)C[C@@H]1O,,654.397912676,False,[]
10191,CC=C1C[C@@H](C)[C@](O)(CO)C(=O)OCC2=CCN3CC[C@@H](OC1=O)[C@@H]23,,351.16818751999995,False,[]
10193,CCC(=O)N1C2CCC1CN(CC=Cc1cccc(Cl)c1)C2,,318.14989103600004,False,[]
10194,Cc1cc(C)c(C(=O)O)c(C)c1,,164.083729624,False,[]
10195,O=C1NC(=O)C([N+](=O)[O-])C(=O)N1,,173.007270196,False,[]
10196,C=C1CC(=CC)C(=O)O[C@@H]2CCN3CC=C(COC(=O)[C@]1(C)O)[C@H]23,,333.157622836,False,[]
10197,CC(C)C(O)(C(=O)OCC1=CCN2CC[C@H](O)[C@H]12)[C@H](C)O,,299.1732729,False,[]
10198,OCC1=CCN2CC[C@@H](O)[C@@H]12,,155.094628656,False,[]
10201,CC1=C2[C@H]3OC(=O)C(C)[C@@H]3CC[C@@]2(C)C=CC1=O,,246.125594436,False,[]
10202,CC(C)CCCC(C)C1CCC2C3CCC4CCCCC4(C)C3CCC12C,,372.375601536,False,[]
10203,CC12CCC3C(CCC4C[C@@H](O)CCC43C)C1CCC2=O,,290.2245802,False,[]
10204,C[C@]12CC[C@H]3[C@@H](CCC4=CC(=O)CC[C@@]43C)[C@@H]1CC[C@H]2O,,288.208930136,False,[]
10205,CC1=CC(=O)c2c(O)cccc2C1=O,,188.047344116,False,[]
10206,COc1ccc2cc1Oc1ccc(cc1)C[C@H]1c3c(cc4c(c3Oc3cc5c(cc3OC)CCN(C)[C@@H]5C2)OCO4)CCN1C,,606.2729869359999,False,[]
10207,O=C1c2cccc(O)c2C(=O)c2c(O)cc(CO)cc21,,270.05282342000004,False,[]
10208,Cc1cc(O)c2c(c1)C(=O)c1cccc(O)c1C2=O,,254.0579088,False,[]
10209,Cc1cc(O)c2ccccc2c1O,,174.06807956,False,[]
10210,O=C(O)c1ccccc1-c1ccccc1C(=O)O,,242.0579088,False,[]
10211,COc1c2ccoc2c(OC[C@@H](O)C(C)(C)O)c2oc(=O)ccc12,,334.105252916,False,[]
10212,CC(C)=CCOc1c2occc2cc2ccc(=O)oc12,,270.089208928,False,[]
10213,O=C(O)CN(CC(=O)O)C1CCCCC1N(CC(=O)O)CC(=O)O,,346.13761566399995,False,[]
10214,Nc1ncnc2c1ncn2[C@@H]1O[C@H](COP(=O)(O)OS(=O)(=O)O)[C@@H](OP(=O)(O)O)[C@H]1O,,506.98622979999976,False,[]
10215,O=C1C(c2[nH]c3ccccc3c2O)=Nc2ccccc21,,262.07422756,False,[]
10216,COC(=O)C1=COC(C)C2CN3CCC4c5ccccc5NC4C3CC12,,354.194342692,False,[]
10217,COc1ccc2c(c1OC)CN1CCc3cc4c(cc3C1=C2)OCO4,,337.131408088,False,[]
10218,CC[C@H]1CN2CCc3cc(OC)c(OC)cc3[C@@H]2CC1C[C@H]1NCCc2cc(O)c(OC)cc21,,466.283157696,False,[]
10219,CC[C@H]1CN2CCc3cc(OC)c(OC)cc3[C@@H]2C[C@@H]1C[C@H]1NCCc2cc(OC)c(OC)cc21,,480.29880776,False,[]
10220,COc1cc2c(cc1O)C1Cc3ccc(OC)c(OC)c3CN1CC2,,341.16270821600006,False,[]
10221,CC1=C(O)c2ccccc2C(=O)C1=O,,188.047344116,False,[]
10222,Cc1cccc2c1ccc1cc(C(C)C)ccc12,,234.140850576,False,[]
10223,CC1=CC2C(=C(C)CCC2C(C)C)CC1,,204.187800768,False,[]
10224,Cc1ccc2c(c1)C(C(C)C)CCC2C,,202.172150704,False,[]
10225,Cc1ccc2c(C)ccc(C(C)C)c2c1,,198.140850576,False,[]
10226,O=[N+]([O-])c1cc([N+](=O)[O-])c2ccc(S(=O)(=O)O)cc2c1O,,313.984486152,False,[]
10227,COc1cc2nc3occc3c(OC)c2cc1OC,,259.084457896,False,[]
10228,COc1ccc2ccc(=O)oc2c1CC=C(C)C,,244.109944372,False,[]
10229,Oc1cc2ccccc2c2ccccc12,,194.07316494,False,[]
10230,NNc1nnc(NN)c2ccccc12,,190.09669431999998,False,[]
10231,C=CCc1cc2c(c(OC)c1OC)OCO2,,222.089208928,False,[]
10232,c1ccc(-c2nc(-c3ccccc3)c(-c3ccccc3)[nH]2)cc1,,296.131348512,False,[]
10233,COc1ccc(CC2c3cc(O)c(OC)cc3CCN2C)cc1O,,329.162708216,False,[]
10234,CCC(C)c1cc([N+](=O)[O-])cc([N+](=O)[O-])c1OC(=O)C=C(C)C,,322.116486296,False,[]
10235,O=c1cccc2n1C[C@@H]1CNC[C@H]2C1,,190.110613068,False,[]
10236,O=C1c2ccccc2C(=O)C1(O)O,,178.026608672,False,[]
10237,CN1CCc2cc3c(cc2[C@H]1[C@@H]1OC(=O)c2c1ccc1c2OCO1)OCO3,,367.10558726399995,False,[]
10238,Nc1ncnc2c1ncn2[C@@H]1O[C@H](COP(=O)(O)OS(=O)(=O)O)[C@@H](O)[C@H]1O,,427.0198992779998,False,[]
10239,O=C(O)c1c(O)c(-c2ccccc2)nc2ccccc12,,265.07389321200003,False,[]
10240,CCCCSc1ccc(C(SCCN(C)C)c2ccccc2)cc1,,359.17414192800004,False,[]
10241,O=C1c2ccccc2-c2ccccc21,,180.057514876,False,[]
10242,O=c1c2ccccc2nc2n1CCC2O,,202.07422756,False,[]
10243,O=C(O)c1ccnc2ccccc12,,173.047678464,False,[]
10245,CC1C2CNCC1c1cccc(=O)n1C2,,204.126263132,False,[]
10246,O=c1cccc2n1CC1CC2CN2CCCC[C@H]12,,244.15756326,False,[]
10247,c1ccc2c(/N=N/c3cccc4ccccc34)cccc2c1,,282.115698448,False,[]
10248,C=CCc1cc(OC)c(OC)c(OC)c1,,208.109944372,False,[]
10249,Cn1cccc1-c1cccnc1,,158.08439832,False,[]
10250,O=c1[nH]c(=O)c2nccnc2[nH]1,,164.033425368,False,[]
10251,O=C1CC(c2ccccc2)Oc2ccccc21,,224.083729624,False,[]
10252,CC(=O)NC(=O)c1ccccc1O,,179.058243148,False,[]
10253,O=C(O)CNC(=O)c1ccccc1O,,195.053157768,False,[]
10255,C=C(C)[C@H]1CN[C@H](C(=O)O)[C@H]1CC(=O)O,,213.10010796,False,[]
10257,CN(C)CCc1c[nH]c2ccc(O)cc12,,204.126263132,False,[]
10258,O=S(=O)(O)Oc1c[nH]c2ccccc12,,213.009578704,False,[]
10259,COC(C)C(O)(C(=O)OCC1=CCN2CCCC12)C(C)C,,297.194008344,False,[]
10260,CC(=O)/N=c1\ssc2c1C(=O)CN2,,213.987069432,False,[]
10261,CCC=CCC1=C(C)CCC1=O,,164.120115132,False,[]
10264,O=C(O)C(O)C(O)C(O)CO,,166.04773803999998,False,[]
10265,CCCCCCCCCCCCCCCCCC[N+](C)(C)C.[O-]c1c(Cl)c(Cl)c(Cl)c(Cl)c1Cl,,575.202203492,False,[]
10266,NCC(O)C(O)C(O)C(O)CO,,181.09502258,False,[]
10267,O=P(O)(O)OC[C@H]1O[C@](O)(COP(=O)(O)O)[C@@H](O)[C@@H]1O,,339.99604914799994,False,[]
10269,COc1cc(C(C)(C)C)c(O)c(C(C)(C)C)c1,,236.177630008,False,[]
10270,C=C1CC[C@@H]2[C@H]([C@@H]3C(C)CCC13)C2(C)C,,204.187800768,False,[]
10271,Nc1c([N+](=O)[O-])cc([N+](=O)[O-])cc1[N+](=O)[O-],,228.013083848,False,[]
10272,CCC(C)c1cnc(CC(C)C)c(=O)n1O,,224.15247788,False,[]
10273,O=C(O)c1ccncc1C(=O)O,,167.02185764,False,[]
10275,Nc1nc(N)c(-c2ccccc2)s1,,191.051718288,False,[]
10276,COc1cc(OC)c(C(=O)O)cc1OC,,212.068473484,False,[]
10277,Cc1cccc2ccc(C(C)C)cc12,,184.125200512,False,[]
10278,COC(=O)c1ccccc1OC1OC(COC2OCC(O)C(O)C2O)C(O)C(O)C1O,,446.14242627199985,False,[]
10279,CC(=O)c1cc(O)ccc1O,,152.047344116,False,[]
10280,O=C1O[C@H](C(O)CO)C(=O)C1=O,,174.01643791200001,False,[]
10281,CC1=CC(=O)C(C(C)C)=CC1=O,,164.083729624,False,[]
10282,CC1=CC(O)C(C(C)C)CC1,,154.135765196,False,[]
10283,O=[N+]([O-])c1ccc(O)cc1Cl,,172.987970668,False,[]
10288,Cc1cc(O)c2c(O)c3c(O)cccc3cc2c1,,240.078644244,False,[]
10290,CCN(CC)CCCC(C)Nc1cc(OC)cc2cccnc12,,315.231062548,False,[]
10292,Nc1ccc(-c2ccccc2N)cc1,,184.100048384,False,[]
10294,COC([CH2][Hg])CNC(=O)c1ccccc1OCC(=O)O,,468.07349061199994,False,[]
10295,O=c1c2ccccc2sc2ccccc12,,212.029585876,False,[]
10296,CC(C(=O)O)c1ccccc1,,150.06807956,False,[]
10297,C[C@H](N)[C@H](O)c1ccccc1,,151.099714036,False,[]
10298,[H]N=C(c1ccc(N(C)C)cc1)c1ccc(N(C)C)cc1,,267.173547672,False,[]
10299,O=C(O)C(O)c1ccc(Cl)cc1,,186.00837176399997,False,[]
10302,COc1cc2c(cc1OC)C(C)NCC2,,207.125928784,False,[]
10303,CN(C)c1ccc(/N=N/c2ccccc2C(=O)O)cc1,,269.11642672,False,[]
10304,C=CCc1cc(-c2cc(CC=C)c(O)c(CN(CC)CC)c2)cc(CN(CC)CC)c1O,,436.30897852,False,[]
10305,c1ccc(-c2nc(-c3ccccc3)nc(-c3ccccc3)n2)cc1,,309.12659748000004,False,[]
10306,CN(C)CCN(Cc1cccs1)c1ccccc1,,260.13471964,False,[]
10307,ClCCN(CCCl)c1ccc2ccccc2c1,,267.05815484,False,[]
10308,c1ccc2c(c1)CCc1ccccc1N2,,195.104799416,False,[]
10309,C(=NC(N=Cc1ccco1)c1ccco1)c1ccco1,,268.084792244,False,[]
10310,O=C1C=CC(=C2C=CC(=O)C=C2)C=C1,,184.052429496,False,[]
10311,Nc1nc(N)nc(Nc2ccc([As]3SCC(CO)S3)cc2)n1,,397.99647259999995,False,[]
10316,[O-]/[N+](=N\c1ccccc1)c1ccccc1,,198.07931294,False,[]
10317,Nc1ccc(/N=N/c2ccccc2)c(N)c1,,212.106196384,False,[]
10318,CCCCN(CCCC)CCOC(=O)c1ccc(F)cc1.Cl,,331.17143500400005,False,[]
10319,CCCCN(CCCC)CCOC(=O)c1ccc(F)cc1,,295.194757292,False,[]
10320,O=Nc1ccc(NNC(=O)c2ccccc2)cc1,,241.085126592,False,[]
10321,CC#CC#CC(=O)c1ccccc1,,168.057514876,False,[]
10322,OCc1ccc2c(c1)OCO2,,152.047344116,False,[]
10323,O=C(NN=Cc1ccccc1O)c1ccncc1,,241.085126592,False,[]
10331,O=C(O)c1cc2ccccc2o1,,162.031694052,False,[]
10334,Cc1ccc(S)c(S)c1,,156.006742256,False,[]
10346,Cc1cc(O)c(C(C)(C)C)cc1C(C)(C)C,,220.182715388,False,[]
10347,O=C(O)c1cc(=O)c(O)c(C(=O)O)o1,,199.99570246800002,False,[]
10348,OCC1O[C@@H](Oc2ccc(O)cc2)C(O)C(O)[C@@H]1O,,272.08960285200004,False,[]
10350,O=C(O)C(O)CC(O)C(O)CO,,180.06338810399998,False,[]
10353,CC(C)(O)[C@H]1CC[C@@H](C)CC1,,156.15141526,False,[]
10356,Cc1cc(C)cc(C(=O)O)c1,,150.06807956,False,[]
10357,OC[C@H]1O[C@H](OC[C@H]2O[C@@H](O)[C@H](O)[C@@H](O)[C@@H]2O)[C@H](O)[C@@H](O)[C@@H]1O,,342.11621152399994,False,[]
10358,CCCCCCC=C/[N+]([O-])=N/[C@@H](COC)[C@H](C)O,,258.194342692,False,[]
10359,NCC(=O)c1ccc(O)c(O)c1,,167.058243148,False,[]
10361,O=C(O)c1ccc(F)c(I)c1,,265.924005588,False,[]
10362,CC1CCC(C(C)C)CC1=O,,154.135765196,False,[]
10363,CC(C)C1=CC(=O)C(C)CC1,,152.120115132,False,[]
10364,Cc1ccc(C(C)C)cc1O,,150.104465068,False,[]
10365,O=C(O)c1ccnc(C(=O)O)c1,,167.02185764,False,[]
10366,O=C(O)c1cncc(C(=O)O)c1,,167.02185764,False,[]
10367,O=C(O)c1cccc(C(=O)O)n1,,167.02185764,False,[]
10372,COP(=S)(OC)Oc1ccc([N+](=O)[O-])c(Cl)c1,,296.962757698,False,[]
10373,CC1CC(OC(=O)c2ccccc2)CC(C)(C)N1,,247.157228912,False,[]
10374,Nc1ncnc(Nc2ccc(Cl)cc2)n1,,221.04682293599998,False,[]
10375,COc1ccc(C=Cc2cc(OC)cc(=O)o2)cc1,,258.089208928,False,[]
10376,COC1=CC(=O)OC(C=Cc2ccccc2)C1,,230.094294308,False,[]
10377,CCCCCc1cc(O)cc(O)c1,,180.115029752,False,[]
10378,O=C(O)C(=O)Nc1ccccc1,,165.042593084,False,[]
10379,O=C1C=CC(=Nc2ccc(O)cc2)C=C1,,199.063328528,False,[]
10381,O=C(C[S-])Nc1ccccc1.[Au+],,362.999228576,False,[]
10382,O=C(CS)Nc1ccccc1,,167.040484908,False,[]
10383,COc1cc(O)cc(OC)c1,,154.06299418,False,[]
10384,COc1cc(C=CC(=O)NCCCCN)ccc1O,,264.1473925,False,[]
10385,C[N+](C)(C)CCc1cccc(O)c1.[OH-],,197.141578848,False,[]
10386,C[N+](C)(C)CCc1cccc(O)c1,,180.13829061609,False,[]
10387,O=C(Cl)OCc1ccccc1,,170.013457144,False,[]
10388,COc1ccc(/N=N/c2ccc(OC)cc2)cc1,,242.105527688,False,[]
10389,Cc1ccc(/N=N/c2ccc(C)cc2)cc1,,210.115698448,False,[]
10390,C(#Cc1ccccc1)c1ccccc1,,178.07825032,False,[]
10391,O=C(CCCl)NCc1ccccc1,,197.060741684,False,[]
10394,O=C(O)CCc1ccc(O)cc1,,166.06299418,False,[]
10395,C#CC#CC=C=CC1CCC(=O)O1,,172.052429496,False,[]
10396,CCCCCCCCCCCCCCC1CCC(=O)O1,,282.255880328,False,[]
10397,CCOC(=O)CC(=O)CCCCCCF,,218.131822688,False,[]
10398,N#C/N=C(/[NH-])N.[CH3][Hg+],,300.029889192,False,[]
10402,CC(C)=CCCC(C)CC(=O)O,,170.130679816,False,[]
10404,CCOC(=S)SSC(=S)OCC,,241.95636356,False,[]
10406,CC(C)CCCC(C)NCCC(C)C,,199.22999992799998,False,[]
10407,C=CC(=C)CCC=C(C)CCC=C(C)C,,204.187800768,False,[]
10408,CC(=O)CCCC(C)CCCC(C)CCCC(C)C,,268.276615772,False,[]
10409,O=C1CCCCCCCCCCCCCC1,,224.214015516,False,[]
10414,NC(N=NC(N)=NCl)=NCl,,181.98744948799998,False,[]
10416,CCCCCCCCC1=C(CCCCCCC(=O)O)C1,,280.240230264,False,[]
10417,CCCCCCC1CC1CCCCCCCCCC(=O)O,,296.271530392,False,[]
10426,O=C(Cl)OC(Cl)(Cl)Cl,,195.86523996,False,[]
10427,O=S(=O)(O)CS(=O)(=O)O,,175.94492984800002,False,[]
10431,C[As](C)O[As](C)C,,225.932008004,False,[]
10440,CCCCCCCCCCCCCCCCCC(=O)CCCCCCCCCCCCCCCCC,,506.54266686000005,False,[]
10441,CCCCCCCCCC(=O)CCCCCCCCC,,282.292265836,False,[]
10446,C=CC(=C)CCCC(C)CCCC(C)CCCC(C)C,,278.297351216,False,[]
10447,CCC(C)CCCCC(=O)O,,158.130679816,False,[]
10453,C=CC(C)(O)CCCC(C)CCCC(C)CCCC(C)C,,296.3079159,False,[]
10454,CS(=O)(=O)CCCN=C=S,,179.007470528,False,[]
10455,CS(=O)CCCN=C=S,,163.012555908,False,[]
10456,O=C(O)CCNCCC(=O)O,,161.068807832,False,[]
10457,O=C(O)CCCCCCC(=O)O,,174.089208928,False,[]
10458,O=C(O)CCCCCCCCCCCC(=O)O,,244.167459248,False,[]
10459,O=C(O)CCCCCCCCCCCCCCC(=O)O,,286.21440944,False,[]
10461,ClCCSCCCl,,157.972376616,False,[]
10462,O=[N+]([O-])NCCN[N+](=O)[O-],,150.038904672,False,[]
10463,CCCC(O)C=CC=CC=CC#CC#CCCCO,,258.161979944,False,[]
10464,CCCCCCCCCCCF,,174.178378956,False,[]
10465,CCCCCCCCCCCCCCCCC(=O)O,,270.255880328,False,[]
10466,O=C(O)CCCCCCCCCCCCCCCO,,272.235144884,False,[]
10467,CCCCCCCCCCCCCCCCCCCC(=O)O,,312.30283052,False,[]
10468,CCCCCCCCCCCCCCCCCCCCCCCCC(=O)O,,382.3810808399999,False,[]
10469,CCCCCCCCCCCCCCCCCCCCCCCCCC(=O)O,,396.3967309039999,False,[]
10470,CCCCCCCCCCCCCCCCCCCCCCCCCCCC(=O)O,,424.4280310319999,False,[]
10471,CCCCCCCCCCCCCCCCCCCCCCCCCCCCCC(=O)O,,452.4593311599999,False,[]
10472,CCCCCCCCCCCCCCCCCCCCCCCCO,,354.38616621999995,False,[]
10474,[Ag+].[C-]#N.[C-]#N.[K+],,197.87495168,False,[]
10478,N#CI,,152.907547,False,[]
10483,CC(=O)I,,169.922862716,False,[]
10487,IC(I)(I)I,,519.617892,False,[]
10488,C[N+](C)(C)CCO.O=C([O-])C(O)C(O)C(O)C(O)CO,,299.15801676,False,[]
10490,CC(=O)OC[C@]12CC[C@H](O)C=C1CC[C@@]1(O)C2CC[C@]2(C)[C@@H](c3ccc(=O)oc3)CC[C@]12O,,458.2304534279999,False,[]
10491,FC(F)(F)C(F)(F)C(F)(F)C(F)(F)C(F)(F)C(F)(F)C(F)(F)C(F)(F)I,,545.87732774,False,[]
10492,CC1(C)[C@H]2CC[C@@]1(C)[C@@H](O)C2,,154.135765196,False,[]
10493,COC1C[C@@H](O[C@H]2CC[C@]3(C=O)C4C(O)C[C@]5(C)[C@@H](C6=CC(=O)OC6)CC[C@]5(O)C4CC[C@@H]3C2)OC(C)[C@H]1O,,548.2985329879999,False,[]
10494,CC1(C)CC[C@]2(C(=O)O)CC[C@]3(C)C(=CC[C@@H]4[C@@]5(C)CC[C@H](O)C(C)(C)[C@@H]5CC[C@]43C)[C@@H]2C1,,456.36034539599996,False,[]
10495,CC(=O)O[C@H]1C[C@]2(O)C3CC[C@@H]4C[C@H](O)CC[C@]4(C)C3CC[C@]2(C)[C@H]1C1=CC(=O)OC1,,432.25118887199994,False,[]
10496,O=C1C=CC2(CCC23C=CC(=O)O3)O1,,192.042258736,False,[]
10497,C[C@]12CC(O)C3C(CC[C@]4(O)C[C@@H](O)C[C@@H](O)[C@]34CO)[C@@]1(O)CC[C@@H]2C1=CC(=O)OC1,,438.2253680479999,False,[]
10499,C=C1C(=O)O[C@@H]2[C@H]1CC[C@H](C)[C@@]1(O)C=CC(=O)[C@@]21C,,262.120509056,False,[]
10500,CC1CCC2N(C1)CC1C(C(O)[C@H](O)[C@]3(O)C1CC14OC5(O)C(O)CCC1(C)C5CC(O)C43)C2(C)O,,509.2988673359999,False,[]
10501,CC1O[C@H](O[C@H]2CC[C@]3(C=O)C4C(CC[C@]3(O)C2)[C@@]2(O)CC[C@H](C3=CC(=O)OC3)[C@@]2(C)C[C@H]4O)C(O)C(O)[C@H]1O,,566.2727121639999,False,[]
10502,C[C@@H]1OC(O[C@H]2CC[C@]3(C=O)[C@H]4CC[C@]5(C)C(C6=CC(=O)OC6)CC[C@]5(O)[C@@H]4CC[C@]3(O)C2)[C@H](O)[C@H](O)[C@H]1O,,550.2777975439999,False,[]
10503,CC1O[C@@H](O[C@H]2CC[C@]3(C=O)C4CC[C@]5(C)[C@@H](C6=CC(=O)OC6)CC[C@]5(O)C4CC[C@]3(O)C2)CC(O)[C@@H]1O,,534.2828829239999,False,[]
10504,CO[C@H]1C[C@H](O[C@H]2CCC3(C=O)C4CCC5(C)C(C6=CC(=O)OC6)CCC5(O)C4CC[C@]3(O)C2)O[C@H](C)[C@H]1O,,548.2985329879998,False,[]
10505,C[C@]12CC[C@H](O)CC1=CCC1C2CC[C@]2(C)C(C3=CC(=O)OC3)CC[C@]12O,,372.23005950399994,False,[]
10506,CC1O[C@H](O[C@H]2CC[C@]3(C)C4CC[C@]5(C)[C@@H](C6=CC(=O)OC6)CC[C@]5(O)C4CC[C@@H]3C2)C(O)C(O)[C@@H]1O,,520.3036183679999,False,[]
10507,CC(C)(C)CC(=O)OCC(=O)C1(O)CCC2C3CCC4=CC(=O)CCC4(C)C3C(O)CC21C,,460.28248899999994,False,[]
10508,CC12CCC(=O)C=C1CCC1C2C(O)CC2(C)C1CC[C@]2(O)C(=O)COC(=O)CCC1CCCC1,,486.2981390639999,False,[]
10509,O=[N+]([O-])C([N+](=O)[O-])([N+](=O)[O-])[N+](=O)[O-],,195.97161296000002,False,[]
10510,C=C[C@]12CN(C)C3C4COC(CC41)[C@]1(C(=O)Nc4ccccc41)C32,,322.168127944,False,[]
10511,CCN1CC2(COC)C(O)CC(OC)C34[C@@H]5C[C@]6(O)C(OC)C(O)[C@](O)(C(C(OC)[C@H]23)[C@@H]14)[C@H]5C6O,,499.27813189199986,False,[]
10512,COc1ccc2c(c1)C13CCN4CC5=CCOC6CC(=O)N2C1C6C5CC43,,364.178692628,False,[]
10513,CC(=O)N1c2ccccc2[C@@]23CCN4CC5=CCOC(O)C(C5CC42)C13,,352.17869262799996,False,[]
10514,COc1ccc2c(c1)N1C(=O)CC3OCC=C4CN5CCC26C5CC4C3C16,,364.178692628,False,[]
10517,CCC(OC(C)=O)C(CC(C)N(C)C)(c1ccccc1)c1ccccc1,,353.23547923200005,False,[]
10518,CCC1(C2=CCCCCC2)C(=O)NC(=O)NC1=O,,250.131742436,False,[]
10519,CC[N+](C)(CC)CCN(C)C(=O)C(O)(c1ccccc1)c1ccccc1.[Cl-],,390.207405912,False,[]
10520,CC[N+](C)(CC)CCN(C)C(=O)C(O)(c1ccccc1)c1ccccc1,,355.23800465209,False,[]
10521,CN(C)c1ccc(C(O)(c2ccccc2)c2ccc(N(C)C)cc2)cc1,,346.20451345199996,False,[]
10522,CCOC(=O)C(O)(c1ccc(Cl)cc1)c1ccc(Cl)cc1,,324.03199966799997,False,[]
10523,CC(C)[C@](O)(C(=O)OC[C@H]1CC[N+]2([O-])CCC[C@@H]12)C(C)O,,301.18892296399997,False,[]
10524,COc1ccc2c(c1)[C@@]13CCCCC1[C@H](C2)N(C)CC3,,271.19361442,False,[]
10525,C[C@]12CCC3C(CC[C@]4(O[C@@H]5OC(CO)[C@@H](O)C(O)C5O)C=CCC[C@]34C=O)[C@@]1(O)CC[C@@H]2c1ccc(=O)oc1,,560.2621474799998,False,[]
10526,C[C@]12CCC3C(CCC4=C[C@@H](O)CC[C@@]43C=O)[C@@]1(O)CC[C@@H]2c1ccc(=O)oc1,,398.2093240599999,False,[]
10527,CCC(CN(C)C)(C(=O)OCc1ccccc1)c1ccccc1.Cl,,347.165206752,False,[]
10528,CCC(CN(C)C)(C(=O)OCc1ccccc1)c1ccccc1,,311.18852904000005,False,[]
10531,CN1C[C@H](C(=O)N[C@]2(C)O[C@@]3(O)[C@@H]4CCCN4C(=O)[C@H](Cc4ccccc4)N3C2=O)C[C@@H]2c3cccc4[nH]cc(c34)C[C@H]21,,583.2794692840001,False,[]
10532,C[N+]1(Cc2ccc(-c3ccccc3)cc2)C2CCC1CC(OC(=O)C(CO)c1ccccc1)C2.[Br-],,535.1722060479999,False,[]
10533,C[N+]1(Cc2ccc(-c3ccccc3)cc2)C2CCC1CC(OC(=O)C(CO)c1ccccc1)C2,,456.25332036808993,False,[]
10534,C=C1C2CCC(C2)C1(C)CCC=C(C)C,,204.187800768,False,[]
10535,CCC(Br)(CC)C(N)=O,,193.010226104,False,[]
10536,CC1C2C(CC3C4CC=C5CC(O)CCC5(C)C4CCC32C)O[C@]12CC[C@@H](C)CO2,,414.31339520399996,False,[]
10537,O=C([O-])CC(CO)(C(=O)[O-])C(=O)[O-].[Ce+3],,328.90896620000007,False,[]
10538,O=C(O)CC(CO)(C(=O)O)C(=O)O,,192.02700259600002,False,[]
10539,O=P1(N2CC2)NC2CCCC3CCCC(N1)C32,,255.15004895399997,False,[]
10542,OC[C@H]1OC(OC[C@H]2OC(O[C@]3(CO)O[C@H](CO)[C@@H](O)[C@@H]3O)[C@H](O)[C@@H](O)[C@@H]2O)[C@H](O)[C@@H](O)[C@H]1O,,504.1690349439998,False,[]
10543,OC[P+](CO)(CO)CO.[OH-],,172.050060146,False,[]
10544,OC[P+](CO)(CO)CO,,155.04677191409,False,[]
10545,CC(C)C12C=CC(C)(CC1)OO2,,168.115029752,False,[]
10546,CCCOP(=O)(OCCC)OCCC,,224.117745782,False,[]
10547,CCOP(=O)(OCC)SCC[N+](C)(C)C.[I-],,383.018099226,False,[]
10548,CCOP(=O)(OCC)SCC[N+](C)(C)C,,256.11307764609,False,[]
10550,CC1C(O)CC2(C(C)C)CC12,,154.135765196,False,[]
10551,NCC(=O)O.NCC(=O)O.NCC(=O)O.O=S(=O)(O)O,,323.063464744,False,[]
10552,C=C(Br)CBr,,197.867974328,False,[]
10556,CC(C)CI,,183.974898288,False,[]
10559,CCC(C)I,,183.974898288,False,[]
10563,O=C([O-])[O-].[Ba+2],,197.88999106,False,[]
10564,O=C([O-])[O-].[Cd+2],,173.88810236,False,[]
10568,IC(I)=C(I)I,,531.617892,False,[]
10569,CC(C)C1=CC2=CC[C@@H]3[C@](C)(CCC[C@@]3(C)C(=O)O)[C@H]2CC1,,302.2245802,False,[]
10570,CC12CC(O)C3C(CCC4C[C@@H](O)CCC43C)C1CCC2=O,,306.21949481999997,False,[]
10571,C[C@]12CC[C@H](O)C[C@H]1CCC1C2CC[C@]2(C)[C@@H](C3=CC(=O)OC3)[C@@H](OC=O)C[C@]12O,,418.2355388079999,False,[]
10572,CC(=O)OCC(=O)C1(O)CCC2C3CCC4=CC(=O)CCC4(C)[C@@]3(F)C(O)CC21C,,422.21046693200003,False,[]
10573,COC1C(O)[C@H](O[C@@H]2CC[C@]3(C)C4C(O)C[C@]5(C)[C@@H](C6=CC(=O)OC6)CC[C@]5(O)C4CC[C@@H]3C2)OC(C)[C@@H]1O,,550.3141830519999,False,[]
10574,C[C@]12CC[C@H](O)C[C@@]1(O)CC[C@@H]1[C@@H]2CC[C@]2(C)[C@@H](C3=CC(=O)OC3)CC[C@]12O,,390.2406241879999,False,[]
10575,COC1C(O)[C@H](O[C@H]2CC[C@]3(C)C4CC[C@]5(C)[C@@H](C6=CC(=O)OC6)CC[C@]5(O)C4CC[C@]3(O)C2)OC(C)[C@@H]1O,,550.3141830519999,False,[]
10576,CC12CCC3C4CCC(=O)C=C4CCC3C1CC[C@]2(C)O,,288.208930136,False,[]
10577,C[C@]12CC[C@@H]3c4ccc(O)cc4CC[C@H]3[C@@H]1C[C@@H](OC(=O)CCC(=O)O)[C@@H]2OC(=O)CCC(=O)O,,488.2046326039998,False,[]
10578,CCN1C(=CC=CC=Cc2sc3ccccc3[n+]2CC)Sc2ccccc21.[I-],,518.034738736,False,[]
10579,CCN1C(=CC=CC=Cc2sc3ccccc3[n+]2CC)Sc2ccccc21,,391.12971715609007,False,[]
10580,CC(C=CC=C(C)C=CC1=C(C)C(=O)CCC1(C)C)=CC=CC=C(C)C=CC=C(C)C=CC1=C(C)C(=O)CCC1(C)C,,564.396730904,False,[]
10582,CC1(C)C2CC=C(CO)C1C2,,152.120115132,False,[]
10583,C=CC1(C)CCC(C(=C)C)CC1C(=C)C,,204.187800768,False,[]
10585,CCOS(=O)(=O)c1ccccc1,,186.03506518,False,[]
10586,CC(C)=CCCC(C)(O)C1CC=C(C)CC1,,222.198365452,False,[]
10587,CCOC(O)C(Cl)(Cl)Cl,,191.951162504,False,[]
10588,CCOC(=O)C(Cl)(Cl)Cl,,189.93551244,False,[]
10590,CC12CC(O)C3C(CCC4CC(O)CCC43C)C1CCC2C(=O)CO,,350.24570956799994,False,[]
10591,CC(CCC(=O)NCCS(=O)(=O)O)[C@H]1CC[C@H]2[C@@H]3[C@H](O)C[C@@H]4C[C@H](O)CC[C@]4(C)[C@H]3CC[C@]12C,,499.29675915999997,False,[]
10592,CC12CCC(=O)CC1CCC1C2C(O)CC2(C)C1CC[C@]2(O)C(=O)CO,,364.2249741239999,False,[]
10593,CC12CCC(O)CC1CCC1C2CCC2(C)C1CC[C@]2(O)C(=O)CO,,350.24570956799994,False,[]
10594,CC(CCC(=O)NCCS(=O)(=O)O)[C@H]1CC[C@H]2[C@@H]3CC[C@@H]4C[C@H](O)CC[C@]4(C)[C@H]3C[C@H](O)[C@]12C,,499.29675915999997,False,[]
10595,CC(CCC(=O)NCCS(=O)(=O)O)[C@H]1CC[C@H]2[C@@H]3CC[C@@H]4C[C@H](O)CC[C@]4(C)[C@H]3CC[C@]12C,,483.30184454,False,[]
10596,CC12CCC3c4ccc(O)cc4CC[C@@H]3C1CC[C@@H]2O,,272.177630008,False,[]
10597,CC12CCc3c(ccc4cc(O)ccc34)C1CCC2=O,,266.130679816,False,[]
10598,C[CH2][Hg][N](c1ccccc1)S(=O)(=O)c1ccc(C)cc1,,477.06864278399996,False,[]
10599,CCC(c1ccc2cc(OC)ccc2c1)C(C)(C)C(=O)O,,286.15689456399997,False,[]
10602,O=[N+]([O-])C([N+](=O)[O-])[N+](=O)[O-],,150.986534752,False,[]
10603,Oc1cc2c(cc1O)C1c3ccc(O)c(O)c3OCC1(O)C2,,302.079038168,False,[]
10604,Cc1c(-c2c(C)n(C)n(-c3ccccc3)c2=O)c(=O)n(-c2ccccc2)n1C,,374.174275944,False,[]
10605,CNC1CCc2cc(OC)c(OC)c(OC)c2-c2ccc(O)c(=O)cc21,,357.157622836,False,[]
10606,COC1(C)CC(c2ccccc2)c2c(c3ccccc3oc2=O)O1,,322.12050905599995,False,[]
10607,COc1cc([C@@H]2c3cc4c(cc3[C@H](O)[C@H]3COC(=O)[C@H]23)OCO4)cc(OC)c1OC,,414.1314676639999,False,[]
10608,O=C([O-])c1ccccc1-c1c2ccc(=O)cc-2oc2cc([O-])ccc12.[Na+].[Na+],,376.03236198,False,[]
10609,CN(C)CCOCCOC(=O)N1c2ccccc2Sc2ccccc21.Cl,,394.111791276,False,[]
10610,CN(C)CCOCCOC(=O)N1c2ccccc2Sc2ccccc21,,358.135113564,False,[]
10612,CN(C)CCn1cnc2c1c(=O)n(C)c(=O)n2C,,251.138224784,False,[]
10613,O=[N+]([O-])c1ccc(O)c([N+](=O)[O-])c1O,,200.006935848,False,[]
10614,c1ccc(C(c2ccccc2)c2ccccc2)cc1,,244.125200512,False,[]
10615,CC(=O)N(c1ccccc1)c1ccccc1,,211.099714036,False,[]
10616,CCCCN(CCCC)C(C(N)=O)c1ccc(OC)cc1,,292.215078136,False,[]
10617,O=C(O)CCC(=O)c1ccc2c(c1)-c1cccc3cccc-2c13,,302.094294308,False,[]
10618,CNc1c(C)n(C)n(-c2ccccc2)c1=O,,217.1215121,False,[]
10619,CC(C)C(c1ccccc1)C(O)CC[N+]1(C)CCCCC1.[Br-],,369.16672674399996,False,[]
10620,CC(C)C(c1ccccc1)C(O)CC[N+]1(C)CCCCC1,,290.24784106409,False,[]
10621,COc1ccc([C@@H]2CC(=O)c3c(O)cc(O[C@@H]4O[C@H](CO[C@@H]5O[C@@H](C)[C@H](O)[C@@H](O)[C@H]5O)[C@@H](O)[C@H](O)[C@H]4O)cc3O2)cc1O,,610.1897703879999,False,[]
10624,CN(C)CCc1c[nH]c2cccc(OP(=O)(O)O)c12,,284.092593654,False,[]
10625,CC(C)=CCn1cnc2ncnc(N)c21,,203.11709541599998,False,[]
10626,OCC1=CCN2CCC(O)C12,,155.094628656,False,[]
10627,CC=C(C)C(=O)OC1CCN2CC=C(COC(=O)C(O)(C(C)O)C(C)(C)O)C12,,397.210052332,False,[]
10629,Oc1csc2ccccc12,,150.013935812,False,[]
10630,CCN1C(=O)OC(C)(C)C1=O,,157.073893212,False,[]
10631,CC(=O)[C@@]1(O)CC[C@H]2[C@@H]3C[C@H](C)C4=CC(=O)CC[C@]4(C)[C@H]3CC[C@@]21C,,344.23514488399996,False,[]
10632,CC12CCC(O)CC1=CCC1C2CCC2(C)C1CC[C@]2(C)O,,304.240230264,False,[]
10633,C[C@]12CCC(=O)C[C@@H]1CC[C@@H]1[C@@H]2CC[C@@]2(C)[C@H]1CC[C@]2(C)O,,304.240230264,False,[]
10634,C[C@]12CC[C@H]3[C@@H](CC=C4C[C@@H](O)CC[C@@]43C)[C@@H]1CC[C@@H]2O,,290.2245802,False,[]
10635,C[C@]12CCC(=O)C[C@@H]1CC[C@@H]1[C@@H]2CC[C@]2(C)[C@@H](O)CC[C@@H]12,,290.2245802,False,[]
10637,O=C1C=C(S(=O)(=O)O)c2ccccc2C1=O,,237.993594292,False,[]
10638,Nc1cccc2c(=O)[nH][nH]c(=O)c12,,177.053826464,False,[]
10639,COc1cc(O)c2c(c1)C(=O)c1cc(C)cc(O)c1C2=O,,284.068473484,False,[]
10640,O=C1NC(=O)c2ccccc2C1=O,,175.02694302,False,[]
10641,CN(C)CCCC1c2ccccc2C=Cc2ccccc21,,277.183049736,False,[]
10643,COc1ccc(-c2oc3c(OC)c(OC)c(OC)cc3c(=O)c2OC)cc1,,372.12090298,False,[]
10645,Cl.c1ccc2c(c1)Sc1ccccc1N2CCN1CCCC1,,332.11139735200004,False,[]
10646,c1ccc2c(c1)Sc1ccccc1N2CCN1CCCC1,,296.13471963999996,False,[]
10648,Cl.c1ccc2c(c1)CCCC2C1=NCCN1,,236.10802622399999,False,[]
10649,Cc1cc(N)c2ccccc2[n+]1CCCCCCCCCC[n+]1c(C)cc(N)c2ccccc21.[Cl-].[Cl-],,526.2630026400001,False,[]
10650,CCCCCC(=O)Cc1cc(OC)cc2c1C(=O)Oc1cc(O)c(C(=O)O)c(CC(=O)CCCCC)c1O2,,526.2202826679999,False,[]
10651,CCC1CN2CCC1CC2[C@H](O)c1ccnc2ccc(OC)cc12,,326.199428072,False,[]
10652,CCCC[C@H]1C(=O)OC(C)C(NC(=O)c2cccc(NC=O)c2O)C(=O)O[C@@H](C)[C@H]1OC(=O)CC(C)C,,520.2420807319999,False,[]
10653,COc1cc2c(cc1OC)CN1CCc3cc(OC)c(OC)cc3C1C2,,355.17835828,False,[]
10654,O=C(OCc1ccccc1)c1cccc(C(=O)OCc2ccccc2)c1,,346.120509056,False,[]
10656,O=S(=O)(O)c1ccc(/N=N/c2ccc(O)c3ccccc23)cc1,,328.051777864,False,[]
10657,CC1=CC[C@H]2C(C)=CC[C@@H](C(C)C)[C@@H]2C1,,204.187800768,False,[]
10658,O=c1ccc2ccc3occc3c2o1,,186.031694052,False,[]
10659,C=CCc1cc(OC)c2c(c1OC)OCO2,,222.089208928,False,[]
10660,CN(C)CCOC(c1ccccc1)c1ccccc1.Cn1c(=O)c2[nH]c(Cl)nc2n(C)c1=O,,469.18806743600004,False,[]
10661,Cn1c(=O)c2[nH]c(Cl)nc2n(C)c1=O,,214.025753144,False,[]
10662,O=C(C(=O)c1cc(Br)ccc1O)c1cc(Br)ccc1O,,397.878932936,False,[]
10664,Cc1ncc(CO)c(CN)c1O.Cl.Cl,,240.043233048,False,[]
10665,O=C1c2ccccc2C(=O)N1O,,163.02694302,False,[]
10666,COc1ccn(C)c(=O)c1C#N,,164.058577496,False,[]
10667,O=C1C=Cc2ccccc2C1=O,,158.036779432,False,[]
10668,CC(C=C(c1cccs1)c1cccs1)N(C)C,,263.080241544,False,[]
10669,COc1ccc(C(OCCN(C)C)c2ccccc2)cc1,,285.17287897600005,False,[]
10670,COc1ccc2c(c1)c(CCN)c(C)n2Cc1ccccc1.Cl,,330.149891036,False,[]
10671,NC1c2ccccc2-c2ccccc21,,181.089149352,False,[]
10672,O=Nc1c(O)c(S(=O)(=O)[O-])cc2cc(S(=O)(=O)[O-])ccc12.[Na+].[Na+],,376.92519668,False,[]
10673,O=Nc1c(O)c(S(=O)(=O)O)cc2cc(S(=O)(=O)O)ccc12,,332.96130818399996,False,[]
10674,Cl.O=c1[nH]c2ccccc2c(=O)n1CCCN1CCN(c2cccc(Cl)c2)CC1,,434.12763136800004,False,[]
10675,O=c1[nH]c2ccccc2c(=O)n1CCCN1CCN(c2cccc(Cl)c2)CC1,,398.150953656,False,[]
10676,O=S(=O)(O)c1ccc2c(S(=O)(=O)O)cccc2c1,,287.976229976,False,[]
10677,O=C(O)c1ccc2c([N+](=O)[O-])cccc2n1,,218.032756672,False,[]
10678,CC(=O)Oc1cccc(OC(C)=O)c1OC(C)=O,,252.063388104,False,[]
10679,Nc1ccc2c(c1)Cc1cc(N)ccc1-2,,196.100048384,False,[]
10680,O=c1cc(-c2ccccc2)oc2ccccc12,,222.06807956,False,[]
10683,C=CCN1C(=O)OC(C)C1=O,,155.058243148,False,[]
10684,NC(CO)Cc1c[nH]c2ccccc12,,190.110613068,False,[]
10685,OCCc1c[nH]c2ccccc12,,161.084063972,False,[]
10690,O=C(O)[C@H](O)[C@@H](O)[C@H](O)[C@H](O)CO,,196.058302724,False,[]
10692,O=C([O-])[C@H](O)[C@@H](O)[C@H](O)[C@H](O)CO.O=C([O-])[C@H](O)[C@@H](O)[C@H](O)[C@H](O)CO.[Cu+2],,453.03055288399986,False,[]
10693,Nc1c(Cl)c(Cl)c(Cl)c(Cl)c1Cl,,262.862987464,False,[]
10694,Cc1cc(C)c(C)c(O)c1C,,150.104465068,False,[]
10699,Nc1cc(Cl)cc(Cl)c1O,,176.97481914,False,[]
10702,CC[C@H]1OC(=O)[C@H](C)[C@@H](OC2CC(C)(OC)C(O)C(C)O2)C(C)[C@@H](OC2OC(C)CC(N(C)C)C2O)[C@](C)(O)C[C@@H](C)C(=O)[C@H](C)[C@@H](O)[C@H]1C,,717.4663265840001,False,[]
10705,CC(=O)N[C@H]1[C@H](OP(=O)(O)OP(=O)(O)OC[C@H]2O[C@@H](n3ccc(=O)[nH]c3=O)[C@H](O)[C@@H]2O)O[C@H](CO)[C@@H](O)[C@@H]1O,,607.081569664,False,[]
10706,CC(=O)c1ccc(O)c(O)c1O,,168.042258736,False,[]
10707,O=[N+]([O-])c1ccccc1[N+](=O)[O-],,168.017106608,False,[]
10708,O=C(O)c1ccc(C(=O)O)c(C(=O)O)c1,,210.01643791200001,False,[]
10709,O=C(O)c1ccc([N+](=O)[O-])c([N+](=O)[O-])c1,,212.006935848,False,[]
10710,O=C(O)C(=O)c1ccccc1C(=O)O,,194.02152329199998,False,[]
10712,OC[C@H]1O[C@@H](O[C@H]2[C@H](O)[C@@H](O)[C@H](O)O[C@@H]2CO)[C@H](O)[C@@H](O)[C@@H]1O,,342.11621152399994,False,[]
10713,CN(Cc1cnc2nc(N)nc(N)c2n1)c1c(Cl)cc(C(=O)N[C@@H](CCC(=O)O)C(=O)O)cc1Cl,,522.0933710999999,False,[]
10714,Cc1cc(C)c(C(=O)O)cc1C,,164.083729624,False,[]
10715,C=CCC(C(=O)NC(N)=O)C(C)C,,184.121177752,False,[]
10716,N.O=C(O)c1ccccc1O,,155.058243148,False,[]
10718,O=C(Nc1ccc(C(=O)O)c(O)c1)c1ccccc1,,257.068807832,False,[]
10719,CCc1ccc(C)c2ccc(C)c-2c1,,184.125200512,False,[]
10726,O=C(O)C(CO)c1ccccc1,,166.06299418,False,[]
10727,CCN(C(C)=O)c1ccccc1,,163.099714036,False,[]
10728,CCOC(=O)c1ccccc1OC(C)=O,,208.073558864,False,[]
10731,Oc1c2ccccc2cc2ccccc12,,194.07316494,False,[]
10732,N.O=C(O)C(O)c1ccccc1,,169.073893212,False,[]
10733,CC[NH+](C)C(C)C(O)c1ccccc1.[Cl-],,229.12334194,False,[]
10734,CCN(C)C(C)C(O)c1ccccc1,,193.146664228,False,[]
10735,CCN(CC)C(=O)c1ccncc1,,178.110613068,False,[]
10736,CCCCCCCCCCCCCCCC(=O)OCC(NC(=O)C(Cl)Cl)C(O)c1ccc([N+](=O)[O-])cc1,,560.241992424,False,[]
10737,CN(C)c1ccc(C(=O)c2ccccc2)cc1,,225.1153641,False,[]
10738,Cl.NN(c1ccccc1)c1ccccc1,,220.076726096,False,[]
10739,NN(c1ccccc1)c1ccccc1,,184.100048384,False,[]
10740,C=C(c1ccccc1)c1ccccc1,,180.093900384,False,[]
10741,COc1cc(CO)cc(OC)c1O,,184.073558864,False,[]
10742,COc1cc(C(=O)O)cc(OC)c1O,,198.05282342,False,[]
10743,COc1cc(C=CC(=O)O)cc(OC)c1O,,224.068473484,False,[]
10744,O=S(=O)(O)O.c1ccc2ncccc2c1,,227.025228768,False,[]
10745,CC(=O)Oc1ccccc1C(=O)Oc1ccccc1C(=O)O,,300.06338810399996,False,[]
10746,O=C(O)C1CCCCC1Cc1cc(I)c(O)c(I)c1,,485.91889037199996,False,[]
10748,COc1ccc2ccc(=O)oc2c1,,176.047344116,False,[]
10749,NC(=O)c1ccc([As](SCC(=O)O)SCC(=O)O)cc1,,376.93728598399997,False,[]
10750,Cl.Cl.Nc1ccc2cc3ccc(N)cc3nc2c1,,281.04865277600004,False,[]
10752,O=C(O)c1cc2ccccc2oc1=O,,190.026608672,False,[]
10753,CC(=O)Nc1nc(-c2ccc([N+](=O)[O-])o2)cs1,,253.015726704,False,[]
10754,Cl.Cl.Nc1ccc(-c2ccc(N)cc2)cc1,,256.053403808,False,[]
10755,O=S(=O)([O-])[O-].[NH3+]c1ccc(-c2ccc([NH3+])cc2)cc1,,282.067427928,False,[]
10756,CCCCOc1ccccc1NC(C)=O,,207.125928784,False,[]
10757,O=C(CCl)c1ccccc1,,154.018542524,False,[]
10760,CCCCOC(=O)C1=CC(=O)CC(C)(C)O1,,226.120509056,False,[]
10761,Cc1ncc(C[n+]2csc(CCOP(=O)(O)O)c2C)c(N)n1.[Cl-],,380.04749036600003,False,[]
10762,Cc1ncc(C[n+]2csc(CCO)c2C)c(N)n1.O=[N+]([O-])[O-],,327.10012502399996,False,[]
10763,CCCCN(CCCC)C(=O)OCC[N+](C)(C)CC.CCCCN(CCCC)C(=O)OCC[N+](C)(C)CC.O=S(=O)([O-])[O-],,642.460136072,False,[]
10764,CCCCN(CCCC)C(=O)OCC[N+](C)(C)CC,,273.25365471609,False,[]
10766,CCC(C)(CN(C)C)OC(=O)c1ccccc1.Cl,,271.133906624,False,[]
10767,CCC(C)(CN(C)C)OC(=O)c1ccccc1,,235.157228912,False,[]
10768,CC(CN(C)C)C(C)OC(=O)c1ccc(N)cc1.Cl,,286.144805656,False,[]
10769,CC(CN(C)C)C(C)OC(=O)c1ccc(N)cc1,,250.168127944,False,[]
10770,CC(CNC1CCCCC1)OC(=O)c1ccccc1,,261.172878976,False,[]
10771,Cl.Nc1ccc(/N=N/c2ccccc2)c(N)c1,,248.08287409599998,False,[]
10772,COc1ccc2[nH]c(=O)oc2c1,,165.042593084,False,[]
10774,O=C(NNc1ccccc1)c1ccccc1,,212.094963004,False,[]
10775,Cc1ccccc1OCC(O)COC(N)=O,,225.10010796,False,[]
10776,CNCCc1ccc2c(c1)OCO2,,179.094628656,False,[]
10777,CC(=O)Nc1ccccc1Cl,,169.029441556,False,[]
10778,CC(=O)Oc1ccccc1C,,150.06807956,False,[]
10779,O=S(=O)(O)CCO.O=S(=O)(O)CCO.[H]/N=C(\N)c1ccc(C=Cc2ccc(/C(N)=N/[H])cc2O)cc1,,532.1297704760001,False,[]
10780,CCOC(=O)COc1ccc(Cl)cc1Cl,,248.00069954,False,[]
10781,CC1CCCCN1CCCOC(=O)c1ccccc1.Cl,,297.14955668799996,False,[]
10782,CC1CCCCN1CCCOC(=O)c1ccccc1,,261.172878976,False,[]
10783,Cc1ncsc1CCCl,,161.006597936,False,[]
10784,Oc1ccccc1I,,219.93851278,False,[]
10788,CN1CSC(=S)N(C)C1,,162.02854032,False,[]
10790,O=C(O)CCCCCCCC(O)C(O)CCCCCCO,,304.22497412399997,False,[]
10791,O=C([O-])O.O=C([O-])[O-].[Na+].[Na+].[Na+],,189.946620592,False,[]
10792,CCC(Br)CBr,,213.899274456,False,[]
10796,O=C([O-])[O-].[Cs+].[Cs+],,325.79564766,False,[]
10799,CC(=O)Nc1cc([As](=O)(O)O)ccc1O.CCNCC,,348.0666432720001,False,[]
10800,Cc1cc([N+](=O)[O-])cc([N+](=O)[O-])c1O,,198.027671292,False,[]
10801,CCCCC(C(=O)O)C(=O)O,,160.073558864,False,[]
10802,Br.Cc1ncc(C[n+]2cccc(CCO)c2C)c(N)n1.[Br-],,418.00038546,False,[]
10803,Cc1ncc(C[n+]2cccc(CCO)c2C)c(N)n1,,259.15533764809,False,[]
10804,NCCCC(NC(=O)CCCCCCCCN=C(N)N)C(O)CCCCCCCCN=C(N)N,,484.421322904,False,[]
10805,COc1cc(C(O)CO)ccc1O,,184.073558864,False,[]
10806,C=C(C)C(=O)Oc1cc(/N=N/c2ccccc2)cccc1=O,,294.10044230799997,False,[]
10808,CCOC(=O)C(Cl)Cl,,155.974484792,False,[]
10809,O=S([O-])CNc1cc([As](=O)([O-])O)ccc1O.[Na+].[Na+],,354.908368036,False,[]
10810,O=S(O)CNc1cc([As](=O)(O)O)ccc1O,,310.94447954,False,[]
10811,CC(C)(C)c1nnc(NS(=O)(=O)c2ccc(N)cc2)s1,,312.071467752,False,[]
10813,Cc1cc(N(C)C)nc(Cl)n1,,171.056325,False,[]
10814,O=C(O)c1cc(O)c(O)c(C(=O)Oc2cc(O)c(O)c(O)c2)c1,,322.0324819,False,[]
10815,COC(=O)c1ccc(O)c(N)c1,,167.058243148,False,[]
10816,NNC(=O)c1ccc(Cl)cc1,,170.024690524,False,[]
10818,Cc1ccc(S(=O)O)cc1,,156.024500496,False,[]
10819,C=C(C)C1CC=C(CO)CC1,,152.120115132,False,[]
10820,CC(C)c1ccc(C(=O)O)cc1,,164.083729624,False,[]
10825,O=C(O)c1ccc(NS(=O)(=O)Cc2ccccc2)cc1,,291.05652889600003,False,[]
10826,CC(=O)[O-].CC(=O)[O-].CC(=O)[O-].[Ce+3],,316.94535170800003,False,[]
10827,CCOc1ccc(N=C(Nc2ccc(OC)cc2)Nc2ccc(OC)cc2)cc1.Cl,,427.16626937199993,False,[]
10828,CCOc1ccc(N=C(Nc2ccc(OC)cc2)Nc2ccc(OC)cc2)cc1,,391.18959165999996,False,[]
10829,COc1cc(C)c(C(=O)Oc2cc(C)c(C(=O)O)c(O)c2)c(O)c1,,332.089602852,False,[]
10830,Cl.O=C(Nc1ccccc1)OCC(CN1CCCCC1)OC(=O)Nc1ccccc1,,433.17683405599996,False,[]
10831,O=C(Nc1ccccc1)OCC(CN1CCCCC1)OC(=O)Nc1ccccc1,,397.20015634400005,False,[]
10832,Nc1ncnc(Nc2ccccc2)n1,,187.08579528799999,False,[]
10833,NC(Cc1cc(Br)c(O)c(Br)c1)C(=O)O,,336.894917348,False,[]
10834,CN1C2CCC1CC(OC(=O)c1ccccc1)C2,,245.141578848,False,[]
10835,O=C1C(Br)=CC(=NCl)C=C1Br,,296.819165564,False,[]
10837,NNC(=O)Nc1ccccc1,,151.074561908,False,[]
10838,CC1CCCCN1CCCOC(=O)c1ccc(OC2CCCCC2)cc1.Cl,,395.222721628,False,[]
10839,CC1CCCCN1CCCOC(=O)c1ccc(OC2CCCCC2)cc1,,359.246043916,False,[]
10840,Cc1cc[c]([Hg][c]2ccc(C)cc2)cc1,,384.080193448,False,[]
10841,Nc1ccc(Nc2ccc(N)cc2)cc1,,199.110947416,False,[]
10842,O=[N+]([O-])c1cccc(SSc2cccc([N+](=O)[O-])c2)c1,,307.99254873599995,False,[]
10844,Cl.Nc1cc([As]=O)ccc1O,,234.938127644,False,[]
10845,Nc1cc([As]=O)ccc1O,,198.961449932,False,[]
10846,O.Oc1cc[c]([Hg])cc1Cl,,346.976275112,False,[]
10847,Oc1cc[c]([Hg])cc1Cl,,328.965710428,False,[]
10848,CCN(CCCl)CCCl,,169.042504776,False,[]
10850,CCCCCCCC(=O)OCC(COC(=O)CCCCCCC)OC(=O)CCCCCCC,,470.36073931999994,False,[]
10851,CCCCCCCCCCCC(=O)OCC(COC(=O)CCCCCCCCCCC)OC(=O)CCCCCCCCCCC,,638.548540088,False,[]
10852,Cl.[H]/N=C(\N)SCc1ccccc1,,202.033147032,False,[]
10853,NC(=O)NCc1ccccc1,,150.07931294,False,[]
10854,Cc1ccc(CCc2ccc(C)cc2)cc1,,210.140850576,False,[]
10855,Nc1ccc(/N=N/c2ccc(N)cc2)cc1,,212.106196384,False,[]
10857,OCC(O)COc1ccccc1,,168.078644244,False,[]
10858,C(=N/c1ccccc1)\c1ccccc1,,181.089149352,False,[]
10859,CN(CCC1CCCCC1)CCC1CCCCC1,,251.261300056,False,[]
10860,O=C(/N=N/c1ccccc1)NNc1ccccc1,,240.101111004,False,[]
10861,CCCCOC(=O)C=Cc1ccccc1,,204.115029752,False,[]
10862,CCN(CC)CCCOC(=O)C=Cc1ccccc1.Cl,,297.14955668799996,False,[]
10863,CCN(CC)CCCOC(=O)C=Cc1ccccc1,,261.172878976,False,[]
10865,NC(N)=NNCCc1ccccc1,,178.12184644799999,False,[]
10866,CCCCCCCCCCCC[N+](C)(C)CCOc1ccccc1.[Br-],,413.22932699999996,False,[]
10867,c1ccc(CSCc2ccccc2)cc1,,214.081621448,False,[]
10868,C(=NC1CCCCC1)=NC1CCCCC1,,206.17829870399999,False,[]
10871,CC(=O)Nc1ccc(Cl)cc1,,169.029441556,False,[]
10872,CN(C)c1ccc(/N=N/c2ccc(N)cc2)cc1,,240.13749651199998,False,[]
10880,CCOC(=O)NCCNC(=O)OCC,,204.111006992,False,[]
10886,CCCCCOC(=O)CCCCC,,186.161979944,False,[]
10887,CCCCCCCCC(=O)CCCCCCCC,,254.26096570800001,False,[]
10888,CCCCCCCCCCCC(=O)CCCCCCCCCCC,,338.354866092,False,[]
10889,CCCCCCCCCCCCCCCCOC(=O)CCCCCCCCCCCCCCC,,480.49063128800003,False,[]
10890,CCCCCOC(=O)CCC,,158.130679816,False,[]
10893,Nc1ccc(I)cc1,,218.954497192,False,[]
10894,Oc1ccc(I)cc1,,219.93851278,False,[]
10897,BrC=CBr,,183.852324264,False,[]
10911,C[Si]1(C)O[Si](C)(C)O[Si](C)(C)O[Si](C)(C)O[Si](C)(C)O[Si](C)(C)O1,,444.1127480519999,False,[]
10912,C[Si](C)(C)O[Si](C)(C)O[Si](C)(C)O[Si](C)(C)O[Si](C)(C)O[Si](C)(C)O[Si](C)(C)C,,532.1835749659999,False,[]
10913,C[Si]1(C)O[Si](C)(C)O[Si](C)(C)O[Si](C)(C)O[Si](C)(C)O1,,370.09395670999993,False,[]
10914,C[Si]1(C)O[Si](C)(C)O[Si](C)(C)O1,,222.056374026,False,[]
10915,CC(=O)O.CC(=O)O.[O]=[U]=[O],,390.08287617599996,False,[]
10916,[O]=[U]=[O],,270.04061744,False,[]
10917,C[N+](C)(C)C[C@H](O)CC(=O)[O-],,161.10519334,False,[]
10918,C[N+](C)(C)C[C@H](O)CC(=O)O,,162.11246979209,False,[]
10919,C[N+](C)(C)CCCCC[N+](C)(C)C.[Br-].[Br-],,346.061923096,False,[]
10920,C[N+](C)(C)CCCCC[N+](C)(C)C,,188.22415173617998,False,[]
10921,C[N+](C)(C)CCCCCCCCCC[N+](C)(C)C.[Br-].[Br-],,416.1401734159999,False,[]
10923,ClC=C[As](Cl)Cl,,205.843804604,False,[]
10924,CC(C)CCI,,197.990548352,False,[]
10936,CCC(C)(C)OC(O)C(Cl)(Cl)Cl,,233.998112696,False,[]
10937,C[N+](C)(C)Cc1ccco1.[I-],,267.012012068,False,[]
10939,C[N+](C)(C)CC1COCO1.[I-],,273.022576752,False,[]
10941,Cl.Cl.Nc1cccc(N)c1,,180.02210368,False,[]
10942,Nc1cccc(N)c1.O=S(=O)(O)O,,206.0361278,False,[]
10944,CCOC(=O)NC(O)C(Cl)(Cl)Cl,,234.956976156,False,[]
10945,COC(=O)CC(Cl)CF,,154.019685396,False,[]
10946,O=C(CCl)OC(=O)CCl,,169.953749348,False,[]
10947,CC1CCCCCCCCCCCCC(=O)C1,,238.22966558,False,[]
10951,Nc1ccccc1.Nc1ccccc1.O=S(=O)(O)O,,284.08307799199997,False,[]
10954,O=C1CCCCCCCC=CCCCCCCC1,,250.22966558,False,[]
10955,CCCCCCCCCCCCCC(=O)CCCCCCCCCCCCC,,394.417466348,False,[]
10961,[Ba+2].[C-]#N.[C-]#N,,189.9113952,False,[]
10962,CCCCI,,183.974898288,False,[]
10969,CC(N)CCCC(C)(C)O.Cl,,181.12334194,False,[]
10970,O=C(Cl)CCC(=O)Cl,,153.958834728,False,[]
10975,C=CC(=C)CCCC(C)(C)O,,154.135765196,False,[]
10978,CCC[CH2][Hg][Cl],,294.009920968,False,[]
10980,CC(=O)[O-].CC(=O)[O-].[Ba+2],,255.931855872,False,[]
10986,CC(=O)[O-].CC(=O)[O-].[Cd+2],,231.929967172,False,[]
10987,CC(=O)[O-].CC(=O)[O-].[Sr+2],,205.932220772,False,[]
10988,CC(C)CCNCCC(C)C,,157.183049736,False,[]
10989,CC(C)CCOCCC(C)C,,158.167065324,False,[]
10990,CC(C)CCSCCC(C)C,,174.144221704,False,[]
10991,NC(=O)C#CC#CC=CC(=O)O,,163.02694302,False,[]
10995,CCCC[CH2][Hg][Cl],,308.025571032,False,[]
10999,O=C[O-].O=C[O-].[Cu+2],,152.924906044,False,[]
11001,CCCCCC=CCC=CCCCCCCCC(=O)OCC,,308.271530392,False,[]
11003,CC(=O)CCCCCCCF,,160.126343384,False,[]
11005,CCCCCCCCCCCCCC(=O)O,,228.208930136,False,[]
11006,CCCCCCCCCCCCCCCC,,226.266051088,False,[]
11007,CCCCCCCCCCCCCCCCI,,352.162699056,False,[]
11008,CCCCCCCCCCCCCCCCCCCCCCCCCCCCCCCC,,450.516452112,False,[]
11012,C[C@]12CC[C@H](O)C[C@H]1CCC1C2CC[C@]2(C)[C@@H](C3=CC(=O)OC3)[C@@H](O)C[C@]12O,,390.2406241879999,False,[]
11013,CC1O[C@H](O[C@H]2CC[C@]3(C)C4C(O)C[C@]5(C)[C@@H](C6=CC(=O)OC6)CC[C@]5(O)C4CC[C@@H]3C2)C(O)C(O)[C@@H]1O,,536.2985329879999,False,[]
11014,C[C@]12CCC=CC1=CCC1C2CC[C@]2(C)[C@@H](c3ccc(=O)oc3)CC[C@]12O,,366.21949481999997,False,[]
11015,C[C@]12CC[C@@H](O)C[C@H]1CCC1C2CC[C@]2(C)[C@@H](C3=CC(=O)OC3)CC[C@]12O,,374.24570956799994,False,[]
11016,O=P(N1CC1)(N1CC1)N1CC1,,173.071798634,False,[]
11017,COS(=O)(=O)[O-].C[N+]1(C)CCCC1COC(=O)C(O)(c1ccccc1)c1ccccc1,,451.166473268,False,[]
11018,C[N+]1(C)CCCC1COC(=O)C(O)(c1ccccc1)c1ccccc1,,340.19072011209,False,[]
11019,CCC(=O)C(CC(C)N1CCOCC1)(c1ccccc1)c1ccccc1.Cl,,387.19650688,False,[]
11020,C=C(Br)CC1(C(C)C)C(=O)NC(=O)NC1=O,,288.01095437600003,False,[]
11021,C[C@]12CCC3C(CC=C4C[C@@H](O)CC[C@@]43CO)[C@@]1(O)CCC2C1=CC(=O)OC1,,388.2249741239999,False,[]
11022,C[C@]12CCC3C(CC=C4C[C@@H](O)CC[C@@]43C=O)[C@@]1(O)CCC2C1=CC(=O)OC1,,386.2093240599999,False,[]
11023,O=C([O-])CC(O)(CC(=O)[O-])C(=O)[O-].O=C([O-])CC(O)(CC(=O)[O-])C(=O)[O-].[Zn+2].[Zn+2].[Zn+2],,569.7944816,False,[]
11024,C[N+](C)(C)CCO.C[N+](C)(C)CCO.C[N+](C)(C)CCO.O=C([O-])CC(O)(CC(=O)[O-])C(=O)[O-],,501.32614470399983,False,[]
11025,CC(=O)[O-].CC(=O)[O-].CC(=O)[O-].CC(=O)[O-].[Pb+2],,444.03096660382005,False,[]
11026,CC(C)[O-].CC(C)[O-].CC(C)[O-].CC(C)[O-].[Ti+4],,284.146705676,False,[]
11027,CC1C(=O)CC2(C(C)C)CC12,,152.120115132,False,[]
11032,CCCCN(CCCC)S(=O)(=O)c1ccc(C(=O)O)cc1,,313.134779216,False,[]
11033,NC(=O)NS(=O)(=O)c1ccc(N)cc1,,215.036462148,False,[]
11035,O=S(=O)(O)c1ccc(/N=N/c2ccc(O)cc2O)cc1,,294.03104242,False,[]
11037,CN(C)c1ccc(/N=N/c2ccc(S(=O)(=O)O)cc2)cc1,,305.08341234000005,False,[]
11038,CC1C(=O)CC2CC1C2(C)C,,152.120115132,False,[]
11041,O=C([O-])C(=O)[O-].[Zn+2],,151.90880068,False,[]
11043,O=S(=O)(O)c1cc(I)c(O)c2ncccc12,,350.906226672,False,[]
11044,ClCCC[NH+]1CC1.O=[N+]([O-])c1cc([N+](=O)[O-])c(S(=O)(=O)[O-])c([N+](=O)[O-])c1,,412.0091766759999,False,[]
11045,O=[N+]([O-])c1cc([N+](=O)[O-])c(S(=O)(=O)O)c([N+](=O)[O-])c1,,292.958999676,False,[]
11048,O=C([O-])c1ccccc1-c1c2cc(Br)c(=O)c(Br)c-2oc2c(Br)c([O-])c(Br)cc12.[Na+].[Na+],,687.6744102520001,False,[]
11049,O=C(O)c1ccccc1-c1c2cc(Br)c(=O)c(Br)c-2oc2c(Br)c(O)c(Br)cc12,,643.710521756,False,[]
11050,O=C1C=Cc2cccc3cccc1c23,,180.057514876,False,[]
11051,CN1CC(CO)=CC2c3cccc4[nH]cc(c34)CC21,,254.141913196,False,[]
11052,Cc1ccc(C(C)C)c(O)c1C(=O)O,,194.094294308,False,[]
11053,O=C1N=c2ccccc2=C1c1cc(-c2c[nH]c3ccc(O)cc23)[nH]c1O,,343.095691276,False,[]
11054,CCN(CC)CCNc1ccc(C)c2sc3ccccc3c(=O)c12.Cl,,376.13761209999996,False,[]
11055,O=c1cc(-c2ccccc2)oc2c(O)ccc(O)c12,,254.0579088,False,[]
11056,O=C1C(O)=C(c2ccccc2)C(=O)C(O)=C1c1ccccc1,,292.073558864,False,[]
11057,CN(C)c1ccc(C(=C2C=CC(=[N+](C)C)C=C2)c2ccc(N(C)C)cc2)cc1.[Cl-],,407.21282564,False,[]
11058,CCN(CC)CCOC(=O)C1c2ccccc2-c2ccccc21.Cl,,345.149556688,False,[]
11059,CCN(CC)CCOC(=O)C1c2ccccc2-c2ccccc21,,309.17287897600005,False,[]
11060,CCN(CC)CCSC(=O)C(c1ccccc1)c1ccccc1.Cl,,363.142363132,False,[]
11061,CCN(CC)CCSC(=O)C(c1ccccc1)c1ccccc1,,327.16568542000005,False,[]
11064,CC12CCC3C(CCC4=CC(=O)C=CC43O)C1CCC2=O,,286.15689456399997,False,[]
11065,CN(C)CCC=C1c2ccccc2CCc2ccccc21.Cl,,313.159727448,False,[]
11066,COc1ccc2cc3n(c(=O)c2c1OC)CCc1cc2c(cc1-3)OCO2,,351.110672644,False,[]
11067,O=[N+]([O-])c1cc([N+](=O)[O-])c2ccc(S(=O)(=O)[O-])cc2c1[O-].[K+].[K+],,389.896249448,False,[]
11068,Br.C=CC1CN2CCC1CC2C(O)c1ccnc2ccc(OC)cc12,,404.10994014000005,False,[]
11069,C=CC1CN2CCC1CC2C(O)c1ccnc2ccc(OC)cc12.O=S(=O)(O)O,,422.15115755199986,False,[]
11070,COc1c2c(cc3c1OCO3)CCN(C)C2.Cl.O,,275.09243573599997,False,[]
11071,C=C(C)Cn1c(N)cc(=O)n(C)c1=O,,195.100776656,False,[]
11072,CCN(CC)CCOC(=O)c1ccc(N)c2ccccc12.Cl,,322.144805656,False,[]
11073,CCN(CC)CCOC(=O)c1ccc(N)c2ccccc12,,286.168127944,False,[]
11074,CN1C(=O)c2ccccc2C1=O,,161.047678464,False,[]
11075,O=[N+]([O-])c1c(O)ccc2ccccc12,,189.042593084,False,[]
11076,Cc1cc2cc3c(cc2c(Cc2ccc4c(c2)OCO4)n1)OCO3,,321.10010796,False,[]
11077,O=c1ccc2[n+]([O-])c3ccc(O)cc3oc-2c1,,229.037507704,False,[]
11078,CCCOc1cc(N)ccc1C(=O)OCCN(CC)CC.Cl,,330.17102040400005,False,[]
11079,Cl.c1ccc2c(CC3=NCCN3)cccc2c1,,246.09237616,False,[]
11080,S=C=Nc1cccc2ccccc12,,185.029920224,False,[]
11081,CCCCC[C@H](O)C=C[C@@H]1[C@@H](CC=CCCCC(=O)O)[C@@H](O)C[C@H]1O,,354.2406241879999,False,[]
11082,CC1(C)S[C@@H]2[C@H](N)C(=O)N2[C@H]1C(=O)O,,216.056863244,False,[]
11083,C=CCC1=C(C)C(O)CC1=O,,152.083729624,False,[]
11084,Fc1ccc(F)c(F)c1F,,150.009262944,False,[]
11085,Cc1c(Cl)cc(Cl)c(O)c1Cl,,209.94059782,False,[]
11087,O=C(O)c1ccccc1[N+](=O)[O-],,167.02185764,False,[]
11088,Cc1cc(OI)c(C(C)C)cc1-c1cc(C(C)C)c(OI)cc1C,,549.9865760079999,False,[]
11089,O=C(O)c1ccc2c(c1)C(=O)OC2=O,,192.005873228,False,[]
11090,CC(=O)Nc1ccccc1[N+](=O)[O-],,180.053492116,False,[]
11092,COc1ccc(C(C)=O)c(O)c1,,166.06299418,False,[]
11094,Cl.Nc1cccc2ccccc12,,179.050177,False,[]
11095,O=C1CC(c2ccc(O)c(O)c2)Oc2cc(O)cc(O)c21,,288.063388104,False,[]
11096,CN1C2CCCC1CC(=O)C2,,153.1153641,False,[]
11097,CC(=C(C)c1ccc(O)cc1)c1ccc(O)cc1,,240.115029752,False,[]
11098,CN(c1ccccc1)c1ccccc1,,183.104799416,False,[]
11099,CC(N)C(O)c1ccc(O)cc1,,167.094628656,False,[]
11100,O=C(c1ccco1)C(O)c1ccco1,,192.042258736,False,[]
11101,O=Cc1ccccc1[N+](=O)[O-],,151.02694302,False,[]
11102,CCCCCCCCCCCCCCCC[N+](C)(C)CCN(Cc1ccc(OC)cc1)c1ncccn1.[Br-],,590.3559244799999,False,[]
11103,CC1=C(CCC(=O)O)c2cc3nc(cc4[nH]c(cc5[nH]c(cc1n2)c(C)c5C(C)O)c(C)c4C(C)O)C(C)=C3CCC(=O)O,,598.2791349360001,False,[]
11104,COc1ccccc1OC(=O)Oc1ccccc1OC,,274.08412354800004,False,[]
11105,Cc1cc2nc3ccc(N(C)C)cc3nc2cc1N.Cl,,288.114174224,False,[]
11106,Cc1cc2nc3ccc(N(C)C)cc3nc2cc1N,,252.13749651199998,False,[]
11107,c1cc(-c2ccncc2)ccn1,,156.068748256,False,[]
11108,ClCCN(CCCl)c1ccccc1,,217.042504776,False,[]
11109,COc1cc2c(cc1OC)CC[N+](C)=C2.[Cl-],,241.086956432,False,[]
11110,COc1cc2c(cc1OC)CC[N+](C)=C2,,206.11755517209,False,[]
11111,Nc1ccc2cc3ccc(N)cc3nc2c1.O=S(=O)(O)O,,307.06267689599997,False,[]
11114,CC(C)CNCCOC(=O)c1cccc(N)c1.Cl,,272.129155592,False,[]
11115,CC(C)CNCCOC(=O)c1cccc(N)c1,,236.15247788,False,[]
11116,CC(C)CNCCOC(=O)c1ccc(N)cc1.Cl,,272.129155592,False,[]
11117,CC(C)CNCCOC(=O)c1ccc(N)cc1,,236.15247788,False,[]
11118,CCCOc1ccc([N+](=O)[O-])cc1N,,196.084792244,False,[]
11119,COc1ccc(Cl)cc1Cl,,175.979570172,False,[]
11121,Cc1ccc(C)c(Br)c1,,183.988762388,False,[]
11123,Nc1ccc(Cl)cc1Cl,,160.97990452,False,[]
11127,CCC(Oc1c(I)cc(I)cc1I)C(=O)O,,557.7685881480002,False,[]
11128,CC(C)(C#N)O[C@@H]1O[C@H](CO)[C@@H](O)[C@H](O)[C@H]1O,,247.105587264,False,[]
11134,O=S(=O)(O)c1ccc(/N=N/c2ccc(Nc3ccccc3)cc2)cc1,,353.08341234000005,False,[]
11135,Nc1cc[c]([Sb](=[O])([OH])[OH])cc1,,262.954233816,False,[]
11136,O=S(=O)(O)c1cc[c]([Hg][Cl])cc1,,393.9354357,False,[]
11138,O=C(O)c1cc(C(=O)O)cc(C(=O)O)c1,,210.01643791200001,False,[]
11139,CN(C)CC(O)c1ccc(O)c(O)c1,,197.10519334,False,[]
11140,COc1cccc([N+](=O)[O-])c1,,153.042593084,False,[]
11143,CC(C)[O-].CC(C)[O-].CC(C)[O-].[Al+3],,204.130608162,False,[]
11144,CCCCCCCCCCCCCCCC(=O)[O-].CCCCCCCCCCCCCCCC(=O)[O-].CCCCCCCCCCCCCCCC(=O)[O-].[Al+3],,792.6787543260001,False,[]
11145,CCCCN(C)C(=O)Nc1ccc(Cl)c(Cl)c1,,274.06396849199996,False,[]
11148,CCCCCCCCCCCCCC(=O)OCC(COC(=O)CCCCCCCCCCCCC)OC(=O)CCCCCCCCCCCCC,,722.642440472,False,[]
11149,CC(=O)Nc1ccccc1N,,150.07931294,False,[]
11150,[Mg+2].[c-]1ccccc1.[c-]1ccccc1,,178.06329202,False,[]
11151,NOCc1ccc(Br)c(O)c1,,216.973840596,False,[]
11152,CCCCCC=CC(=O)CCc1ccc(O)c(OC)c1,,276.172544628,False,[]
11153,CC[O-].CC[O-].CC[O-].[Al+3],,162.08365797,False,[]
11154,O=C1NCCN1N=Cc1ccc([N+](=O)[O-])o1,,224.054554736,False,[]
11155,Clc1ccc(OCOc2ccc(Cl)cc2)cc1,,268.00578492,False,[]
11156,CCCC1CCCCN1.Cl,,163.112777256,False,[]
11159,CC(=O)O.CCCCCCCCCCCCCCCCCC1=NCCN1,,368.34027864800004,False,[]
11161,NCC(=O)NCC(=O)NCC(=O)O,,189.074955832,False,[]
11166,C=CCI,,167.94359816,False,[]
11169,C[Si]1(C)O[Si](C)(C)O[Si](C)(C)O[Si](C)(C)O1,,296.07516536799994,False,[]
11170,C[Si]1(C)O[Si](C)(C)O[Si](C)(C)O[Si](C)(C)O[Si](C)(C)O[Si](C)(C)O[Si](C)(C)O[Si](C)(C)O1,,592.150330736,False,[]
11171,C[Si](C)(C)O[Si](C)(C)O[Si](C)(C)O[Si](C)(C)O[Si](C)(C)O[Si](C)(C)O[Si](C)(C)O[Si](C)(C)C,,606.2023663079999,False,[]
11172,C[Si]1(C)O[Si](C)(C)O[Si](C)(C)O[Si](C)(C)O[Si](C)(C)O[Si](C)(C)O[Si](C)(C)O[Si](C)(C)O[Si](C)(C)O1,,666.1691220780001,False,[]
11177,CCCCCCCCCCCCCCCCCC(=O)[O-].CCCCCCCCCCCCCCCCCC(=O)[O-].[Mg+2],,590.5124524199999,False,[]
11178,CCCCCCCCCCCCCCCCCC(=O)[O-].CCCCCCCCCCCCCCCCCC(=O)[O-].[Zn+2],,630.4565529199999,False,[]
11179,C=CCCCCCCCCC(=O)[O-].C=CCCCCCCCCC(=O)[O-].[Zn+2],,430.20615189599994,False,[]
11180,CCCCCCCC(=O)[O-].CCCCCCCC(=O)[O-].[Zn+2],,350.14355164,False,[]
11188,CCCC(=O)OCC(O)CO,,162.089208928,False,[]
11189,CCC(=O)[O-].CCC(=O)[O-].[Zn+2],,209.987051,False,[]
11192,CC(=O)[O-].CC(=O)[O-].[Zn+2],,181.955750872,False,[]
11193,CCCCCCC(C)I,,240.037498544,False,[]
11195,O=C[O-].O=C[O-].[Zn+2],,153.924450744,False,[]
11197,CCCCCCCCCCCCCCCCCCCCCCCC(=O)O,,368.3654307759999,False,[]
11201,CC(Br)Br,,185.867974328,False,[]
11205,BrC(Br)(Br)Br,,327.6733484,False,[]
11206,CC(C)(C)I,,183.974898288,False,[]
11209,C[N+](C)(C)C.F[P-](F)(F)(F)(F)F,,219.06115533399998,False,[]
11211,C=CC(=O)OCC(F)(F)C(F)(F)C(F)(F)C(F)(F)C(F)(F)C(F)(F)F,,404.00819626000003,False,[]
11212,FC1=C(F)C(F)(F)C(F)(F)C1(F)F,,211.98722576,False,[]
11213,CC1C[C@@]23[C@@H]4CCCN2C[C@H]2O[C@H]2[C@@]13[C@@H]1C[C@H]4OC1=O,,275.152143532,False,[]
11214,COC1C[C@@H](O[C@H]2CC[C@]3(C)C4C(=O)[C@@H](O)[C@]5(C)[C@@H](C6=CC(=O)OC6)CC[C@]5(O)C4CC[C@@H]3C2)OC(C)[C@H]1O,,548.2985329879999,False,[]
11217,CCC(C)C(=O)O[C@H]1CC[C@@]2(C)C3CC(OC(C)=O)C4[C@@]5(O)C(C[C@@]42O[C@@]31O)C1CN2C[C@@H](C)CC[C@H]2[C@@](C)(O)C1C(O)[C@@H]5OC(=O)C(C)(O)CC,,735.4193763920001,False,[]
11218,COC1C(O)[C@H](O[C@H]2CC[C@]3(C=O)C4CC[C@]5(C)[C@@H](C6=CC(=O)OC6)CC[C@]5(O)C4CC[C@]3(O)C2)OC(CO[C@@H]2C(O)C[C@@H](O)OC2C)[C@H]1O,,710.351356408,False,[]
11219,C[C@]12CCC3C(CC[C@]4(O)C[C@@H](O)CC[C@]34CO)[C@@]1(O)CC[C@@H]2C1=CC(=O)OC1,,406.23553880799994,False,[]
11220,O=[N+]([O-])C(Br)([N+](=O)[O-])[N+](=O)[O-],,228.89704682,False,[]
11222,C[C@]12CCC(=O)C=C1CC[C@@H]1[C@@H]2[C@@H](O)C[C@]2(CO)[C@@H](C(=O)CO)CC[C@@H]12,,362.20932406,False,[]
11223,CN(C)CCOC(C)(c1ccccc1)c1ccc(Cl)cc1.Cl,,339.115669716,False,[]
11224,CN(C)CCOC(C)(c1ccccc1)c1ccccn1.O=C(O)CCC(=O)O,,388.1998219959999,False,[]
11225,C[C@]12CCC3C(CC[C@]4(O)C[C@@H](O)CC[C@]34C=O)[C@]13O[C@@H]3C[C@@H]2c1ccc(=O)oc1,,414.20423867999995,False,[]
11226,CCOC(=O)C1(c2ccccc2)CCN(CCC(O)c2ccccc2)CC1,,367.214743788,False,[]
11227,CCOP(OCC)[N+](CC)(CC)P(=O)([O-])OC,,287.10514609600006,False,[]
11228,CCOP(OCC)[N+](CC)(CC)P(=O)(O)OC,,288.11242254808997,False,[]
11230,CC1=CCC(O)(C(C)C)CC1,,154.135765196,False,[]
11231,C#CC1(OC(=O)NC(N)=O)CCCCC1,,210.100442308,False,[]
11232,Cc1cccc(OP(=O)(Oc2cccc(C)c2)Oc2cccc(C)c2)c1,,368.11774578200004,False,[]
11234,C[N+](C)(C)CCOP(=O)([O-])OCC(O)CO,,257.10282399,False,[]
11235,CCC[CH2][Sn]([F])([F])[CH2]CCC,,272.039851716,False,[]
11246,CC(=O)[O-].[Ag+],,165.91840133600002,False,[]
11247,CC(=O)[O-].[Tl+],,263.987731836,False,[]
11253,CC(Br)[N+](=O)[O-],,152.942540468,False,[]
11257,CC(=O)Nc1ccc(S(=O)(=O)c2ccc(N)cc2)cc1,,290.072513308,False,[]
11258,CC1(c2ccc(F)cc2)SCCS1,,214.028620572,False,[]
11259,Cc1ccc(S(=O)(=O)NC(=O)NC2CCCCC2)cc1N,,311.13036253200005,False,[]
11268,CC(C)C(Br)C(=O)O,,179.978591628,False,[]
11272,CC12CC(=O)C3C(CCC4CC(O)CCC43C)C1CCC2C(=O)CO,,348.23005950399994,False,[]
11273,C[C@]12CCC(=O)C(O)=C1CC[C@@H]1[C@@H]2CC[C@]2(C)C(=O)CC[C@@H]12,,302.18819469199997,False,[]
11274,C[C@]12C[C@@H](CO)C(=O)C[C@@H]1CC[C@@H]1[C@@H]2CC[C@]2(C)[C@@H](O)CC[C@@H]12,,320.23514488399996,False,[]
11275,C[C@]12CC(CO)=CC[C@@H]1CC[C@@H]1[C@@H]2CC[C@]2(C)[C@@H](O)CC[C@@H]12,,304.240230264,False,[]
11276,CC(=O)OCC(=O)C1CCC2C3CC=C4CC(O)CCC4(C)C3CCC12C,,374.245709568,False,[]
11277,O=S(=O)(O)c1ccc2ccccc2c1O,,224.014329736,False,[]
11278,O=S(=O)(O)c1c(O)ccc2ccccc12,,224.014329736,False,[]
11279,Cc1cccc(O)c1C(=O)O,,152.047344116,False,[]
11280,CC(C)CCCC(C)C1CCC2C3C(=O)C=C4C=CCCC4(C)C3CCC12C,,382.323565964,False,[]
11281,COc1cc2c3c(c1O)-c1c(cccc1OC)C[C@@H]3N(C)CC2,,311.152143532,False,[]
11282,COc1ccc(C(CN(C)C)=C(c2ccc(OC)cc2)c2ccc(OC)cc2)cc1.Cl,,439.1914215,False,[]
11283,COc1ccc(C(CN(C)C)=C(c2ccc(OC)cc2)c2ccc(OC)cc2)cc1,,403.214743788,False,[]
11284,Cc1c2ccccc2c(CO)c2c1ccc1ccccc12,,272.120115132,False,[]
11285,Cc1c2ccccc2c(CO)c2ccc3ccccc3c12,,272.120115132,False,[]
11286,COc1nc2c(c(=O)n(C)c(=O)n2C)n1C,,224.090940244,False,[]
11287,Cc1cccc2cccc(C)c12,,156.093900384,False,[]
11288,O=C(O)c1cccc(C(=O)O)c1C(=O)O,,210.01643791200001,False,[]
11289,COc1ccc(C(Cl)=C(c2ccc(OC)cc2)c2ccc(OC)cc2)cc1,,380.117922212,False,[]
11290,CN1CCC2=C(C1)C(c1ccccc1)c1ccccc12.O=C(O)[C@H](O)[C@@H](O)C(=O)O,,411.1681875199999,False,[]
11291,CN1CCC2=C(C1)C(c1ccccc1)c1ccccc12,,261.151749608,False,[]
11292,Cl.[H]N=C1C=CC(=C(c2ccc(N)cc2)c2ccc(N)cc2)C=C1,,323.118925256,False,[]
11293,[H]N=C1C=CC(=C(c2ccc(N)cc2)c2ccc(N)cc2)C=C1,,287.14224754400004,False,[]
11294,CN(C)c1ccc(C(=C2C=CC(=[N+](C)C)C=C2)c2ccccc2)cc1.[Cl-],,364.17062648,False,[]
11295,CN(C)c1ccc(C(=C2C=CC(=[N+](C)C)C=C2)c2ccccc2)cc1,,329.20122522009,False,[]
11296,O=c1cc2cccc(O)c2c(O)c(O)c1O,,220.037173356,False,[]
11297,NCCc1c[nH]c2cccc(O)c12,,176.094963004,False,[]
11298,Cc1cccc([N+](=O)[O-])c1N,,152.058577496,False,[]
11300,CC(C)CCCC(C)C1CCC2C3CC=C4CCCCC4(C)C3CCC12C,,370.359951472,False,[]
11301,CC12CCC3C(CCC4CC(O)CCC43C)C1CCC2O,,292.240230264,False,[]
11302,C[C@]12CCC(=O)C[C@H]1CC[C@@H]1[C@@H]2CC[C@]2(C)[C@@H](O)CC[C@@H]12,,290.2245802,False,[]
11303,CC12CCC3C(CC[C@H]4C[C@@H](O)CCC34C)C1CCC2=O,,290.2245802,False,[]
11304,Cc1ccc(C)c2ccccc12,,156.093900384,False,[]
11305,Oc1ccc(O)c2ccccc12,,160.052429496,False,[]
11306,Cc1cccc2c(C)cccc12,,156.093900384,False,[]
11307,CCOP(=S)(OCC)Oc1ccc2c3c(c(=O)oc2c1)CCCC3,,368.084731402,False,[]
11308,COc1ccc(C(=O)O)c(OC)c1OC,,212.068473484,False,[]
11309,Brc1cc2ccccc2c2ccccc12,,255.988762388,False,[]
11310,CC(=O)Oc1cc(C)c(OC(C)=O)c2ccccc12,,258.089208928,False,[]
11311,Cn1c(=O)c2[nH]cnc2n(C)c1=O.NCCO,,241.11748934,False,[]
11312,O=[N+]([O-])c1cccc([N+](=O)[O-])c1O,,184.012021228,False,[]
11313,Nc1c(/N=N/c2ccc(-c3ccc(/N=N/c4cc(S(=O)(=O)[O-])c5ccccc5c4N)cc3)cc2)cc(S(=O)(=O)[O-])c2ccccc12.[Na+].[Na+],,696.0837629840001,False,[]
11314,Nc1c(/N=N/c2ccc(-c3ccc(/N=N/c4cc(S(=O)(=O)O)c5ccccc5c4N)cc3)cc2)cc(S(=O)(=O)O)c2ccccc12,,652.119874488,False,[]
11315,O=S(=O)(O)c1ccc(/N=N/c2c(O)ccc3ccccc23)cc1,,328.051777864,False,[]
11316,Oc1ccc2ccccc2c1Br,,221.968026944,False,[]
11317,Cc1ccc2ccccc2c1C,,156.093900384,False,[]
11318,Oc1ccc2ccccc2c1O,,160.052429496,False,[]
11319,C=CC1CN2CCC1CC2[C@H](O)c1ccnc2ccccc12.O=C(O)c1ccccc1O,,432.2049073759999,False,[]
11320,C=CC1CN2CCC1CC2[C@H](O)c1ccnc2ccccc12,,294.17321332399996,False,[]
11321,CC(=O)N1C(=O)C(=O)c2ccccc21,,189.042593084,False,[]
11323,c1ccc(C(OC(c2ccccc2)c2ccccc2)c2ccccc2)cc1,,350.167065324,False,[]
11324,ON=C(c1ccccc1)c1ccccc1,,197.084063972,False,[]
11325,O=C1c2ccccc2C(=O)N1CCBr,,252.973840596,False,[]
11326,Cc1ccc2cccc(C)c2c1,,156.093900384,False,[]
11327,Cc1cc(C)c2ccccc2c1,,156.093900384,False,[]
11328,Cc1ccc2c(C)cccc2c1,,156.093900384,False,[]
11329,C=CCSCC(=O)NC1C(=O)N2C1SC(C)(C)C2C(=O)O.CCN(CC)CCOC(=O)c1ccc(N)cc1Cl,,600.184304584,False,[]
11330,C=CCSCC(=O)NC1C(=O)N2C1SC(C)(C)C2C(=O)O,,330.07079905599994,False,[]
11331,O=C(O)COc1c(Cl)cc(Cl)cc1Cl,,253.93042705999997,False,[]
11332,O=C(O)COc1c(Cl)cccc1Cl,,219.96939941199997,False,[]
11333,OC[C@H]1O[C@@H](O[C@@H]2[C@@H](CO)O[C@](O)(CO)[C@H]2O)[C@H](O)[C@@H](O)[C@H]1O,,342.11621152399994,False,[]
11334,Oc1cccc(Cl)c1Cl,,161.963920108,False,[]
11336,Cc1c(O)c(Br)c(Br)c(Br)c1Br,,419.69956314800004,False,[]
11337,OC(CNCCCl)C(O)C(O)C(O)CNCCCl,,304.095662544,False,[]
11339,CCCCC(CC)COC(=O)CC(C(=O)OCC(CC)CCCC)S(=O)(=O)O,,422.23382455599995,False,[]
11341,O=[N+]([O-])c1ccccc1Br,,200.942540468,False,[]
11342,Oc1ccc2c(O)c3ccccc3cc2c1O,,226.06299418,False,[]
11344,CCCCOC(=O)c1ccc(N)cc1.O=[N+]([O-])c1cc([N+](=O)[O-])c(O)c([N+](=O)[O-])c1,,422.1073781559999,False,[]
11345,CC(C)c1ccccc1C(C)C,,162.140850576,False,[]
11346,CC(=O)c1ccccc1[N+](=O)[O-],,165.042593084,False,[]
11347,CCOc1nc2c(c(=O)n(C)c(=O)n2C)n1C,,238.106590308,False,[]
11348,O=[N+]([O-])c1ccc(O)cc1[N+](=O)[O-],,184.012021228,False,[]
11349,O=c1c(O)c(-c2ccccc2)oc2ccccc12,,238.06299418,False,[]
11350,O=C(O)C(Cc1cc(I)c(O)c(I)c1)c1ccccc1,,493.88759024399997,False,[]
11351,CC(C)(C)c1ccc(O)c(-c2ccccc2)c1,,226.135765196,False,[]
11352,Nc1cccc2nc3ccccc3cc12,,194.08439832,False,[]
11353,Nc1cccc2cc3ccccc3nc12,,194.08439832,False,[]
11354,CN(C)c1cc(F)c(/N=N/c2cc(F)ccc2F)cc1F,,297.08891023200005,False,[]
11356,Cc1ccc([N+](=O)[O-])c(N)c1,,152.058577496,False,[]
11358,COc1ccccc1Br,,185.968026944,False,[]
11362,Cl[As]1c2ccccc2Nc2ccccc21,,276.963948468,False,[]
11365,CC(=O)N(Cl)c1ccccc1,,169.029441556,False,[]
11366,COc1cc(C=C2CCCC(=Cc3ccc(O)c(OC)c3)C2=O)ccc1O,,366.1467238039999,False,[]
11367,CN(C(=O)C(Cl)Cl)c1ccc(O)cc1,,233.001033888,False,[]
11368,CC(COc1ccccc1)NC(C)C(O)c1ccc(O)cc1.Cl,,337.144471308,False,[]
11370,COc1ccccc1C(=O)O,,152.047344116,False,[]
11371,O=C(O)c1ccccc1Nc1ccccc1C(=O)O,,257.068807832,False,[]
11372,Brc1ccc2ccccc2c1,,205.973112324,False,[]
11380,CCN(CC)c1nc(Cl)nc(N(CC)CC)n1,,257.14072332,False,[]
11381,Oc1cccc(-c2ccccc2)c1,,170.07316494,False,[]
11382,[C-]#[N+]C(=Cc1ccc(O)cc1)C(=Cc1ccc(O)cc1)[N+]#[C-],,288.089877624,False,[]
11383,CCOc1ccccc1NC(C)=O,,179.094628656,False,[]
11384,Nc1ccc2nc3ccccc3cc2c1,,194.08439832,False,[]
11385,Nc1ccc2cc3ccccc3nc2c1,,194.08439832,False,[]
11386,Cc1cc2ccccc2cc1C,,156.093900384,False,[]
11387,Cc1ccc2cc(C)ccc2c1,,156.093900384,False,[]
11388,C1=CC[C@@H](c2cccnc2)NC1,,160.100048384,False,[]
11389,c1ccc(-c2cccnc2)nc1,,156.068748256,False,[]
11390,O=S(=O)(O)c1ccc2cc(S(=O)(=O)O)ccc2c1,,287.976229976,False,[]
11391,O=S(=O)(O)O.[H]/N=C(\N)N1CCc2ccccc2C1.[H]/N=C(\N)N1CCc2ccccc2C1,,448.18927437600007,False,[]
11392,O=[N+]([O-])c1ccc2ccccc2c1,,173.047678464,False,[]
11393,O=C(O)Cc1ccc2ccccc2c1,,186.06807956,False,[]
11394,CC(=O)Nc1ccc2ccccc2c1,,185.084063972,False,[]
11395,c1ccc2cc(/N=N/c3ccc4ccccc4c3)ccc2c1,,282.115698448,False,[]
11396,Cc1ccc2ccc(C)cc2c1,,156.093900384,False,[]
11397,Oc1ccc2ccc(O)cc2c1,,160.052429496,False,[]
11400,CCOC(=O)c1cccc(N)c1,,165.078978592,False,[]
11401,Br.CC(C)(C)NCC(O)c1cccc(F)c1,,291.06340454800005,False,[]
11402,CC(C)(C)NCC(O)c1cccc(F)c1,,211.137242416,False,[]
11403,Br.CCCCNCC(O)c1cccc(F)c1,,291.06340454800005,False,[]
11404,CCCCNCC(O)c1cccc(F)c1,,211.137242416,False,[]
11405,CNC(C)Cc1ccccc1O,,165.1153641,False,[]
11406,C=CCOC(=O)c1ccccc1,,162.06807956,False,[]
11407,O=C([O-])c1ccccc1.O=C([O-])c1ccccc1.[Hg+2],,444.0285518,False,[]
11408,O=C(OCCCCCF)c1ccccc1,,210.10560794,False,[]
11409,CCCCOC(=O)c1ccco1,,168.078644244,False,[]
11413,O=C([O-])C(=O)[O-].[K+].[K+],,165.90707184000001,False,[]
11414,Brc1ccccc1Br,,233.867974328,False,[]
11415,Brc1ccccc1I,,281.85411022799997,False,[]
11422,Cc1ccc(N)c(Br)c1,,184.984011356,False,[]
11423,Cc1cc(Br)ccc1N,,184.984011356,False,[]
11425,CCCCCCCCC(I)=C(I)CCCCCCCCCCCC(=O)OCC,,618.143076648,False,[]
11426,CCOC(=O)C(N)CSSCC(N)C(=O)OCC,,296.08644912,False,[]
11427,CSCCC(O)C(=O)O,,150.03506518,False,[]
11431,O=C([O-])[O-].[Rb+].[Rb+],,229.80832334000002,False,[]
11433,CC(=O)O.CC(C)(C)CC(C)(C)c1ccc(O)[c]([Hg])c1,,467.15101266,False,[]
11434,CC(C)(C)CC(C)(C)c1ccc(O)[c]([Hg])c1,,407.12988329200005,False,[]
11437,O=C(O)c1cc(/N=N/c2cccc([N+](=O)[O-])c2)ccc1O,,287.05422038800003,False,[]
11438,O=C1CCC([O-])=N1.O=C1CCC([O-])=N1.[Hg+2],,398.019049736,False,[]
11440,Cc1cc(O)c(C(C)C)cc1C(=O)O,,194.094294308,False,[]
11441,O=[N+]([O-])c1ccc(Br)c([N+](=O)[O-])c1,,245.927618676,False,[]
11442,C=CCC1=C(C)C(OC(=O)C2C(C=C(C)C)C2(C)C)CC1=O,,302.18819469199997,False,[]
11443,Cc1ccc(N=C=O)cc1N=C=O,,174.042927432,False,[]
11444,Cn1cncc1CC(NC(=O)CCN)C(=O)O,,240.122240372,False,[]
11445,Cc1ccccc1/N=N/c1ccccc1C,,210.115698448,False,[]
11446,CCCC(Br)C(=O)O,,179.978591628,False,[]
11450,CC(C)(C)c1cccc(O)c1,,150.104465068,False,[]
11451,O=S(=O)(O)c1cccc(O)c1,,173.998679672,False,[]
11453,CC(=O)Nc1cccc([As](=O)(O)O)c1,,258.98257930000005,False,[]
11454,CC(Br)c1ccccc1,,183.988762388,False,[]
11456,O=C(O)c1cccc(Br)c1,,199.9472915,False,[]
11457,O=[N+]([O-])c1cccc(Br)c1,,200.942540468,False,[]
11458,OC[C@H]1O[C@H](OC[C@H]2O[C@@H](O)[C@H](O)[C@@H](O)[C@@H]2O)[C@H](O)[C@@H](O)[C@H]1O,,342.11621152399994,False,[]
11459,O=[N+]([O-])c1cc(O)cc([N+](=O)[O-])c1,,184.012021228,False,[]
11460,COc1cccc(C(C)=O)c1,,150.06807956,False,[]
11461,COc1cccc(C(=O)O)c1,,152.047344116,False,[]
11462,CC(C)c1ccc(Br)cc1,,198.004412452,False,[]
11464,O=C(O)c1ccc(Br)cc1,,199.9472915,False,[]
11465,CN(C)c1ccc(Br)cc1,,198.99966142,False,[]
11466,O=[N+]([O-])c1ccc(Br)cc1,,200.942540468,False,[]
11467,CC(C)=C1CCC(C)(O)CC1,,154.135765196,False,[]
11468,CC(C)C1=CCC(C)(O)CC1,,154.135765196,False,[]
11469,COCc1ccc([N+](=O)[O-])o1,,157.037507704,False,[]
11470,CC(=O)c1ccc(C(=O)O)cc1,,164.047344116,False,[]
11471,O=C(O)c1ccc(/N=N/c2ccc(C(=O)O)cc2)cc1,,270.0640568,False,[]
11478,C1N2CN3CN1CN(C2)C3.O=C(O)C(O)c1ccccc1,,292.15354049999996,False,[]
11479,NC(C(=O)O)[C@H](O)c1ccccc1,,181.073893212,False,[]
11480,CN(C)C(=O)Nc1cccc(Cl)c1,,198.055990652,False,[]
11481,CN(C)C(=O)Oc1ccc[n+](Cc2ccccc2)c1.[Br-],,336.047339884,False,[]
11482,CN(C)C(=O)Oc1ccc[n+](Cc2ccccc2)c1,,257.12845420409,False,[]
11483,O=C(Nc1cccc(Cl)c1)OCCCl,,233.001033888,False,[]
11484,O=C(O)COc1cc(Cl)cc(Cl)c1,,219.96939941199997,False,[]
11485,O=C(CCl)Nc1ccccc1,,169.029441556,False,[]
11486,O=S(=O)(O)O.c1ccc(Nc2ccccc2)cc1,,267.05652889600003,False,[]
11487,c1ccc(Nc2ccccc2)cc1,,169.089149352,False,[]
11488,c1cc[c]([Hg][c]2ccccc2)cc1,,356.04889332,False,[]
11490,O=S(=O)(O)c1cccc(/N=N/c2ccc(Nc3ccccc3)cc2)c1,,353.08341234000005,False,[]
11491,Cc1cccc(/N=N/c2cccc(C)c2)c1,,210.115698448,False,[]
11493,CC(=O)Nc1cccc(Cl)c1,,169.029441556,False,[]
11494,COc1cccc(NC(C)=O)c1,,165.078978592,False,[]
11495,O=C(O)COc1ccc(Cl)c(Cl)c1,,219.96939941199997,False,[]
11496,O=C(O)C=Cc1cccc(O)c1,,164.047344116,False,[]
11497,O=C(O)COc1cccc(Cl)c1,,186.00837176399997,False,[]
11498,O=P(O)(O)O.O=P(O)(O)O.O=[N+]([O-])OCCN(CCO[N+](=O)[O-])CCO[N+](=O)[O-],,480.0142183759999,False,[]
11499,O=[N+]([O-])OCCN(CCO[N+](=O)[O-])CCO[N+](=O)[O-],,284.060427964,False,[]
11501,Oc1ccc(/N=C/c2ccccc2)cc1,,197.084063972,False,[]
11502,C(=Cc1ccccc1)c1ccccc1,,180.093900384,False,[]
11514,CC(C)COC(=O)CC(C)C,,158.130679816,False,[]
11517,CCCCCCCC(=O)OCCCC,,200.177630008,False,[]
11518,CCOC(=O)CCCCCF,,162.10560794,False,[]
11522,Brc1ccc(I)cc1,,281.85411022799997,False,[]
11530,CCCCOC(=O)CCl,,150.044757272,False,[]
11537,IC=CI,,279.824596064,False,[]
11540,COC=CC[N+](C)(C)C.[Br-],,209.041526232,False,[]
11545,C[N+](C)(C)CC(=O)O.[Cl-],,153.055656304,False,[]
11547,CCOP(OCC)OP(=O)(OC)N(C)C,,259.073845968,False,[]
11548,CC(C[N+](C)(C)C)OC(N)=O.[Cl-],,196.097855464,False,[]
11553,O=C(O)CCBr,,151.9472915,False,[]
11555,NC(=O)N=C(N)N.NC(=O)N=C(N)N.O=S(=O)(O)O,,302.07570116799997,False,[]
11560,Cc1cccc(Br)c1,,169.973112324,False,[]
11561,Brc1cccc(I)c1,,281.85411022799997,False,[]
11562,Nc1cccc(Br)c1,,170.968361292,False,[]
11563,Oc1cccc(Br)c1,,171.95237688,False,[]
11570,CCOc1cccc(NC(C)=O)c1,,179.094628656,False,[]
11571,Oc1cc(Cl)cc(Cl)c1,,161.963920108,False,[]
11575,Ic1ccccc1,,203.94359816,False,[]
11576,CCCCOC(=O)CC(C)=O,,158.094294308,False,[]
11578,CC(=O)CCC(=O)[O-].CC(=O)CCC(=O)[O-].[Ca+2],,270.041629148,False,[]
11580,O=C(CCCCCF)OCCF,,180.096186128,False,[]
11581,O=C(CCCCCCCCCF)OCCF,,236.158786384,False,[]
11585,N#[C][Hg-2]([C]#N)([C]#N)[C]#N.[K+].[K+],,383.9103523600001,False,[]
11586,N#[C][Hg-2]([C]#N)([C]#N)[C]#N,,305.98403615982005,False,[]
11591,N#[C][Hg][C]#N,,253.976791,False,[]
11607,CC(C)CSCC(C)C.O,,164.12348626,False,[]
11609,CCCCCCOC(=O)NO,,161.10519334,False,[]
11615,N#C[S-].N#C[S-].[Hg+2],,317.920933,False,[]
11616,N#C[S-].N#C[S-].[Pb+2],,323.9269421,False,[]
11620,CS(=O)C=CCCN=C=S,,175.012555908,False,[]
11622,CCCCCCCCCCCC(C)=O,,198.198365452,False,[]
11623,CC(=O)CCCCCCCCCCF,,202.173293576,False,[]
11624,O=C(O)CCCCCCCCCCCF,,218.168208196,False,[]
11625,FCCCCCCCCBr,,210.041940832,False,[]
11626,FCCCCCCCCCl,,166.092456412,False,[]
11627,FCCCCCCCCF,,150.122006952,False,[]
11630,CCCCOCCOCCF,,164.121258004,False,[]
11631,FCCCCOCCCCCl,,182.087371032,False,[]
11632,FCCCCOCCCCF,,166.116921572,False,[]
11634,CCCCCCCCCCCC=CCCCCC(=O)O,,282.255880328,False,[]
11635,CCCCCCCCCCCCCCCCCC,,254.297351216,False,[]
11636,CCCCCCCCCCCCCCCCCCCCCCCCCCC,,380.438201792,False,[]
11644,ClCI,,175.888975744,False,[]
11645,[CH3][Hg][CH3],,232.017593192,False,[]
11650,O=C(O)O.[H]N=C(N)N.[H]N=C(N)N,,180.09708824399996,False,[]
11651,[CH3][Bi]([CH3])[CH3],,254.050823988,False,[]
11652,C=C(Br)Br,,183.852324264,False,[]
11653,BrC(Br)I,,297.748972232,False,[]
11655,ClC(Cl)I,,209.850003392,False,[]
11656,[CH3][Sb]([CH3])[CH3],,165.974240988,False,[]
11658,CC(C)(Br)Br,,199.883624392,False,[]
11659,ClC(Cl)(Br)Br,,239.77437956,False,[]
11661,[CH3][Sn]([CH3])([CH3])[CH3],,179.996095084,False,[]
11662,[Cl][Sb]([Cl])([c]1ccccc1)([c]1ccccc1)[c]1ccccc1,,421.95889654,False,[]
11663,CC(C)C(Br)Br,,213.899274456,False,[]
11665,CCC(C)(C)I,,197.990548352,False,[]
11666,ClSC(Cl)(Cl)Cl,,183.84748172,False,[]
11677,ClC(Cl)C(Cl)(Cl)C(Cl)(Cl)Cl,,281.789793792,False,[]
11678,ClC(Cl)(Cl)C(Cl)(Cl)C(Cl)(Cl)Cl,,315.75082144,False,[]
11679,FC(F)(F)C(F)(F)C(F)(C(F)(F)F)C(F)(F)F,,287.98083864,False,[]
11680,COC1C(O)[C@H](O[C@H]2CC[C@]3(C)C4CC[C@]5(C)[C@@H](C6=CC(=O)OC6)C(O)C[C@]5(O)C4CC[C@@H]3C2)OC(C)[C@@H]1O,,550.3141830519999,False,[]
11681,CC1CC(=O)C(C)([N+]2(C)CCCCC2)C[N+]1(C)C.[I-].[I-],,508.04475958,False,[]
11682,CC1CC(=O)C(C)([N+]2(C)CCCCC2)C[N+]1(C)C,,254.23471642017998,False,[]
11683,CC(=O)O[C@]1(C(C)=O)CC[C@H]2[C@@H]3C=C(C)C4=CC(=O)CC[C@]4(C)[C@H]3CC[C@@]21C,,384.230059504,False,[]
11687,CC(=O)[C@@]1(O)[C@H](O)C[C@H]2[C@@H]3CCC4=CC(=O)CC[C@]4(C)[C@H]3CC[C@@]21C,,346.21440944,False,[]
11688,CC([N+](=O)[O-])([N+](=O)[O-])[N+](=O)[O-],,165.002184816,False,[]
11689,O=C1OC2(c3ccccc31)c1ccc(O)c(Br)c1Oc1c2ccc(O)c1Br,,487.88949762,False,[]
11690,CO[C@H]1C=CC2=CC[NH+]3CCC4=C(CC(=O)OC4)[C@]23C1.[Cl-],,309.11317118,False,[]
11692,BrC(c1ccccc1)(c1ccccc1)c1ccccc1,,322.03571258000005,False,[]
11693,C[N+]1(C)CCC(OC(=O)C(O)(c2ccccc2)C2CCCC2)C1.[Br-],,397.125255856,False,[]
11694,CC1CC(=O)C(C)([NH+]2CCCCC2)C[NH+]1C.[Cl-].[Cl-],,296.142218812,False,[]
11695,CC1CC(=O)C(C)(N2CCCCC2)CN1C,,224.188863388,False,[]
11697,CCN(CC)P(=O)(OC)OP(=O)(OC)OC,,275.068760588,False,[]
11698,COP(=O)(OC)N1CCOCC1,,195.06604455800002,False,[]
11700,COP(=O)(OC)OP(=O)(OC)N(C)C,,247.03746046,False,[]
11703,C[CH2][Ge]([CH2]C)([CH2]C)[CH2]C,,190.07767844,False,[]
11704,C[CH2][Sn]([CH2]C)([CH2]C)[CH2]C,,236.05869533999999,False,[]
11705,CCOP(=O)(Oc1ccc([N+](=O)[O-])cc1)SCC,,291.033030178,False,[]
11706,CC[N+](C)(CC)CCCCCCCCCC[N+](C)(CC)CC.[I-].[I-],,568.175045472,False,[]
11707,CC[N+](C)(CC)CCCCCCCCCC[N+](C)(CC)CC,,314.36500231217997,False,[]
11709,CCCS(=O)(=O)CCC,,150.071450688,False,[]
11711,CC[As](Cl)Cl,,173.89842702,False,[]
11712,BrC=C(Br)Br,,261.762836332,False,[]
11727,O=C([O-])[O-].[Pb+2],,267.96139596,False,[]
11728,CN(C)C(=S)[S-].C[NH2+]C,,166.059840448,False,[]
11729,CC(Br)C(=O)O,,151.9472915,False,[]
11730,FC(F)=C(F)Br,,159.91354676,False,[]
11739,COC(=O)C(Cl)(Cl)Cl,,175.919862376,False,[]
11740,C=C1CC2C3CCC4=CC(=O)C=CC4(C)C3C(O)CC2(C)C1(O)C(=O)CO,,372.1936739959999,False,[]
11741,Nc1cccc(S(=O)(=O)c2cccc(N)c2)c1,,248.061948624,False,[]
11742,CC(C)(c1ccccc1)c1ccc(O)cc1,,212.120115132,False,[]
11743,Cc1ccc(S(=O)(=O)N(C)C)cc1,,199.066699656,False,[]
11744,CC(=O)OCC(Br)(Br)Br,,321.78396570000007,False,[]
11745,CCOC(=O)C(C)(C)Br,,193.994241692,False,[]
11746,O=C(O)C(Br)CBr,,229.857803568,False,[]
11753,C[C@]12CC(C=O)=CC[C@@H]1CC[C@@H]1[C@@H]2CC[C@]2(C)[C@@H](O)CC[C@@H]12,,302.2245802,False,[]
11754,CC(C)CCCC(C)C1CCC2C3CC=C4CC(=O)CCC4(C)C3CCC12C,,384.339216028,False,[]
11755,CC12CCC3C4CCC(=O)C=C4CCC3C1CCC2OC(=O)CCC1CCCC1,,398.28209507599996,False,[]
11759,O=[N+]([O-])c1c(Cl)cccc1Cl,,190.954083696,False,[]
11760,O=[N+]([O-])c1c(O)cccc1O,,155.02185764,False,[]
11761,Cc1cccc([N+](=O)[O-])c1[N+](=O)[O-],,182.032756672,False,[]
11762,Oc1ccc2ccccc2c1-c1c(O)ccc2ccccc12,,286.099379688,False,[]
11763,Cc1ccc([N+](=O)[O-])c([N+](=O)[O-])c1[N+](=O)[O-],,227.01783488,False,[]
11764,O=[N+]([O-])c1cccc2cccc([N+](=O)[O-])c12,,218.032756672,False,[]
11765,CC[n+]1c(-c2ccccc2)c2cc(N)ccc2c2ccc(N)cc21.[Cl-],,349.13457532,False,[]
11766,c1ccc(-c2c3ccccc3cc3ccccc23)cc1,,254.109550448,False,[]
11767,O=[N+]([O-])c1c2ccccc2cc2ccccc12,,223.063328528,False,[]
11768,O=C1c2ccccc2C(=O)c2c1cc(O)c(O)c2O,,256.03717335600004,False,[]
11769,O=[N+]([O-])c1ccc2c3c(cccc13)CC2,,199.063328528,False,[]
11770,O=C(O)c1c(F)c(F)c(F)c(F)c1F,,211.989670372,False,[]
11771,Cc1c([N+](=O)[O-])c(C)c([N+](=O)[O-])c(C)c1[N+](=O)[O-],,255.049135008,False,[]
11772,Cc1c([N+](=O)[O-])cc([N+](=O)[O-])c(O)c1[N+](=O)[O-],,243.0127495,False,[]
11773,c1ccc([As](c2ccccc2)c2ccccc2)cc1,,306.03897198000004,False,[]
11774,c1cc[c]([Bi]([c]2ccccc2)[c]2ccccc2)cc1,,440.09777418000004,False,[]
11775,c1ccc(N(c2ccccc2)c2ccccc2)cc1,,245.12044948,False,[]
11776,c1ccc(P(c2ccccc2)c2ccccc2)cc1,,262.09113711000003,False,[]
11777,c1cc[c]([Sb]([c]2ccccc2)[c]2ccccc2)cc1,,352.02119118,False,[]
11778,N/C(=N\c1ccccc1)N(c1ccccc1)c1ccccc1,,287.14224754400004,False,[]
11779,O=C1NC(=O)c2c1cccc2[N+](=O)[O-],,192.017106608,False,[]
11780,Cc1cc(=O)n(-c2ccc(Br)cc2)n1C,,266.005475072,False,[]
11782,Cc1cccc(C(=O)O)c1C,,150.06807956,False,[]
11783,Cc1c(N)cccc1[N+](=O)[O-],,152.058577496,False,[]
11784,O=[N+]([O-])c1cccc(Cl)c1O,,172.987970668,False,[]
11785,CC(C)CCCC(C)C1CCC2C3CC=C4CC(OC(=O)c5ccccc5)CCC4(C)C3CCC12C,,490.38108084,False,[]
11786,CC(=O)O[C@H]1CCC2(C)C(=CCC3[C@@H]2CCC2(C)[C@@H](C(C)CCCC(C)C)CC[C@@H]32)C1,,428.365430776,False,[]
11787,Oc1ccc(Cl)c2ccccc12,,178.018542524,False,[]
11788,Cn1c(=O)[nH]c(=O)c2ccccc21,,176.058577496,False,[]
11789,c1ccc2c(-c3cccc4ccccc34)cccc2c1,,254.109550448,False,[]
11790,O=c1cc(-c2ccccc2)oc2c1ccc1ccccc12,,272.083729624,False,[]
11791,CCc1c(CC)c(CC)c(CC)c(CC)c1CC,,246.23475095999999,False,[]
11792,CCC(c1ccc([N+](C)(C)C)cc1)C(CC)c1ccc([N+](C)(C)C)cc1.[I-].[I-],,608.112445216,False,[]
11793,CCC(c1ccc([N+](C)(C)C)cc1)C(CC)c1ccc([N+](C)(C)C)cc1,,354.30240205618,False,[]
11794,CCc1cc(CC)c(CC)c(CC)c1CC,,218.203450832,False,[]
11795,c1ccc(-c2cccc3ccccc23)cc1,,204.093900384,False,[]
11796,O=C1c2ccccc2C(=O)c2cc(O)ccc21,,224.047344116,False,[]
11797,Cc1ccccc1-c1ccccc1C,,182.109550448,False,[]
11798,Nc1ccc2c(c1)C(=O)c1cc(N)ccc1C2=O,,238.07422756,False,[]
11799,CC(C)OC(=O)c1ccccc1C(=O)OC(C)C,,250.120509056,False,[]
11800,Clc1c2ccccc2c(Cl)c2ccccc12,,246.000305616,False,[]
11801,CN(C)c1cccc2c(S(=O)(=O)Cl)cccc12,,269.027727304,False,[]
11802,O=[N+]([O-])c1cc([N+](=O)[O-])c2ccccc2c1O,,234.027671292,False,[]
11803,O=[N+]([O-])c1cccc2c([N+](=O)[O-])cccc12,,218.032756672,False,[]
11804,Cn1c(=O)[nH]c(=O)c2[nH]c(=O)[nH]c21,,182.043990052,False,[]
11805,O=c1n(Cc2ccccc2)c(=O)n(Cc2ccccc2)c(=O)n1Cc1ccccc1,,399.158291532,False,[]
11806,CC(C)(N)CO.Cn1c(=O)c2[nH]c(Br)nc2n(C)c1=O,,347.059301536,False,[]
11808,Cn1c(=O)c2[nH]c(Br)nc2n(C)c1=O,,257.975237564,False,[]
11809,COc1ccc(CN(CCN(C)C)c2ccccn2)cc1.Cn1c(=O)c2[nH]c(Br)nc2n(C)c1=O,,543.1593499200002,False,[]
11810,CCc1c(Cl)c(Cl)c(Cl)c(Cl)c1Cl,,275.88338856,False,[]
11811,Nc1c(O)cccc1C(=O)C[C@H](N)C(=O)O,,224.079706864,False,[]
11812,O=C(O)c1cccc(C(=O)O)c1O,,182.021523292,False,[]
11813,Cc1c([N+](=O)[O-])cccc1[N+](=O)[O-],,182.032756672,False,[]
11814,O=[N+]([O-])c1cccc([N+](=O)[O-])c1Cl,,201.978134256,False,[]
11816,COC(=O)c1ccccc1C(=O)c1ccccc1,,240.078644244,False,[]
11817,COc1c([N+](=O)[O-])cc([N+](=O)[O-])cc1[N+](=O)[O-],,243.0127495,False,[]
11818,O=[N+]([O-])c1cc([N+](=O)[O-])c2ccccc2c1,,218.032756672,False,[]
11819,Oc1c(Cl)ccc2ccccc12,,178.018542524,False,[]
11820,Cn1c(=O)ccc2ccccc21,,159.068413908,False,[]
11822,COc1cc2c(cc1OC)C(COc1ccc(OCC3c4cc(OC)c(OC)cc4CC[N+]3(C)C)cc1)[N+](C)(C)CC2,,578.33449003218,False,[]
11823,Nc1ccc2ccccc2c1[N+](=O)[O-],,188.058577496,False,[]
11824,N#Cc1cn([C@@H]2O[C@H](CO)[C@@H](O)[C@H]2O)c2ncnc(N)c12,,291.09675389600005,False,[]
11825,O=[N+]([O-])c1ccc(-c2ccccc2[N+](=O)[O-])cc1,,244.048406736,False,[]
11826,O=C(O)C=C(c1ccccc1)c1ccccc1,,224.083729624,False,[]
11827,Oc1ccc(Cl)cc1-c1ccccc1,,204.034192588,False,[]
11828,ONc1cccc2ccccc12,,159.068413908,False,[]
11829,O=[N+]([O-])c1cccc2ncccc12,,174.042927432,False,[]
11830,O=[N+]([O-])c1cccc2cccnc12,,174.042927432,False,[]
11831,O=[N+]([O-])c1ccc2c(c1)Cc1ccccc1-2,,211.063328528,False,[]
11832,CN(C)c1ccc(/N=N/c2cccc3ccccc23)cc1,,275.14224754400004,False,[]
11833,Cc1cc(=O)oc2ccccc12,,160.052429496,False,[]
11834,CC(COc1ccc2c(=O)cc(-c3ccccc3)oc2c1)CN(C)C,,337.167793596,False,[]
11835,CN(C)CCCNC(=O)COc1ccc2c(=O)cc(-c3ccccc3)oc2c1,,380.173607248,False,[]
11836,CC([NH3+])C(O)c1ccc(O)cc1O.[Cl-],,219.066220988,False,[]
11837,CC(N)C(O)c1ccc(O)cc1O,,183.089543276,False,[]
11838,CC(C)OC(=O)c1ccccc1O,,180.078644244,False,[]
11839,COc1c(Br)cc(Br)cc1Br,,341.78905108000004,False,[]
11840,Cc1ccc2c(c1)C(=O)C(=O)N2,,161.047678464,False,[]
11841,CC(=O)Oc1c[nH]c2ccccc12,,175.063328528,False,[]
11842,Brc1cccc(Br)c1Br,,311.778486396,False,[]
11844,Nc1cccc(Cl)c1Cl,,160.97990452,False,[]
11845,Ic1cccc(I)c1I,,455.736894096,False,[]
11846,Nc1c(Cl)cccc1Cl,,160.97990452,False,[]
11847,Oc1c(Br)cccc1Br,,249.862888948,False,[]
11849,Cc1cc(C)c([N+](=O)[O-])c(C)c1[N+](=O)[O-],,210.0640568,False,[]
11850,OC[C@@H](O)[C@H](O)[C@H](O)[C@@H](O)CO,,182.079038168,False,[]
11851,COC(=O)[C@H](O)[C@@H](O)C(=O)OC,,178.04773804,False,[]
11852,Oc1c(Br)c(Br)c(Br)c(Br)c1Br,,483.5944251520001,False,[]
11854,Brc1cc(Br)c(Br)c(Br)c1Br,,467.59951053200007,False,[]
11855,Clc1cc(Cl)c(Cl)c(Cl)c1Cl,,247.852088432,False,[]
11856,Ic1cc(I)c(I)c(I)c1I,,707.5301900320001,False,[]
11857,CCOC(=O)C(C)C(=O)OCC,,174.089208928,False,[]
11858,CCOC(=O)C(Cl)C(C)=O,,164.024021828,False,[]
11859,Oc1cc(Cl)c(Cl)c(Cl)c1,,195.924947756,False,[]
11860,Nc1cc(Cl)c(N)c(Cl)c1,,175.990803552,False,[]
11861,Cc1cc(Br)cc(Br)c1O,,263.878539012,False,[]
11862,Oc1c(I)cc(I)cc1I,,471.73180871600005,False,[]
11867,O=S(=O)(O)c1ccccc1O,,173.998679672,False,[]
11868,Cc1ccc(C)c(S(=O)(=O)O)c1,,186.03506518,False,[]
11870,CC1(C)N=C(N)N=C(N)N1c1ccc(Cl)cc1.O=C(O)c1cc2ccccc2c(Cc2c(O)c(C(=O)O)cc3ccccc23)c1O,,639.18846136,False,[]
11871,O=[N+]([O-])c1cc(Cl)cc(Cl)c1O,,206.948998316,False,[]
11872,Cc1cc([N+](=O)[O-])c(O)c([N+](=O)[O-])c1,,198.027671292,False,[]
11873,O=C(O)c1cc([N+](=O)[O-])cc([N+](=O)[O-])c1O,,228.00185046800001,False,[]
11874,O=C(O)c1ccc(O)c(O)c1O,,170.021523292,False,[]
11875,O=C(Cl)c1ccccc1[N+](=O)[O-],,184.987970668,False,[]
11876,NC(=O)c1ccccc1[N+](=O)[O-],,166.037842052,False,[]
11877,CN(C)c1ccccc1[N+](=O)[O-],,166.07422756,False,[]
11878,Cc1cc([N+](=O)[O-])c([N+](=O)[O-])cc1[N+](=O)[O-],,227.01783488,False,[]
11879,O=C(O)c1cc([N+](=O)[O-])ccc1[N+](=O)[O-],,212.006935848,False,[]
11880,O=C(O)c1ccc([N+](=O)[O-])cc1[N+](=O)[O-],,212.006935848,False,[]
11881,O=C(O)c1ccc(O)cc1C(=O)O,,182.021523292,False,[]
11882,O=C(O)c1cc(O)ccc1[N+](=O)[O-],,183.01677226,False,[]
11883,Cc1ccc([N+](=O)[O-])c([N+](=O)[O-])c1,,182.032756672,False,[]
11884,Cc1cccc2cc3ccccc3cc12,,192.093900384,False,[]
11885,Nc1cccc2cc3ccccc3cc12,,193.089149352,False,[]
11886,Cc1cccc2cc3ccccc3nc12,,193.089149352,False,[]
11887,CCOc1ccc([N+](=O)[O-])cc1[N+](=O)[O-],,212.043321356,False,[]
11888,N#CCc1ccccc1[N+](=O)[O-],,162.042927432,False,[]
11889,CCOc1ccccc1[N+](=O)[O-],,167.058243148,False,[]
11890,CC(=O)Oc1ccccc1[N+](=O)[O-],,181.037507704,False,[]
11891,O=C(O)c1cc(Br)ccc1Br,,277.857803568,False,[]
11892,Cc1ccc(C)c(C(=O)O)c1,,150.06807956,False,[]
11894,COC(=O)c1ccccc1Br,,213.962941564,False,[]
11895,COC(=O)c1ccccc1Cl,,170.013457144,False,[]
11896,O=C(O)c1ccc(Br)cc1Br,,277.857803568,False,[]
11897,Cc1ccc(C(=O)O)c(C)c1,,150.06807956,False,[]
11898,Cc1cc(N)ccc1[N+](=O)[O-],,152.058577496,False,[]
11899,O=[N+]([O-])c1ccc(Cl)cc1Cl,,190.954083696,False,[]
11900,O=[N+]([O-])c1ccc(Cl)cc1O,,172.987970668,False,[]
11905,Clc1ccccc1CBr,,203.934139972,False,[]
11906,ClCc1ccccc1Cl,,159.984655552,False,[]
11912,CN(C)CCCOc1ccc2c(=O)cc(-c3ccccc3)oc2c1,,323.152143532,False,[]
11913,Cc1c2ccccc2nc2ccccc12,,193.089149352,False,[]
11914,O=C(O)[C@H](O)c1ccccc1,,152.04734411599998,False,[]
11915,O=C(O)C(=O)c1ccccc1,,150.03169405199998,False,[]
11917,CN(C(=O)N(C)c1ccccc1)c1ccccc1,,240.126263132,False,[]
11918,CC(c1ccccc1)c1ccccc1,,182.109550448,False,[]
11919,ClCc1ccccc1CCl,,174.000305616,False,[]
11920,O=C(O)c1ccccc1CO,,152.047344116,False,[]
11921,O=[N+]([O-])c1ccccc1CCl,,171.008706112,False,[]
11923,O=[N+]([O-])c1ccccc1CO,,153.042593084,False,[]
11924,O=C(O)c1ccccc1Cc1ccccc1,,212.083729624,False,[]
11925,[Cl-].[NH3+]c1ccc2ccccc2c1,,179.050177,False,[]
11928,Clc1ccc2ccccc2n1,,163.018876872,False,[]
11929,CCN(N=O)c1ccccc1,,150.07931294,False,[]
11930,c1ccc(-c2cc(-c3ccccc3)cc(-c3ccccc3)c2)cc1,,306.140850576,False,[]
11931,Cc1cccc(-c2cccc(C)c2)c1,,182.109550448,False,[]
11932,Cc1cc(-c2ccc([NH3+])c(C)c2)ccc1[NH3+].[Cl-].[Cl-],,284.084703936,False,[]
11933,Cl.Cl.Nc1ccc(-c2ccc(N)c(Cl)c2)cc1Cl,,323.975459104,False,[]
11934,c1ccc(-c2ccc3ccccc3c2)cc1,,204.093900384,False,[]
11935,O=NN(Cc1ccccc1)c1ccccc1,,212.094963004,False,[]
11936,Cc1ccc2cc3ccccc3cc2c1,,192.093900384,False,[]
11937,Nc1ccc2cc3ccccc3cc2c1,,193.089149352,False,[]
11938,Cc1ccc2nc3ccccc3cc2c1,,193.089149352,False,[]
11939,Cc1ccc2cc3cc(C)ccc3cc2c1,,206.109550448,False,[]
11940,c1ccc2c(c1)Cc1ccccc1C2,,180.093900384,False,[]
11941,Cc1ccc(-c2ccc(C)cc2)cc1,,182.109550448,False,[]
11942,CC(=O)Nc1ccc(-c2ccc(NC(C)=O)cc2)cc1,,268.121177752,False,[]
11943,COc1ccc(-c2ccccc2)cc1,,184.088815004,False,[]
11944,N#Cc1ccc2ccccc2c1,,153.057849224,False,[]
11945,O=[N+]([O-])c1ccc2ncccc2c1,,174.042927432,False,[]
11946,O=[N+]([O-])c1ccc2cccnc2c1,,174.042927432,False,[]
11947,COc1ccccc1/N=N/c1ccccc1OC,,242.105527688,False,[]
11948,c1ccc(Cc2ccc3ccccc3c2)cc1,,218.109550448,False,[]
11949,CN(C)c1ccc(/N=N/c2ccc3ccccc3c2)cc1,,275.14224754400004,False,[]
11950,CCOc1ccccc1C=O,,150.06807956,False,[]
11951,Nc1ccc2ccc(N)cc2c1,,158.08439832,False,[]
11958,COC1=CC(=O)C(C)=CC1=O,,152.047344116,False,[]
11960,[O-]/[N+](=N\c1ccc(Cl)cc1)c1ccc(Cl)cc1,,266.00136823599996,False,[]
11961,CCC(=O)OC(=O)c1ccccc1,,178.06299418,False,[]
11962,Cc1ccc(OC(=O)c2ccccc2)cc1,,212.083729624,False,[]
11963,CCCCC[NH2+]CCOC(=O)c1ccc(N)cc1.[Cl-],,286.144805656,False,[]
11964,CCCCCNCCOC(=O)c1ccc(N)cc1,,250.168127944,False,[]
11965,O=C(OCCF)c1ccccc1,,168.058657748,False,[]
11966,CC(C)(C)OOC(=O)c1ccccc1,,194.094294308,False,[]
11967,O=C(OCCCF)c1ccccc1,,182.074307812,False,[]
11968,O=C(O)C=Cc1ccccc1O,,164.047344116,False,[]
11969,O=C(O)COc1ccccc1Cl,,186.00837176399997,False,[]
11970,O=C(O)Cc1ccccc1O,,152.047344116,False,[]
11972,CC(=O)Nc1ccccc1O,,151.063328528,False,[]
11973,O=S(=O)(O)CCO.[H]/N=C(\N)c1ccc(OCCCOc2ccc(/C(N)=N/[H])cc2Br)c(Br)c1,,593.9783296880001,False,[]
11974,[H]/N=C(\N)c1ccc(OCCCOc2ccc(/C(N)=N/[H])cc2Br)c(Br)c1,,467.97965001600005,False,[]
11975,COc1ccc(N)cc1N.Cl.Cl,,210.032668364,False,[]
11982,CCCOC(=O)c1ccco1,,154.06299418,False,[]
11986,Clc1nc2ccccc2o1,,152.998141428,False,[]
11987,Clc1nc2ccccc2s1,,168.975297808,False,[]
11988,NNc1nc2ccccc2s1,,165.036068224,False,[]
11989,CSc1nc2ccccc2s1,,181.001991224,False,[]
11990,Cl.Cl.Nc1ccccc1N,,180.02210368,False,[]
11992,Nc1ccccc1Br,,170.968361292,False,[]
11993,Clc1ccccc1I,,237.904625808,False,[]
11994,Ic1ccccc1I,,329.840246128,False,[]
11995,Nc1ccccc1I,,218.954497192,False,[]
11996,Cc1cc(N)ccc1N.Cl.Cl,,194.03775374399999,False,[]
11997,Cl.Cl.Nc1ccc(N)c(Cl)c1,,213.98313132799998,False,[]
11999,[Cl-].[NH3+]c1cc(Cl)ccc1S,,194.967625584,False,[]
12000,Nc1cc(Cl)ccc1S,,158.990947872,False,[]
12002,Brc1ccc(Br)c(Br)c1,,311.778486396,False,[]
12003,Oc1ccc(Br)c(Br)c1,,249.862888948,False,[]
12004,Nc1ccc(Br)cc1Br,,248.87887336,False,[]
12005,Oc1ccc(Br)cc1Br,,249.862888948,False,[]
12006,Cc1cc(Br)ccc1Br,,247.883624392,False,[]
12010,CCOC(=S)C(=S)OCC,,178.01222156,False,[]
12011,O=C1C=C(Cl)C(=O)C=C1Cl,,175.943184664,False,[]
12013,CCCCC(Br)C(=O)O,,193.994241692,False,[]
12026,CC(OP(C)(=O)O)C(C)(C)C,,180.09153103399998,False,[]
12028,CCN(CC)CC(=O)Nc1c(C)cc(C)cc1C,,248.188863388,False,[]
12029,Cc1cc(C)c([N+](=O)[O-])cc1[N+](=O)[O-],,196.048406736,False,[]
12030,Cc1cc(O)c([N+](=O)[O-])cc1[N+](=O)[O-],,198.027671292,False,[]
12031,O=C(O)C(Cc1ccccc1)C(=O)O,,194.0579088,False,[]
12032,Nc1ccc([N+](=O)[O-])cc1C(=O)O,,182.032756672,False,[]
12033,O=C(O)c1ccc(O)c([N+](=O)[O-])c1,,183.01677226,False,[]
12034,CCCCCC(C(=O)O)C(=O)O,,174.089208928,False,[]
12035,CC(=O)N[C@@H](CS)C(=O)O,,163.030314148,False,[]
12036,CCOC(=O)SC(CCO)=C(C)N(C=O)Cc1cnc(C)nc1N.Cl,,390.1128538960001,False,[]
12037,CCOC(=O)SC(CCO)=C(C)N(C=O)Cc1cnc(C)nc1N,,354.1361761840001,False,[]
12038,CCOC(=O)c1ccc(O)c(OC)c1,,196.073558864,False,[]
12039,C=C(O[C@@H]1C=C(C(=O)O)C=C[C@H]1O)C(=O)O,,226.04773804,False,[]
12045,COC(=O)C=C(C)C(=O)OC,,158.0579088,False,[]
12047,Cl.NCCCCC(N)C(=O)O,,182.0822054,False,[]
12054,O=C(O)c1ccc(P(=O)(O)O)cc1,,202.003109954,False,[]
12055,NC(=O)CNc1ccc([As](=O)(O)O)cc1,,273.99347833200005,False,[]
12056,O=C(Br)c1ccccc1,,183.95237688,False,[]
12060,O=C(O)c1cccc(I)c1,,247.9334274,False,[]
12061,[Cl-].[Cl-].[NH3+]c1cc([NH3+])cc(C(=O)O)c1,,224.01193292,False,[]
12062,Nc1cc(N)cc(C(=O)O)c1,,152.058577496,False,[]
12063,O=C(O)c1cc(Br)cc(Br)c1,,277.857803568,False,[]
12064,O=[N+]([O-])c1cc(Cl)cc(Cl)c1,,190.954083696,False,[]
12065,O=C(O)c1cc(I)c(O)c(I)c1,,389.82498998799997,False,[]
12066,O=[N+]([O-])c1cc(Cl)c(O)c(Cl)c1,,206.948998316,False,[]
12067,Cc1cc([N+](=O)[O-])cc([N+](=O)[O-])c1,,182.032756672,False,[]
12068,Nc1cc([N+](=O)[O-])cc([N+](=O)[O-])c1,,183.02800564,False,[]
12069,O=C(O)c1cc(C(=O)O)cc([N+](=O)[O-])c1,,211.01168688,False,[]
12070,COC(=O)c1cccc(Br)c1,,213.962941564,False,[]
12071,CCOC(=O)c1ccc(F)c(I)c1,,293.955305716,False,[]
12072,C=C(C)C1CCC(C)C(O)C1,,154.135765196,False,[]
12073,Cc1ccc(C(=O)O)cc1C,,150.06807956,False,[]
12074,O=[N+]([O-])c1ccc(O)c(Cl)c1,,172.987970668,False,[]
12075,Cc1cc([N+](=O)[O-])ccc1[N+](=O)[O-],,182.032756672,False,[]
12076,Nc1cc([N+](=O)[O-])ccc1C(=O)O,,182.032756672,False,[]
12077,O=Cc1cccc(C(=O)O)c1,,150.031694052,False,[]
12078,O=[N+]([O-])c1cccc(CCl)c1,,171.008706112,False,[]
12080,CCOC(OCC)C(Cl)Cl,,186.021434984,False,[]
12081,COC(=O)c1ccc(Br)cc1,,213.962941564,False,[]
12082,COC(=O)c1ccc(N)cc1,,151.063328528,False,[]
12083,COC(=O)c1ccc([N+](=O)[O-])cc1,,181.037507704,False,[]
12084,NC(=O)c1ccc(Cl)cc1,,155.013791492,False,[]
12085,O=C(O)c1ccc(I)cc1,,247.9334274,False,[]
12086,CCc1ccc(C(=O)O)cc1,,150.06807956,False,[]
12088,O=Cc1ccc(C(=O)O)cc1,,150.031694052,False,[]
12089,NNc1ccc(C(=O)O)cc1,,152.058577496,False,[]
12091,NC(=O)c1ccc([N+](=O)[O-])cc1,,166.037842052,False,[]
12092,CN(C)c1ccc(C(=O)O)cc1,,165.078978592,False,[]
12093,CCOc1ccc(C(=O)O)cc1,,166.06299418,False,[]
12094,CC(=O)OCc1ccc([N+](=O)[O-])cc1,,195.053157768,False,[]
12095,O=C(O)CNc1ccc([N+](=O)[O-])cc1,,196.048406736,False,[]
12098,ICc1ccccc1,,217.959248224,False,[]
12099,Cc1cccc(CBr)c1,,183.988762388,False,[]
12103,ClCc1cccc(Cl)c1,,159.984655552,False,[]
12106,Cc1ccc(OP(Oc2ccc(C)cc2)Oc2ccc(C)cc2)cc1,,352.122831162,False,[]
12108,O=C(CCl)Oc1ccccc1,,170.013457144,False,[]
12109,Cc1ccc(Nc2ccccc2)cc1,,183.104799416,False,[]
12110,O=[N+]([O-])c1ccc(Oc2ccccc2)cc1,,215.058243148,False,[]
12111,Oc1ccc(Cc2ccc(O)cc2)cc1,,200.083729624,False,[]
12112,c1ccc(Cc2cccnc2)cc1,,169.089149352,False,[]
12113,CCOc1ccc(/N=C(\C)Nc2ccc(OCC)cc2)cc1.Cl,,334.144805656,False,[]
12115,CCNC(=O)Nc1ccccc1,,164.094963004,False,[]
12116,O=S(Cc1ccccc1)Cc1ccccc1,,230.076536068,False,[]
12117,C/C(=N\c1ccccc1)Nc1ccccc1,,210.115698448,False,[]
12118,CCCCCC(=O)Nc1ccccc1,,191.131014164,False,[]
12121,Cc1cccc(CC(=O)O)c1,,150.06807956,False,[]
12122,O=C(O)Cc1cccc(O)c1,,152.047344116,False,[]
12123,CC(=O)Nc1cccc(Br)c1,,212.978925976,False,[]
12124,CC(=O)Nc1cccc(O)c1,,151.063328528,False,[]
12125,N#CCc1cccc([N+](=O)[O-])c1,,162.042927432,False,[]
12126,CCOc1cccc(C(=O)O)c1,,166.06299418,False,[]
12127,COc1ccc(C=O)cc1O,,152.047344116,False,[]
12128,CCOC(CCl)OCC,,152.060407336,False,[]
12131,CCCCCC(=O)OCC(COC(=O)CCCCC)OC(=O)CCCCC,,386.26683893599994,False,[]
12132,c1ccc(Cc2nc3ccccc3[nH]2)cc1,,208.100048384,False,[]
12133,CCCCCN(CCCCC)CCCCC,,227.261300056,False,[]
12134,CCCCCOB(OCCCCC)OCCCCC,,272.252275316,False,[]
12136,NC(=O)OCc1ccccc1,,151.063328528,False,[]
12137,CNc1ccc(/N=N/c2ccccc2)cc1,,211.110947416,False,[]
12138,Nc1ccc(CCc2ccc(N)cc2)cc1,,212.131348512,False,[]
12140,OC(COc1ccccc1)COc1ccccc1,,244.109944372,False,[]
12141,OCCOCc1ccccc1,,152.083729624,False,[]
12145,ClC(Cl)=Nc1ccccc1,,172.97990452,False,[]
12147,CC(=O)Nc1ccc(I)cc1,,260.965061876,False,[]
12148,Cc1ccc(NC(N)=O)cc1,,150.07931294,False,[]
12156,ClCCOc1ccccc1,,156.034192588,False,[]
12157,Cl.NNc1ccc(Br)cc1,,221.955938036,False,[]
12158,NNc1ccc(Br)cc1,,185.979260324,False,[]
12162,N#Cc1ccc(Br)cc1,,180.952711228,False,[]
12164,Oc1cc[c]([Hg][Cl])cc1,,329.97353546000005,False,[]
12168,CC(=O)CC(=O)c1ccco1,,152.047344116,False,[]
12171,ClCc1ccc(CCl)cc1,,174.000305616,False,[]
12183,CCOC(=O)CI,,213.949077464,False,[]
12189,CC=CC(=O)OC(=O)C=CC,,154.06299418,False,[]
12196,CCSC(=O)SCC,,150.01730694,False,[]
12198,CC(=O)OCC(C)OC(C)=O,,160.073558864,False,[]
12200,O=[N+]([O-])OCC(O)CO[N+](=O)[O-],,182.017500532,False,[]
12201,CCOC(=O)C=CC(=O)OCC,,172.073558864,False,[]
12203,CCCCCCC(=O)CCC,,156.15141526,False,[]
12204,CCOC(=O)CCCCCCCC(=O)OCC,,244.167459248,False,[]
12205,Cl.Cl.Nc1ccc(N)cc1,,180.02210368,False,[]
12207,Cc1ccc(I)cc1,,217.959248224,False,[]
12208,Ic1ccc(I)cc1,,329.840246128,False,[]
12214,CCC(=O)OC(O)C(O)CO,,164.068473484,False,[]
12224,ICCI,,281.840246128,False,[]
12225,OCCI,,171.93851278,False,[]
12236,CCOP(=O)(OCC)OP(=O)(OC)N(CC)CC,,303.100060716,False,[]
12237,CCOP(=O)(OCC)OP(=O)(OC)N(C)C,,275.068760588,False,[]
12239,CCCCOS(=O)(=O)OCCCC,,210.092580056,False,[]
12241,CC(=O)OCC(Cl)(Cl)Cl,,189.93551244,False,[]
12267,O=NN(CC(F)(F)F)CC(F)(F)F,,210.022782068,False,[]
12268,Cc1cccc(I)c1,,217.959248224,False,[]
12269,Clc1cccc(I)c1,,237.904625808,False,[]
12270,Ic1cccc(I)c1,,329.840246128,False,[]
12271,Nc1cccc(I)c1,,218.954497192,False,[]
12272,Oc1cccc(I)c1,,219.93851278,False,[]
12274,Brc1cccc(Br)n1,,234.863223296,False,[]
12275,ClCc1cccc(CCl)c1,,174.000305616,False,[]
12279,Brc1cc(Br)cc(Br)c1,,311.778486396,False,[]
12280,Oc1cc(Br)cc(Br)c1,,249.862888948,False,[]
12281,Nc1cc(Cl)cc(Cl)c1,,160.97990452,False,[]
12282,Ic1cc(I)cc(I)c1,,455.736894096,False,[]
12286,Brc1cccnc1,,156.952711228,False,[]
12289,IC1CCCCC1,,209.990548352,False,[]
12292,CC(CCC(=O)O)CC(=O)O,,160.073558864,False,[]
12293,CCCCCC(=O)OCCC,,158.130679816,False,[]
12294,CCCCCC(=O)OCCCC,,172.14632988,False,[]
12295,CCOC(=O)CCCCC(=O)O,,174.089208928,False,[]
12314,ICCCI,,295.855896192,False,[]
12318,C[CH2][Hg][CH2]C,,260.04889332,False,[]
12324,O=C(Cl)C=CC(=O)Cl,,151.943184664,False,[]
12325,N[C@@H](CSC(Cl)=CCl)C(=O)O,,214.957454824,False,[]
12326,Cl.NC(N)=NCCC[C@@H](N)C(=O)O,,210.0883534,False,[]
12327,CCCCCCCCCCC(=O)OCC,,214.193280072,False,[]
12328,COC(=O)CCCCC(=O)O,,160.073558864,False,[]
12329,COC(=O)CCCCC(=O)OC,,174.089208928,False,[]
12335,CCCCCI,,197.990548352,False,[]
12337,ICCCCI,,309.871546256,False,[]
12354,ICCCCCI,,323.88719632,False,[]
12358,CC[CH2][Hg][CH2]CC,,288.080193448,False,[]
12359,[C-]#[N+][O-].[C-]#[N+][O-].[Hg+2],,285.96662024,False,[]
12366,CCCCCCCCCCCCCCCC(=O)OCC,,284.271530392,False,[]
12368,BrCCCCCCBr,,241.930574584,False,[]
12369,CCCCCCCBr,,178.03571258,False,[]
12373,ICCCCCCI,,337.902846384,False,[]
12377,CCCSSCCC,,150.053692448,False,[]
12380,CCCCCCCCI,,240.037498544,False,[]
12382,CCC[CH2][Hg][CH2]CCC,,316.111493576,False,[]
12383,ClCCCOCCCCl,,170.026520364,False,[]
12384,COCCOCCOC(C)=O,,162.089208928,False,[]
12386,CCCCSSCCCC,,178.084992576,False,[]
12387,CCCCCCCCON=O,,159.125928784,False,[]
12388,CCCCCCCCCCCCC,,184.219100896,False,[]
12389,CCCCCCCCCCCCCC,,198.23475095999999,False,[]
12390,CCCCCCCCCCCCC#N,,195.19869979999999,False,[]
12391,CCCCCCCCCCCCCCC,,212.25040102399998,False,[]
12392,CCCCCCCOCCCCCCC,,214.22966558,False,[]
12393,CCCCCCCCCCCCCCCCOC(C)=O,,284.271530392,False,[]
12394,CCCCCCCCCCCCCCCBr,,290.16091309200004,False,[]
12395,C=CCCCCCCCCCCCCCC,,224.25040102399998,False,[]
12396,C#CCCCCCCCCCCCCCC,,222.23475095999999,False,[]
12397,CCCCCCCCCCCCCCCO,,228.24531564400002,False,[]
12398,CCCCCCCCCCCCCCCCC,,240.281701152,False,[]
12399,CCCCCCCCOCCCCCCCC,,242.26096570800001,False,[]
12400,CCCCCCCCCCCCCCCCCCCCCCCCCCCCCC(=O)OC,,466.4749812239999,False,[]
12401,CCCCCCCCCCCCCCCCCCC,,268.31300128,False,[]
12402,CCCCCCCCCCCCCCCCCCI,,380.193999184,False,[]
12403,CCCCCCCCCCCCCCCCCCCCC,,296.344301408,False,[]
12404,CCCCCCCCCCCCCCCCCCCCO,,298.323565964,False,[]
12405,CCCCCCCCCCCCCCCCCCCCCC,,310.359951472,False,[]
12406,CCCCCCCCCCCCCCCCCCCCCCCCC,,352.406901664,False,[]
12407,CCCCCCCCCCCCCCCCCCCCCCCCCC,,366.422551728,False,[]
12408,CCCCCCCCCCCCCCCCCCCCCCCCCCCC,,394.45385185599997,False,[]
12409,CCCCCCCCCCCCCCCCCCCCCCCCCCCCC,,408.46950191999997,False,[]
12410,CCCCCCCCCCCCCCCCCCCCCCCCCCCCCCC,,436.50080204799997,False,[]
12411,CCCCCCCCCCCCCCCCCCCCCCCCCCCCCCCCC,,464.532102176,False,[]
12412,CCCCCCCCCCCCCCCCCCCCCCCCCCCCCCCCCCCC,,506.579052368,False,[]
12413,CCCCCCCCCCCCCCCCCCCCCCCCCCCCCCCCCCC,,492.563402304,False,[]
12415,CC(C)(C)CBr,,150.004412452,False,[]
12418,ClCC(Cl)(Cl)Cl,,165.891060784,False,[]
12419,CCCCCC(=O)O[C@]1(C(C)=O)CC[C@H]2C3CCC4=CC(=O)CCC4(C)[C@H]3CCC21C,,428.29265975999994,False,[]
12420,C[C@@H]1O[C@@H](O[C@H]2C[C@@H](O)[C@]3(CO)C4C(O)C[C@]5(C)[C@@H](C6=CC(=O)OC6)CC[C@]5(O)C4CC[C@]3(O)C2)[C@H](O)[C@H](O)[C@H]1O,,584.2832768479999,False,[]
12422,CC12C=CC(=O)C=C1CCC1C2C(O)CC2(C)C1CCC2(O)C(=O)COC(=O)c1cccc(S(=O)(=O)O)c1,,544.1767036039998,False,[]
12423,O=[N+]([O-])C(I)([N+](=O)[O-])[N+](=O)[O-],,276.88318272,False,[]
12424,c1ccc(C(c2ccccc2)(c2ccccc2)c2ccccc2)cc1,,320.15650064,False,[]
12427,CCC(CN(C)C)(C[NH+](C)C)OC(=O)c1ccccc1.[Cl-],,314.176105784,False,[]
12428,CCC(CN(C)C)(CN(C)C)OC(=O)c1ccccc1,,278.199428072,False,[]
12429,CCC[N+](CCC)(CCC)CCC.[I-],,313.12664789599995,False,[]
12430,OCC[N+](CCO)(CCO)CCO.[OH-],,211.141972772,False,[]
12431,OCC[N+](CCO)(CCO)CCO,,194.13868454009,False,[]
12433,O=C(O)C(Br)Br,,215.842153504,False,[]
12436,O=C(C(Cl)Cl)C(Cl)Cl,,193.885975404,False,[]
12438,O=C(O)c1ccccc1S(=O)(=O)O,,201.993594292,False,[]
12439,Cc1cccc(C)c1C(=O)O,,150.06807956,False,[]
12440,COc1ccc2c(c1O)-c1c3c(cc4c1[C@H](C2)[NH+](C)CC4)OCO3.[Cl-],,361.1080857999999,False,[]
12441,COc1ccc2c(c1O)-c1c3c(cc4c1[C@H](C2)N(C)CC4)OCO3,,325.131408088,False,[]
12442,O=C(O)c1c(Cl)c(Cl)c(Cl)c(Cl)c1C(=O)O,,301.87071926399994,False,[]
12443,O=C1OC(=O)c2c(Br)c(Br)c(Br)c(Br)c21,,459.6580922600001,False,[]
12444,O=C1c2ccccc2C(=O)c2c(Br)cccc21,,285.962941564,False,[]
12446,CCOC(=O)C1=C(C)NC(C)=C(C(=O)OCC)C1C,,267.147058152,False,[]
12447,Cl.[H]/N=C1\C=CC(=C(c2ccc(N)cc2)c2ccc(N)cc2)C=C1C,,337.13457532,False,[]
12448,[H]/N=C1\C=CC(=C(c2ccc(N)cc2)c2ccc(N)cc2)C=C1C,,301.157897608,False,[]
12449,CCN(CC)c1ccc(C(=C2C=CC(=[N+](CC)CC)C=C2)c2ccccc2)cc1.O=S(=O)([O-])O,,482.22392856799985,False,[]
12450,CCN(CC)c1ccc(C(=C2C=CC(=[N+](CC)CC)C=C2)c2ccccc2)cc1,,385.26382547609,False,[]
12451,CCC(=O)O[C@H]1CCC2(C)C(=CCC3[C@@H]2CCC2(C)[C@@H](C(C)CCCC(C)C)CC[C@@H]32)C1,,442.38108084,False,[]
12452,C[C@]12CCC(=O)C=C1C=C[C@@H]1[C@@H]2CC[C@]2(C)C(=O)CC[C@@H]12,,284.177630008,False,[]
12453,Cl.Cl.OCCN1CCN(CCC=C2c3ccccc3Sc3ccc(Cl)cc32)CC1,,472.090967524,False,[]
12454,OCCN1CCN(CCC=C2c3ccccc3Sc3ccc(Cl)cc32)CC1,,400.1376121,False,[]
12455,CCC(=C(CC)c1ccc(OC)cc1)c1ccc(O)cc1,,282.161979944,False,[]
12456,COc1ccc2cc3[n+](cc2c1OC)CCc1cc2c(cc1-3)OCO2.[Cl-],,371.0924357359999,False,[]
12457,COc1ccc2cc3[n+](cc2c1OC)CCc1cc2c(cc1-3)OCO2.O=S(=O)([O-])O,,433.0831375679998,False,[]
12459,Oc1ccc2ccccc2c1Cl,,178.018542524,False,[]
12460,CC1C(c2ccccc2)OCCN1C,,191.131014164,False,[]
12461,O=C1C2=C(CCCC2)c2ccccc21,,184.088815004,False,[]
12462,COc1cccc(OC)c1OC,,168.078644244,False,[]
12463,Clc1ccc(Cl)c(Cl)c1Cl,,213.891060784,False,[]
12464,Nc1ccc(Cl)c(Cl)c1Cl,,194.940932168,False,[]
12465,Ic1ccc(I)c(I)c1I,,581.633542064,False,[]
12466,Nc1cc(Cl)c(Cl)c(Cl)c1Cl,,228.901959816,False,[]
12467,Brc1cc(Br)c(Br)c(Br)c1,,389.688998464,False,[]
12468,Clc1cc(Cl)c(Cl)c(Cl)c1,,213.891060784,False,[]
12469,Nc1cc(Cl)c(Cl)c(Cl)c1,,194.940932168,False,[]
12470,Ic1cc(I)c(I)c(I)c1,,581.633542064,False,[]
12471,Nc1c(Cl)cc(Cl)cc1Cl,,194.940932168,False,[]
12474,CCN(CC)CCCC(C)Nc1cc(OC)cc2cccnc12.O=C(O)c1cc2ccccc2c(Cc2c(O)c(C(=O)O)cc3ccccc23)c1O,,703.32575078,False,[]
12475,O=C1OC(=O)C2=C1CCCC2,,152.04734411599998,False,[]
12476,Nc1ccc(Cl)cc1C(=O)O,,171.008706112,False,[]
12477,Nc1ccc(Cl)c([N+](=O)[O-])c1,,172.00395508,False,[]
12478,COc1cc(C(=O)N2CCOCC2)cc(OC)c1OC,,281.12632270800003,False,[]
12479,CC(=O)Oc1ccccc1OC(C)=O,,194.0579088,False,[]
12481,O=Cc1cc(Cl)ccc1O,,155.99780708,False,[]
12483,CCOC(=O)c1ccc(C(=O)OCC)cc1,,222.089208928,False,[]
12486,Brc1cc(Br)c(Br)cc1Br,,389.688998464,False,[]
12487,Nc1cc(Cl)c(Cl)cc1Cl,,194.940932168,False,[]
12488,Ic1cc(I)c(I)cc1I,,581.633542064,False,[]
12490,O=C(O)c1ccc(O)c(C(=O)O)c1,,182.021523292,False,[]
12491,CCOC(=O)c1cccc(C(=O)OCC)c1,,222.089208928,False,[]
12492,C[C@@H]1CCC[C@H](C)N1NC(=O)c1ccc(Cl)c(S(N)(=O)=O)c1,,345.09139017999996,False,[]
12493,CC[NH+](CC)CC.[Br-],,181.046611612,False,[]
12495,O=[N+]([O-])c1ccc(I)cc1,,248.928676368,False,[]
12497,CCC(=O)Oc1ccccc1,,150.06807956,False,[]
12498,CC(C)/N=C(\N)N=C(N)Nc1ccc(Cl)cc1.Cl,,289.086100904,False,[]
12499,CCCC1CCCC[NH2+]1.[Br-],,207.062261676,False,[]
12503,BrCCCc1ccccc1,,198.004412452,False,[]
12504,Cc1ccc(NN)cc1.Cl,,158.061076032,False,[]
12510,Clc1ccc(I)cc1,,237.904625808,False,[]
12513,CCCC(C)I,,197.990548352,False,[]
12518,CC1NC(C)SC(C)S1,,163.048941416,False,[]
12520,CCCCCCCC[C@@H](O)CCCCCCCCC(=O)O,,300.26644501199996,False,[]
12523,CCC(C)CCCC(C)CCCC(C)CCCC(C)C,,282.328651344,False,[]
12525,CC(=O)[O-].CC(=O)[O-].[Mn+2],,172.96465377200002,False,[]
12526,CC(=O)NCCSSCCNC(C)=O,,236.065319752,False,[]
12527,CCCCCCI,,212.006198416,False,[]
12530,CCCCCCCCCCCCC(=O)O,,214.193280072,False,[]
12531,CCCCCCCCCCCCCCOC(C)=O,,256.240230264,False,[]
12532,CCCCCCCCCCCCCCCCCC#N,,265.27695012,False,[]
12533,CCCCCCCCCCCCCCCCCC=O,,268.276615772,False,[]
12534,CCCCCCCCCCCCCCCCCCCCCCC,,324.375601536,False,[]
12535,CCCCCCCCCCCCCCCCCCCCCCCCCCCCCC,,422.48515198399997,False,[]
12536,CC1(C)O[C@@H]2C[C@H]3C4CCC5=CC(=O)C=CC5(C)[C@H]4C(O)CC3(C)[C@]2(C(=O)CO)O1,,416.2198887439999,False,[]
12537,COC1C(O)[C@@H](O[C@H]2CC[C@]3(C)C4CC[C@]5(C)C(C6=CC(=O)OC6)[C@@H](OC(C)=O)C[C@]5(O)C4CC[C@@H]3C2)OC(C)[C@@H]1O,,592.3247477359998,False,[]
12538,CC1OC(OC2CCC3(C=O)C4CC(O)C5(C)C(C6=CC(=O)OC6)CCC5(O)C4CCC3(O)C2)C(O)C(O)C1O,,566.2727121639999,False,[]
12539,C[C@@]12C3CC[C@]4(C)[C@@H](C5=CC(=O)OC5)CC[C@]4(O)C3CC[C@@H]1C[C@@H](O)C[C@H]2O,,390.2406241879999,False,[]
12540,[Cl][Sn]([c]1ccccc1)([c]1ccccc1)[c]1ccccc1,,385.98842286,False,[]
12541,CCSCCSP(=S)(OC)OC,,245.99717935,False,[]
12543,CNS(=O)(=O)c1ccc(C)cc1,,185.051049592,False,[]
12544,C[C@H](CCC(=O)NCC(=O)O)[C@H]1CC[C@H]2[C@@H]3[C@H](O)C[C@@H]4C[C@H](O)CC[C@]4(C)[C@H]3CC[C@]12C,,449.31412347599996,False,[]
12545,COc1ccc2c(c1O)-c1cccc3c1[C@@H](C2)N(C)CC3,,281.14157884800005,False,[]
12547,CCC1CCC2C3CCC4CCCCC4(C)C3CCC12C,,288.281701152,False,[]
12548,Cc1cc(O)c2c(c1)C(=O)c1cc(O)c(O)c(O)c1C2=O,,286.04773804,False,[]
12549,c1ccc(-c2ccccc2-c2ccccc2-c2ccccc2)cc1,,306.140850576,False,[]
12550,CCCCCCC1C(=O)OC(C)C(NC(=O)c2cccc(NC=O)c2O)C(=O)OC(C)C1OC(=O)CC(C)C,,548.2733808599999,False,[]
12551,C=CCn1c(N)cc(=O)n(CC)c1=O,,195.100776656,False,[]
12552,CCN(CC)CCOC(c1ccccc1)c1ccccc1,,283.19361442,False,[]
12553,CC(=O)N(C(C)=O)c1ccc2c(c1)Cc1ccccc1-2,,265.11027872,False,[]
12555,CN(C)CCCOc1nn(Cc2ccccc2)c2ccccc12,,309.184112356,False,[]
12556,CN1CC(=O)c2cc(O)c(O)cc21,,179.058243148,False,[]
12560,CC[C@H]1OC(=O)[C@H](C)[C@@H](O[C@H]2C[C@@](C)(OC)[C@@H](O)[C@H](C)O2)[C@H](C)[C@@H](O[C@@H]2O[C@H](C)C[C@H](N(C)C)[C@H]2O)[C@](C)(O)C[C@@H](C)C(=O)[C@H](C)[C@@H](O)[C@]1(C)O,,733.4612412040001,False,[]
12562,O=C(OC([N+](=O)[O-])[N+](=O)[O-])c1ccccc1,,226.022585912,False,[]
12563,Cc1ccccc1-c1ccccc1,,168.093900384,False,[]
12564,Cc1cccc(-c2ccccc2)c1,,168.093900384,False,[]
12565,COc1cc2c(cc1OC)OC(C)(C)C=C2,,220.109944372,False,[]
12566,Cc1ccc(-c2ccccc2)cc1,,168.093900384,False,[]
12567,CCC(C)(O)C(OC(=O)c1ccccc1)N(C)C,,251.152143532,False,[]
12568,CC(=O)OOC(=O)c1ccccc1,,180.042258736,False,[]
12569,O=C(SSC(=O)c1ccccc1)c1ccccc1,,274.01222156,False,[]
12572,Cc1cc(OC(=O)N(C)C)nn1C(=O)N(C)C,,240.122240372,False,[]
12573,ClP(Cl)c1ccccc1,,177.95059215,False,[]
12574,O=[N+]([O-])c1cccc(I)c1,,248.928676368,False,[]
12575,COc1ccc(C(=O)O)cc1O,,168.042258736,False,[]
12576,NC(=O)c1cccc([N+](=O)[O-])c1,,166.037842052,False,[]
12577,O=C(O)c1ccc([N+](=O)[O-])o1,,157.001122196,False,[]
12578,CC(=O)c1ccc(C(C)C)cc1,,162.104465068,False,[]
12579,Cc1nc(N)nc(Nc2ccc(Cl)cc2)n1,,235.06247299999998,False,[]
12588,CCCCCCCCCCCCCCCCCC(=O)OCC(C)C,,340.334130648,False,[]
12591,CCCCCCCCCCCCCCCCCCC(=O)O,,298.287180456,False,[]
12592,CCCCCCCCCCCCCCCCCCCCCCCC,,338.3912516,False,[]
12594,C[C@]12CC[C@H](OS(=O)(=O)O)CC1=CC[C@@H]1[C@@H]2CC[C@]2(C)C(=O)CC[C@@H]12,,368.165744996,False,[]
12595,CC12CCC3C(=CCc4cc(O)ccc43)C1CCC2O,,270.161979944,False,[]
12596,Cc1cc2ccc3ccccc3c2c2ccccc12,,242.109550448,False,[]
12598,CCCC(=O)c1ccc2c(c1)N(CCCN1CCN(C)CC1)c1ccccc1S2,,409.218783612,False,[]
12599,Nc1ncnc2c1ncn2[C@H]1C[C@H](O)[C@@H](COP(=O)(O)O)O1,,331.0681697979999,False,[]
12600,O=C(CO)[C@@H](O)[C@@H](O)[C@H](O)[C@H](O)CO,,210.073952788,False,[]
12601,O=[N+]([O-])c1ccc([O-])cc1C(F)(F)F.[Na+],,228.996271896,False,[]
12602,CN(C)C1=NC(=O)C(c2ccccc2)O1,,204.089877624,False,[]
12603,CCOC(=O)COc1ccc2c(C)c(CC[NH+](CC)CC)c(=O)oc2c1.[Cl-],,397.16560067599994,False,[]
12604,CCOC(=O)COc1ccc2c(C)c(CCN(CC)CC)c(=O)oc2c1,,361.18892296399997,False,[]
12605,Nc1ccc2nc3ccccc3nc2c1N,,210.09054632,False,[]
12606,NC(=O)Nc1ccccc1F,,154.054241064,False,[]
12607,FC(F)(F)c1nc2ccc(Cl)cc2[nH]1,,220.001510468,False,[]
12608,CP(=O)(F)c1ccccc1,,158.02967972599998,False,[]
12609,O=CNc1cccc(C(F)(F)F)c1,,189.040148472,False,[]
12611,CCNc1nc(F)nc(NCC)n1,,185.10767360399998,False,[]
12612,NC(=O)Nc1ccc(F)cc1,,154.054241064,False,[]
12613,CC(C)CCOC(=O)CC(C)C,,172.14632988,False,[]
12616,O=S(=O)(F)CCCCF,,158.021306936,False,[]
12617,CC(C)NC(C)C.O=C(O)C(Cl)Cl,,229.063634144,False,[]
12620,CCCCCCCCCCCCCCCCCCCCCCO,,326.35486609199995,False,[]
12621,C[N+](C)(C)C.F[B-](F)(F)F,,161.09989266399998,False,[]
12623,[CH3][SnH]([CH3])[CH3],,165.98044502,False,[]
12624,COC(F)(F)C(Cl)(Cl)Cl,,197.921754196,False,[]
12625,FC(F)(F)C(F)(F)C(Cl)Br,,245.887030912,False,[]
12626,NC(=O)C(F)(F)C(F)(F)C(F)(F)F,,213.002461224,False,[]
12627,COC1C(O)[C@@H](O[C@@H]2C[C@H]3CCC4C(CC[C@]5(C)[C@@H](C6=CC(=O)OC6)CC[C@]45O)[C@@]3(C)[C@H](O)C2)OC(C)[C@@H]1O,,550.3141830519999,False,[]
12628,Cc1ccc(S(=O)(=O)NC(=O)NC2CCCCC2)cc1,,296.1194635,False,[]
12629,CCCCCCCCCCCCCCCCC(C(=O)O)C(O)(CC(=O)O)C(=O)O,,416.27740361999986,False,[]
12630,CC[NH+](CC)CCOC(=O)N(c1ccccc1)c1ccccc1.[Cl-],,348.16045572,False,[]
12631,CCN(CC)CCOC(=O)N(c1ccccc1)c1ccccc1,,312.183778008,False,[]
12633,Cc1cccc(C)c1OCC[N+](C)(C)C.[Br-],,287.08847642399996,False,[]
12634,Cc1cccc(C)c1OCC[N+](C)(C)C,,208.16959074409,False,[]
12636,CNC(=O)Oc1ccc(C)c(C)c1Cl,,213.055656304,False,[]
12643,CCC(CC)c1cccc(OC(=O)NC)c1,,221.141578848,False,[]
12644,CCc1cc(OC(=O)NC)c(Cl)c(C)c1Cl,,261.032334016,False,[]
12645,CCc1ccc(C)c(NC(=O)CN(CC)CC)c1,,248.188863388,False,[]
12646,CCc1ccc(C)c(NC(=O)CCCN(CC)CC)c1,,276.220163516,False,[]
12649,CC(C)c1ccc(O)c(=O)cc1,,164.083729624,False,[]
12650,C[C@@](N)(Cc1ccc(O)cc1)C(=O)O,,195.089543276,False,[]
12652,CCc1nc(N)nc(Nc2ccc(Cl)cc2)n1,,249.07812306399998,False,[]
12653,CNC(=O)Oc1cc(C)c(Cl)c(C)c1,,213.055656304,False,[]
12654,CCNc1nc(NCC)nc(OC)n1,,197.12766009999999,False,[]
12655,CCC(C)c1cccc(OC(=O)NC)c1,,207.125928784,False,[]
12666,C[Si](Cl)(Cl)CCC(F)(F)F,,209.964616774,False,[]
12668,C1=CCCC=CCCC=CCC1,,162.140850576,False,[]
12673,CN(C)P(=O)(Cl)Cl,,160.956405802,False,[]
12674,COC(=O)CC(O)C(=O)OC,,162.05282342,False,[]
12675,FC(F)(F)C(F)(F)C(F)(F)C(F)(F)C(F)(F)F,,287.98083864,False,[]
12676,COC(F)(F)C(F)Br,,191.939761508,False,[]
12677,CCOC(=O)C(C(=O)OCC)C(O)(C(F)(F)F)C(F)(F)F,,326.05889280400004,False,[]
12678,CCOC(=O)C(C(C)=O)C(O)(C(F)(F)F)C(F)(F)F,,296.04832812,False,[]
12679,CN(C)P(=O)(N(C)C)N(C)C,,179.118748826,False,[]
12680,O=C(Cl)C(Cl)(Cl)C(Cl)=C(Cl)Cl,,273.8080307,False,[]
12681,CC(C)(CCC(=O)O)C(=O)O,,160.073558864,False,[]
12682,CO[Si](OC)(OC)OC,,152.05048539400002,False,[]
12683,C=CCOCC(CC)(CO)CO,,174.125594436,False,[]
12684,CCOP(OCC)OP(=O)(OCC)OCC,,274.07351162000003,False,[]
12685,CCOP(C)(=O)OCC,,152.060230906,False,[]
12686,CCCCCCCCCCCC[N+](C)(C)CC(=O)[O-].[Cl-].[Na+],,329.209751256,False,[]
12687,CCCCCCCCCCCC[N+](C)(C)CC(=O)O,,272.25840574809,False,[]
12688,CCC[CH2][Sn]([Cl])([Cl])[CH2]CCC,,303.980750636,False,[]
12689,CC[As](Br)Br,,261.79739586000005,False,[]
12692,ClC(Cl)CBr,,175.879517556,False,[]
12695,O=C(C(F)(F)F)C(F)(F)F,,165.98533394,False,[]
12697,CCC(C)[As](Cl)Cl,,201.929727148,False,[]
12701,COC(=O)C(=C(F)F)C(F)(F)F,,190.005320436,False,[]
12702,CCOC(=O)C(F)C(=O)OCC,,178.064137052,False,[]
12704,CCN(CC)C(=S)SC,,163.048941416,False,[]
12705,CC[As](Cl)CC,,167.9686995,False,[]
12707,C=COC(=O)CNC(=O)C(F)(F)F,,197.029977712,False,[]
12711,CCCOB(OCCC)OCCC,,188.158374932,False,[]
12712,CCCCOB(OCCCC)OCCCC,,230.205325124,False,[]
12713,C=C(C)C(=O)OCC(CC)CCCC,,198.161979944,False,[]
12714,CCC[As](Cl)CC,,181.984349564,False,[]
12722,FC(F)(F)CC(F)(F)F,,152.006069384,False,[]
12726,CC[CH](C)[Hg][CH](C)CC,,316.111493576,False,[]
12727,CCCC[As](Cl)Cl,,201.929727148,False,[]
12729,C=CCCCCCCCCC(=O)OCC,,212.177630008,False,[]
12730,CCCCC[As](Cl)Cl,,215.945377212,False,[]
12736,O=C(O)CCCCCCCCCCC(=O)O,,230.151809184,False,[]
12738,CCCCCCCCCCCCCCCCCCOC(=O)CCSCCC(=O)OCCCCCCCCCCCCCCCCCC,,682.5933821039999,False,[]
12741,CCCCCCCCC(C)=O,,156.15141526,False,[]
12742,CCCCCCCCCBr,,206.067012708,False,[]
12743,CCCCCOCCCCC,,158.167065324,False,[]
12744,CCCCCCCCCCCBr,,234.098312836,False,[]
12745,CCCCCCCC=CCCCCCCCCC(=O)O,,282.255880328,False,[]
12754,Clc1ccccc1Br,,189.918489908,False,[]
12758,ClC1=C(Cl)C(Cl)=C(Cl)C1,,201.891060784,False,[]
12761,Br[As](Br)c1ccccc1,,309.79739586000005,False,[]
12762,Cl[As](Cl)c1ccccc1,,221.89842702,False,[]
12767,FC1=C(F)C(F)(F)C1(F)F,,161.99041932,False,[]
12768,CC12CCC(Br)(CC1)CC2,,202.03571258,False,[]
12770,Nc1c(Cl)cc(I)cc1Cl,,286.876552488,False,[]
12771,O=C1C=C(Cl)C(=O)C(Cl)=C1,,175.943184664,False,[]
12772,CN(C)c1ccccc1Cl,,155.050177,False,[]
12776,CCc1nc(Cl)nc(Cl)n1,,176.98605252,False,[]
12779,CSSCc1ccccc1,,170.02239232,False,[]
12783,O=C1CCC2(CCCCC2)O1,,154.099379688,False,[]
12785,Cc1cc(O)c(C)c(C)c1O,,152.083729624,False,[]
12786,Nc1c(F)c(F)cc(F)c1F,,165.020161976,False,[]
12787,Cc1c(O)c(O)cc(O)c1O,,156.042258736,False,[]
12788,Cc1ccc([N+](=O)[O-])c(O)c1,,153.042593084,False,[]
12790,Nc1nc(F)nc2nc[nH]c12,,153.045073348,False,[]
12791,NC(=O)C(N)c1ccccc1,,150.07931294,False,[]
12792,NC(=O)c1ccc([N+](=O)[O-])o1,,156.017106608,False,[]
12793,O=P(O)(O)Oc1ccccc1,,174.00819533400002,False,[]
12795,CCc1nc(Cl)nc(CC)n1,,171.056325,False,[]
12796,NC(=O)Nc1cccc(O)c1,,152.058577496,False,[]
12798,CCC1(CC)COC(=O)NC1=O,,171.089543276,False,[]
12799,O=C1NC(=O)C2(CCCCC2)N1,,168.089877624,False,[]
12800,CC12CC3CC(C1)CC(C)(C3)C2,,164.15650064,False,[]
12801,O=C1Cc2ccccc2C(=O)O1,,162.031694052,False,[]
12802,CC(=O)c1c[nH]c2ccccc12,,159.068413908,False,[]
12803,CN(C)c1ccccc1N(C)C,,164.131348512,False,[]
12804,Nc1nnc(-c2ccncc2)o1,,162.054160812,False,[]
12805,NC(N)=NCc1ccccc1F,,167.08587554,False,[]
12806,Nc1nc(N)nc(C(F)(F)F)n1,,179.041879788,False,[]
12807,CC(=Cc1ccccc1)[N+](=O)[O-],,163.063328528,False,[]
12809,CCc1nc(OC)nc(OC)n1,,169.085126592,False,[]
12810,CCCCCC1CCCC(=O)O1,,170.130679816,False,[]
12811,CC(=O)CC(=O)Nc1nccs1,,184.030648496,False,[]
12812,NC(N)=NOCc1ccccc1,,165.090211972,False,[]
12813,CCCCCCC1CCC(=O)O1,,170.130679816,False,[]
12814,ClC1=C(Cl)C(Cl)(Cl)C(Cl)(Cl)C1(Cl)Cl,,339.75082144,False,[]
12815,FC1(F)C(Cl)=C(Cl)C(F)(F)C1(F)F,,243.92812468,False,[]
12816,CN1C(=O)NC2(CCCCC2)C1=O,,182.105527688,False,[]
12817,CC1CCC2(CC1)NC(=O)NC2=O,,182.105527688,False,[]
12818,CN(C)S(=O)(=O)c1ccc(Br)cc1,,262.96156166000003,False,[]
12819,O=Cc1c(O)ccc2ccccc12,,172.052429496,False,[]
12820,COc1ccc(C(C)=O)c(O)c1O,,182.0579088,False,[]
12821,CC(=O)c1cccc(S(=O)(=O)F)c1,,202.009993304,False,[]
12822,CCOC(=O)NC1C2CC3C(C2)C31,,181.11027872,False,[]
12823,N#CC(=Cc1ccccc1)C(N)=O,,172.063662876,False,[]
12825,CC(Cc1ccccc1)OC(N)=O,,179.094628656,False,[]
12826,O=C(Nc1ccccc1)OCCO,,181.073893212,False,[]
12827,NS(=O)(=O)NCCc1ccccc1,,200.061948624,False,[]
12828,NC(=O)C=Cc1ccc([N+](=O)[O-])o1,,182.032756672,False,[]
12829,FC1(F)SC(F)(F)C(F)(F)SC1(F)F,,263.93136776,False,[]
12830,O=C1NC2(CCCCC2)C(=O)N1CO,,198.100442308,False,[]
12831,O=C1NC2(CCCC2)C(=O)N1CCO,,198.100442308,False,[]
12832,CC(N)Cc1c[nH]c2cccc(Cl)c12,,208.076726096,False,[]
12833,CC(N)Cc1c[nH]c2ccc(Cl)cc12,,208.076726096,False,[]
12834,CC(N)Cc1c[nH]c2ccc(F)cc12,,192.106276636,False,[]
12835,COc1ccc2[nH]cc(CCO)c2c1,,191.094628656,False,[]
12836,Cl[As](c1ccccc1)c1ccccc1,,263.9686995,False,[]
12837,O=C(c1ccccc1)C1CCCCC1,,188.120115132,False,[]
12838,N#Cc1cc(C#N)c(C#N)cc1C#N,,178.027946064,False,[]
12839,CC(Cc1ccccc1Cl)OC(N)=O,,213.055656304,False,[]
12840,O=Cc1cc2c(cc1[N+](=O)[O-])OCO2,,195.01677226,False,[]
12841,CC(C)(C)c1ccc(OCCO)cc1,,194.130679816,False,[]
12842,Oc1cccc(Oc2ccccc2)c1,,186.06807956,False,[]
12843,CC(Cc1ccc(Cl)cc1)OC(N)=O,,213.055656304,False,[]
12844,CCCCCCCC1CCCC(=O)O1,,198.161979944,False,[]
12845,NC(N)=NOCCOc1ccccc1,,195.100776656,False,[]
12847,CCC1(CC)C(=O)N(C)C(=O)N(C)C1=O,,212.116092372,False,[]
12848,C=CCN1C(=O)NC(=O)C12CCCCC2,,208.121177752,False,[]
12849,O=C1NC(=O)C2(CCCCC2)N1CCO,,212.116092372,False,[]
12850,O=C1NC2(CCCCCC2)C(=O)N1CO,,212.116092372,False,[]
12851,CCC(N)Cc1c[nH]c2cccc(Cl)c12,,222.09237616,False,[]
12852,Nc1ncnc2c1ncn2C1CCCC1,,203.11709541599998,False,[]
12853,Cc1nn(-c2ccccc2)c(C)c1N=O,,201.090211972,False,[]
12854,O=C(O)c1cccc(-c2ccccc2)c1,,198.06807956,False,[]
12855,c1ccc(-c2nc3ccccc3[nH]2)cc1,,194.08439832,False,[]
12856,c1ccc(-c2nc3ccccc3s2)nc1,,212.040819256,False,[]
12857,COC(=O)NNC(C)c1ccc(F)cc1,,212.096105876,False,[]
12858,O=C(C=Cc1ccco1)c1ccccc1,,198.06807956,False,[]
12859,Fc1nc(C(F)(F)F)nc(C(F)(F)F)n1,,234.99804454,False,[]
12860,CC(C)c1cc(C(C)C)cc(C(C)C)c1,,204.187800768,False,[]
12861,Fc1nc(F)nc(Nc2ccccc2)n1,,208.056052632,False,[]
12862,Fc1nc(F)nc(Sc2ccccc2)n1,,225.0172246,False,[]
12863,CC(=O)N1C(=O)NC(=O)C12CCCCCC2,,224.116092372,False,[]
12864,CC(=O)N1C(=O)NC(=O)C12CCC(C)CC2,,224.116092372,False,[]
12865,C=CCN1C(=O)NC2(CCCCCC2)C1=O,,222.136827816,False,[]
12866,O=C1NC2(CCCCCC2)C(=O)N1CCO,,226.131742436,False,[]
12867,CC(C)(C)C1=CC(=O)C=C(C(C)(C)C)C1=O,,220.14632988,False,[]
12868,O=C(Cl)c1c(Cl)c(Cl)c(C(=O)Cl)c(Cl)c1Cl,,337.80294532,False,[]
12869,COCc1c(C#N)c(Cl)nc(C)c1[N+](=O)[O-],,241.025418796,False,[]
12870,Nc1ccc(Cl)cc1C(=O)c1ccccc1,,231.04509162,False,[]
12871,CCNc1nc(NCC)nc(C(F)(F)F)n1,,235.10448004399998,False,[]
12872,NC(=O)NN=CC=Cc1ccc([N+](=O)[O-])o1,,224.054554736,False,[]
12873,Cc1cccc(/N=N/c2ccc(N)cc2)c1,,211.110947416,False,[]
12874,Cc1ccc(/N=N/c2ccc(N)cc2)cc1,,211.110947416,False,[]
12875,Nc1ccc(SSc2ccc(N)cc2)cc1,,248.044190384,False,[]
12876,O=[N+]([O-])[O-].c1ccc([I+]c2ccccc2)cc1,,342.97054118,False,[]
12877,c1ccc([I+]c2ccccc2)cc1,,280.98217474009,False,[]
12878,Cc1ccc(CON=C(N)N)cc1.O=[N+]([O-])O,,242.101504928,False,[]
12879,Cc1ccc(CON=C(N)N)cc1,,179.105862036,False,[]
12880,C=CCC1(CC=C)C(=O)N(C)C(=O)N(C)C1=O,,236.116092372,False,[]
12881,CN1C(=O)N(CC2CO2)C(=O)C12CCCCC2,,238.131742436,False,[]
12884,O=C1C(=O)N(c2ccccc2)c2ccccc21,,223.063328528,False,[]
12885,Nc1c(Br)cc2c(c1Br)Cc1cc(Br)ccc1-2,,414.82068555600006,False,[]
12886,CC(=O)Nc1ccc(-c2ccccc2)cc1F,,229.090292224,False,[]
12887,CC(=O)Nc1ccc(-c2cccc(F)c2)cc1,,229.090292224,False,[]
12888,c1ccc(-c2nnc(-c3ccccc3)o2)cc1,,222.07931294,False,[]
12889,O=C(O)c1cc(C(F)(F)F)cc(C(F)(F)F)c1,,258.011548688,False,[]
12890,O=C(c1ccccc1)C(Br)C(=O)c1ccccc1,,301.994241692,False,[]
12891,NC(N)=NOCc1ccc(-c2ccccc2)cc1,,241.1215121,False,[]
12892,S=C(SSC(=S)N1CCOCC1)N1CCOCC1,,324.00946175199994,False,[]
12893,O=C(O)C(Oc1ccccc1)Oc1ccccc1,,244.07355886399998,False,[]
12894,Cc1nc(NS(=O)(=O)c2ccc(N)cc2)oc1C,,267.067762276,False,[]
12896,Nc1ccc(/N=N/c2ccc([N+](=O)[O-])cc2)cc1,,242.08037556,False,[]
12897,CCC1(c2ccccc2)C(=O)N(C)C(=O)N(C)C1=O,,260.116092372,False,[]
12898,Cc1ccc(N(SC(F)(Cl)Cl)S(=O)(=O)N(C)C)cc1,,345.977953236,False,[]
12899,O=C(O)c1cc2cccc(N(CCCl)CCCl)c2[nH]1,,300.04323304800005,False,[]
12900,O=[N+]([O-])c1cc(-c2ccccc2)c(O)c([N+](=O)[O-])c1,,260.04332135600004,False,[]
12901,COP(=S)(OC)SCN1C(=O)c2ccccc2C1=O,,316.994536494,False,[]
12902,CC(C)(C)c1cc(C(C)(C)C)c(O)c(C(C)(C)C)c1,,262.22966558,False,[]
12903,O=C(NNC(=O)c1ccc(F)cc1)c1ccccc1,,258.080455812,False,[]
12904,O=C(O)c1cc2cc(N(CCCl)CCCl)ccc2[nH]1,,300.04323304800005,False,[]
12906,NC(N)=NOC(c1ccccc1)c1ccccc1.O=[N+]([O-])O,,304.11715499199994,False,[]
12907,NC(N)=NOC(c1ccccc1)c1ccccc1,,241.1215121,False,[]
12908,CC(=O)c1ccc([C@@H](O)C(CO)NC(=O)C(Cl)Cl)cc1,,319.03781332,False,[]
12909,CSc1nc(-c2ccccc2)nc(-c2ccccc2)n1,,279.083018416,False,[]
12910,CCc1ccc(F)c(NC(=O)CCCN(CC)CC)c1,,280.19509164,False,[]
12911,CCc1ccc(Cl)c(NC(=O)CC(C)N(CC)CC)c1,,296.16554110000004,False,[]
12912,O=Nc1ccc(NNC(=O)c2ccccc2)c(=O)cc1,,269.080041212,False,[]
12913,O=Nc1ccc(NNC(=O)c2ccncc2)c(=O)cc1,,270.07529017999997,False,[]
12914,CCOC(=O)c1ccc(NC(=O)c2ccccc2)cc1,,269.10519334,False,[]
12915,C=CCN1C(=O)N(c2ccccc2)C2(CCCCC2)C1=O,,284.15247788,False,[]
12917,COc1ccc(C(C#N)=C2C=CC(=NO)C(C)=C2Cl)cc1,,300.066555336,False,[]
12918,Cc1cc(Oc2c(I)cc(CCO)cc2I)cc(C)c1O,,509.9188903719999,False,[]
12920,Cc1nc(Oc2ccccc2)nc(Oc2ccccc2)n1,,279.10077665600005,False,[]
12921,CCCCCCCCC1=C(CCCCCCCC(=O)O)C1,,294.255880328,False,[]
12922,CC1C(=O)N(C2CCCCC2)C(=O)N(C2CCCCC2)C1=O,,306.19434269199996,False,[]
12923,COC(=O)c1c(I)c(CNC(C)=O)c(I)c(NC(C)=O)c1I,,641.800950896,False,[]
12924,COc1cc(C(=O)Nc2ccccc2C)cc(OC)c1OC,,301.131408088,False,[]
12925,CCc1nc(Oc2ccccc2)nc(Oc2ccccc2)n1,,293.11642672000005,False,[]
12926,O=C(CCN1CC1)NCCCCCCNC(=O)CCN1CC1,,310.2368762,False,[]
12927,CC(ON=C(N)N)c1ccccc1.O=S(=O)(O)NC1CCCCC1,,358.167476312,False,[]
12928,CC(ON=C(N)N)c1ccccc1,,179.105862036,False,[]
12929,CC(Cc1ccccc1)ON=C(N)N.O=S(=O)(O)NC1CCCCC1,,372.183126376,False,[]
12930,CC(Cc1ccccc1)ON=C(N)N,,193.1215121,False,[]
12931,COc1ccc(N2C(=O)N(CCO)C(=O)C23CCCCC3)cc1,,318.157957184,False,[]
12932,CC(C)OP(=S)(OC(C)C)SCCNS(=O)(=O)c1ccccc1,,397.06050787799995,False,[]
12933,O=S1(=O)NC(CC2CCCC2)Nc2cc(Cl)c(SN(O)O)cc21,,379.04272573599997,False,[]
12935,CCCC1C(=O)N(C2CCCCC2)C(=O)N(C2CCCCC2)C1=O,,334.22564281999996,False,[]
12936,C=CCC1C(=O)N(C2CCCCC2)C(=O)N(C2CCCCC2)C1=O,,332.20999275599996,False,[]
12937,C=CCC1C(=O)N(c2ccccc2)C(=O)N(c2ccccc2)C1=O,,320.11609237199997,False,[]
12938,CCC1(c2ccccc2)C(=O)NC(=O)N(C(=O)c2ccccc2)C1=O,,336.111006992,False,[]
12939,CCC(C)C1C(=O)N(C2CCCCC2)C(=O)N(C2CCCCC2)C1=O,,348.24129288399996,False,[]
12940,CC(C)CC1C(=O)N(C2CCCCC2)C(=O)N(C2CCCCC2)C1=O,,348.24129288399996,False,[]
12941,CCCCC1C(=O)N(C2CCCCC2)C(=O)N(C2CCCCC2)C1=O,,348.24129288399996,False,[]
12942,CCCCC1C(=O)N(c2ccccc2)C(=O)N(c2ccccc2)C1=O,,336.14739249999997,False,[]
12943,CCCCC[C@H](O)C=CC1[C@H](O)CC(=O)[C@@H]1CCCCCCC(=O)O,,354.2406241879999,False,[]
12944,CCCC(C)C1C(=O)N(C2CCCCC2)C(=O)N(C2CCCCC2)C1=O,,362.25694294799996,False,[]
12945,COC([CH2][Hg])CN1C(=O)CCC1=O.Cn1c(=O)c2[nH]cnc2n(C)c1=O.O,,570.1276514240002,False,[]
12946,COC([CH2][Hg])CN1C(=O)CCC1=O,,372.052361244,False,[]
12947,CCN(CCO)CCCC(C)Nc1ccnc2cc(Cl)ccc12.O=S(=O)(O)O,,433.14381967599985,False,[]
12948,C=C[C@H]1CN2CCC1C[C@@H]2[C@@H](O)c1ccnc2ccc(OC)cc12.O=S(=O)(O)O,,422.15115755199986,False,[]
12949,O=C1C(c2ccccc2)C(=O)N(C2CCCCC2)C(=O)N1C1CCCCC1,,368.209992756,False,[]
12951,CN(C)CCC=C1c2ccccc2CS(=O)c2ccccc21,,311.13438529200005,False,[]
12952,C=CC1CN2CCC1CC2C(O)c1ccnc2ccc(OC)cc12.CC(O)C(=O)O,,414.2154720599999,False,[]
12953,C[C@]12[C@H](O)CC3C(CC[C@]4(O)C[C@@H](O)CC[C@]34C=O)[C@@]1(O)CC[C@@H]2C1=CC(=O)OC1,,420.2148033639999,False,[]
12955,[CH3][Sn]([CH3])([Cl])[Cl],,219.886850252,False,[]
12959,COP(=S)(S)OC,,157.962508094,False,[]
12960,CCOP(=O)(OCC)OP(=O)(OCC)OP(=O)(OCC)OP(=O)(OCC)OCC,,506.0636875399998,False,[]
12963,FC(F)=C(Cl)Br,,175.88399622,False,[]
12966,CCOC(=O)C(C(=O)OCC)C(C)C,,202.120509056,False,[]
12968,CCCN(CCC)C(=O)SCC,,189.118735228,False,[]
12972,CCCCCCCCC(C(=O)O)C(=O)O,,216.13615912,False,[]
12974,C=C(C)C(=O)OC(=O)C(=C)C,,154.06299418,False,[]
12975,CCCCN(C=O)CCCC,,157.146664228,False,[]
12978,CCCCCCCCC(=O)OOC(=O)CCCCCCCC,,314.245709568,False,[]
12979,CCCCCCCC(=O)OOC(=O)CCCCCCC,,286.21440944,False,[]
12996,CCCCCCCC(=O)O.[K+],,183.07818785209,False,[]
12998,C=COCCOCCOC=C,,158.094294308,False,[]
12999,C=COCCCCCCCCCC,,184.182715388,False,[]
13000,CCCCCCCCCCCCCBr,,262.129612964,False,[]
13001,C#CCCCCCCCCCCCCCCCCCC,,278.297351216,False,[]
13029,C[Si](C)(Cl)c1ccccc1,,170.031854562,False,[]
13038,O=P(Cl)(Cl)Oc1ccccc1,,209.94042138999998,False,[]
13039,NC(=O)Nc1cccc(F)c1,,154.054241064,False,[]
13040,Nc1c(F)c(F)c(F)c(F)c1F,,183.010740164,False,[]
13041,Oc1c(F)c(F)c(F)c(F)c1F,,183.994755752,False,[]
13042,Fc1c(F)c(F)c(S)c(F)c1F,,199.971912132,False,[]
13043,C1=C(c2ccccc2)CCCC1,,158.109550448,False,[]
13044,O=[N+]([O-])c1ccc(O)c(CBr)c1,,230.953105152,False,[]
13045,OC(N1CC1)(C(F)(F)F)C(F)(F)F,,209.0275331,False,[]
13046,Cc1cc(C)c(S(=O)(=O)Cl)c(C)c1,,218.016828272,False,[]
13047,OCCc1cccc2ccccc12,,172.088815004,False,[]
13048,C[NH2+]C(C)C(O)c1ccc(N)cc1.[Cl-],,216.102940844,False,[]
13049,CNC(C)C(O)c1ccc(N)cc1,,180.126263132,False,[]
13050,CCOC(=O)C(O)c1ccccc1,,180.078644244,False,[]
13051,CCCCC=C1OC(=O)C(C)=C1C,,180.115029752,False,[]
13052,NC(Cc1cccc(O)c1)C(=O)O,,181.073893212,False,[]
13053,CC(=Cc1ccc(F)cc1)[N+](=O)[O-],,181.053906716,False,[]
13054,FC1(F)C=CC(F)(F)C(F)(F)C1(F)F,,226.002875824,False,[]
13055,CC1CCC2(CC1)CC[N+](C)(C)CC2.[I-],,323.11099783199995,False,[]
13056,CC1CCC2(CC1)CC[N+](C)(C)CC2,,196.20597625208998,False,[]
13057,Nc1ccc([N+](=O)[O-])c2ccccc12,,188.058577496,False,[]
13058,c1ccc2c(c1)CCc1ccccc1-2,,180.093900384,False,[]
13059,CC(C[NH3+])c1c[nH]c2ccc(F)cc12.[Cl-],,228.082954348,False,[]
13060,CC(CN)c1c[nH]c2ccc(F)cc12,,192.106276636,False,[]
13061,Brc1ccccc1Cc1ccccc1,,246.004412452,False,[]
13062,O=C(NC=CNC(=O)N1CC1)N1CC1,,196.096025624,False,[]
13063,CCNc1nc(F)nc(NC(C)C)n1,,199.12332366799998,False,[]
13064,O=C1CCCCC(=O)OCCCCO1,,200.104858992,False,[]
13065,CC(C)(c1ccccc1)c1ccccc1,,196.125200512,False,[]
13066,CCCCOS(=O)(=O)c1ccc(C)cc1,,228.082015372,False,[]
13067,CCOC(=O)Cc1c[nH]c2ccccc12,,203.094628656,False,[]
13068,Cc1c2ccccc2cc2ccccc12,,192.093900384,False,[]
13069,Nc1c2ccccc2cc2ccccc12,,193.089149352,False,[]
13070,CC(=Cc1ccccc1)c1ccccc1,,194.109550448,False,[]
13071,COc1ccc(NC2CCCCC2)cc1,,205.146664228,False,[]
13072,CNC(=O)Oc1cccc(C(C)(C)C)c1,,207.125928784,False,[]
13073,c1ccc([CH2][Hg][CH2]c2ccccc2)cc1,,384.080193448,False,[]
13074,C=CCC1(CC=C)C(=O)NC(=O)N(C)C1=O,,222.100442308,False,[]
13075,CCO[Si](OCC)(OCC)c1ccccc1,,240.11817102999998,False,[]
13076,Cc1c2ccccc2c(C)c2ccccc12,,206.109550448,False,[]
13077,O=C(O)CCCc1cccc2ccccc12,,214.099379688,False,[]
13078,Clc1ccc(C(Cl)c2ccc(Cl)cc2)cc1,,269.976983328,False,[]
13079,Clc1cccc(NNc2ccccc2Cl)c1,,252.02210368,False,[]
13080,OC(COCCN1CCCC1)c1ccccc1,,235.157228912,False,[]
13081,CCOP(=S)(OCC)SCSc1ccc(Cl)cc1,,341.973857062,False,[]
13082,C=CCC1C(=O)NC(=O)N(c2ccccc2)C1=O,,244.084792244,False,[]
13083,O=C1c2cc(Cl)ccc2CCC1c1cccnc1,,257.060741684,False,[]
13084,O=C(O)c1ccc(-c2ccc(C(=O)O)cc2)cc1,,242.0579088,False,[]
13085,O=C(NNC(=O)c1ccccc1)c1ccccc1,,240.089877624,False,[]
13086,Cc1cccc(C)c1NC(=O)c1ccc(N)cc1,,240.126263132,False,[]
13087,CCc1ccc(F)c(NC(=O)CN(CC)CC)c1,,252.163791512,False,[]
13088,CCOC(=O)N(C)N=Cc1ccc([N+](=O)[O-])cc1,,251.090605896,False,[]
13089,Clc1ccc(C(c2ccccc2Cl)C(Cl)(Cl)Cl)cc1,,351.914688688,False,[]
13090,O=[N+]([O-])c1cc2ccc3cccc4ccc(c1)c2c34,,247.063328528,False,[]
13091,c1ccc(C2c3ccccc3-c3ccccc32)cc1,,242.109550448,False,[]
13092,Nc1ccc2c(ccc3c4ccccc4ccc23)c1,,243.104799416,False,[]
13095,NC(=O)OCC(O)Cc1cccc(C(F)(F)F)c1,,263.076927904,False,[]
13096,CC(=O)Nc1ccc(OC(=O)OCC(Cl)(Cl)Cl)cc1,,324.96754084,False,[]
13097,O=P(c1ccccc1)(c1ccccc1)c1ccccc1,,278.08605173,False,[]
13098,FC(F)(F)C1(C(F)(F)F)SC(C(F)(F)F)(C(F)(F)F)S1,,363.92498064000006,False,[]
13099,COC(=O)c1ccc(-c2ccc(C(=O)OC)cc2)cc1,,270.089208928,False,[]
13100,CC(=O)c1ccc(CCc2ccc(C(C)=O)cc2)cc1,,266.130679816,False,[]
13101,CC(C)CC(C)Nc1ccc(Nc2ccccc2)cc1,,268.193948768,False,[]
13103,CCCCCCCCCCCC[NH+]1CCC2(CCCCC2)C1.[Cl-],,343.300578024,False,[]
13104,CCCCCCCCCCCCN1CCC2(CCCCC2)C1,,307.323900312,False,[]
13105,Nc1ccc2ccccc2c1-c1ccc2ccccc2c1N,,284.131348512,False,[]
13106,Fc1ccccc1C(Br)=C(c1ccccc1)c1ccccc1,,352.026290768,False,[]
13107,Clc1ccc(C(Br)=C(c2ccccc2)c2ccccc2)cc1,,367.99674022799996,False,[]
13108,CCC12CC[C@@H]3C4CCC(=O)C=C4CCC3[C@@H]1CC[C@@]2(O)CC,,316.240230264,False,[]
13109,C#C[C@]1(O)CC[C@H]2[C@@H]3CCC4=CC(=O)CC[C@@H]4[C@H]3CC[C@@]21CC,,312.208930136,False,[]
13110,CCCCCCCCCCCC[N+]1(C)CCC2(CCCCC2)C1.[I-],,449.251848408,False,[]
13111,CCCCCCCCCCCC[N+]1(C)CCC2(CCCCC2)C1,,322.34682682809,False,[]
13112,COP(=O)(Oc1ccc([N+](=O)[O-])cc1)Oc1ccc([N+](=O)[O-])cc1,,354.025301942,False,[]
13113,CCN(CC)CCC(=O)N1c2ccccc2Sc2ccc(Cl)cc21,,360.106311972,False,[]
13116,CO[C@@]12[C@H](COC(N)=O)C3=C(C(=O)C(C)=C(N)C3=O)N1C[C@H]1[C@@H]2N1C,,348.14336974,False,[]
13117,FC(F)(F)c1cccc(C(Br)=C(c2ccccc2)c2ccccc2)c1,,402.023097208,False,[]
13118,NC(N)=NN=C(C=Cc1ccc([N+](=O)[O-])o1)C=Cc1ccc([N+](=O)[O-])o1,,360.08183210399994,False,[]
13119,C=C[C@H]1CN2CCC1C[C@H]2[C@H](O)c1ccnc2ccc(OC)cc12.C=C[C@H]1CN2CCC1C[C@H]2[C@H](O)c1ccnc2ccc(OC)cc12.O=S(=O)(O)O,,746.3349355600003,False,[]
13120,C=CC1CN2CCC1C[C@H]2C(O)c1ccnc2ccc(OC)cc12,,324.183778008,False,[]
13121,C[Si](O[Si](C)(c1ccccc1)c1ccccc1)(c1ccccc1)c1ccccc1,,410.152218512,False,[]
13122,CC(=O)NCC1(c2ccccc2)CCN(CCCC(=O)c2ccc(F)cc2)CC1,,396.221306388,False,[]
13123,C[NH+](C)CCOCCOC(c1ccccc1)c1ccccc1C(F)(F)F.O=C([O-])C(=O)O,,457.17122221199986,False,[]
13124,CN(C)CCOCCOC(c1ccccc1)c1ccccc1C(F)(F)F,,367.175913668,False,[]
13125,CC(=O)O[C@H]1CC[C@]2(C)C3CC[C@]4(C)[C@@H](C5=CC(=O)OC5)CC[C@]4(O)C3CC[C@@H]2C1,,416.25627425199997,False,[]
13126,CC(C)(C)C(=O)OCC(=O)C1CCC2C3CCC4=CC(=O)CCC4(C)C3CCC12C,,414.277009696,False,[]
13127,C[As](C)(=O)[O-].C[As](C)(=O)[O-].[Mg+2],,297.901793564,False,[]
13131,CC(Cl)C(Cl)(Cl)Cl,,179.906710848,False,[]
13132,FC(F)C(F)(Cl)Cl,,151.940740052,False,[]
13133,N#CC(Cl)(Cl)CCl,,156.925282104,False,[]
13135,O=C([O-])CC(O)(CC(=O)[O-])C(=O)[O-].[Bi+3],,397.98392620000004,False,[]
13136,O=C([O-])CC(O)(CC(=O)[O-])C(=O)[O-].O=C([O-])CC(O)(CC(=O)[O-])C(=O)[O-].[Ca+2].[Ca+2].[Ca+2],,497.89482793999997,False,[]
13137,O=C([O-])CC(O)(CC(=O)[O-])C(=O)O.[Sr+2],,277.91696463200003,False,[]
13138,CCCCP(=O)(CCCC)CCCC,,218.17995211399997,False,[]
13139,CCOP(=O)(Cl)OCC,,172.00560849,False,[]
13141,O=C([O-])CS.O=C([O-])CS.[Ca+2],,221.93334165200002,False,[]
13144,CC(O)C(=O)[O-].CC(O)C(=O)[O-].[Ca+2],,218.01032902000003,False,[]
13145,CC(O)C(=O)[O-].CC(O)C(=O)[O-].[Cu+2],,240.97733554,False,[]
13146,CC(O)C(=O)[O-].CC(O)C(=O)[O-].[Hg+2],,380.01838104,False,[]
13148,O=C([O-])C(=O)[O-].[Cu+2],,150.90925598,False,[]
13149,O=C([O-])C(=O)[O-].[Sn+2],,207.88185318,False,[]
13151,CC(N)C(O)C(Cl)(Cl)Cl,,190.967146916,False,[]
13153,O=C(Cl)C(Cl)=C(Cl)Cl,,191.87032534,False,[]
13154,O=C([O-])[C@H](O)[C@@H](O)C(=O)[O-].O=C([O-])[C@H](O)[C@@H](O)C(=O)[O-].O=C([O-])[C@H](O)[C@@H](O)C(=O)[O-].[Al+3].[Al+3],,497.9654408039998,False,[]
13155,O=C([O-])[C@H](O)[C@@H](O)C(=O)[O-].[Cu+2],,210.930385348,False,[]
13158,O=C([O-])CC(O)C(=O)[O-].[Pb+2],,339.982525328,False,[]
13160,C=NNC(CCC(=O)O)C(=O)O,,174.0640568,False,[]
13162,CCCCCCCC(=O)CCCCCCC,,226.22966558,False,[]
13163,CCOC(=O)CCCC(=O)OCC,,188.104858992,False,[]
13164,C=COC(=O)CCCCCCC,,170.130679816,False,[]
13167,O=S(=O)([O-])CS(=O)(=O)[O-].[Ca+2],,213.89187076400003,False,[]
13170,O=P([O-])([O-])OC(CCO)CCO.O=P([O-])([O-])OCC(O)CO.[Na+].[Na+].[Na+].[Na+],,459.986426396,False,[]
13171,O=P(O)(O)OC(CCO)CCO,,200.04497476600002,False,[]
13172,CCOC(=O)C(C)NC(=O)C=[N+]=[N-],,185.080041212,False,[]
13175,CCCCCC(=O)CCCC,,156.15141526,False,[]
13178,[N-]=[N+]=CC(=O)NCC(=O)NN,,157.059974464,False,[]
13179,N#[N+]C=C(O)NCC(=O)NN,,158.06725091609,False,[]
13180,BrCC=CCBr,,211.883624392,False,[]
13184,CCCCCCC(Cl)Cl,,168.047255808,False,[]
13185,O=C(O)CCCCCCCCCCCCC(=O)O,,258.183109312,False,[]
13186,ClCC[NH2+]CCCl.[Cl-],,176.98788236,False,[]
13188,O=C(O)CCCCCCCl,,164.060407336,False,[]
13189,CCCCCCCCC(Cl)Cl,,196.078555936,False,[]
13190,C=CCCCCCCCCC,,154.172150704,False,[]
13191,ClCCCCCCCCCCl,,196.078555936,False,[]
13192,O=C=NCCCCCCN=C=O,,168.089877624,False,[]
13193,CCCCCCCCCCCCCCl,,218.18012854399998,False,[]
13202,ClC1CCCCC1Cl,,152.01595568,False,[]
13210,CCC12COP(OC1)OC2,,162.044580842,False,[]
13214,O=[N+]([O-])c1ccc([O-])cc1.[Na+],,161.008887268,False,[]
13216,OC1CCC2CCCCC2C1,,154.135765196,False,[]
13218,NS(=O)(=O)c1ccc(I)cc1,,282.916397432,False,[]
13219,O=[N+]([O-])c1ccc([N+](=O)[O-])o1,,157.996371164,False,[]
13220,CC1(C)CC(=O)CC(C)(C)N1,,155.131014164,False,[]
13221,CNC1(C)C2CCC(C2)C1(C)C.Cl,,203.14407738399998,False,[]
13222,CC(C)(C(=O)O)c1ccccc1,,164.083729624,False,[]
13223,O=C1OC(=O)C2C3C=CC(C3)C12,,164.04734411599998,False,[]
13224,Cc1ccc2cccc(O)c2n1,,159.068413908,False,[]
13225,Cn1c(=O)n(C)c(=O)n(C)c1=O,,171.064391148,False,[]
13227,CN(C)C(C#N)c1ccccc1,,160.100048384,False,[]
13228,CCN(CCBr)c1ccccc1,,227.030961548,False,[]
13229,c1ccc(C2CCCCC2)cc1,,160.125200512,False,[]
13230,C=Cc1ccc2ccccc2c1,,154.07825032,False,[]
13231,Nc1c(Br)cc([N+](=O)[O-])cc1Br,,293.863951568,False,[]
13232,CC(=O)OC1CC(C)OC(C)O1,,174.089208928,False,[]
13233,CC1(C)SC(C)(C)SC(C)(C)S1,,222.057063576,False,[]
13234,CCC(C)(C(=O)O)c1ccccc1,,178.099379688,False,[]
13235,O=C(O)C12CC3CC(CC(C3)C1)C2,,180.115029752,False,[]
13236,NNc1c(F)c(F)c(F)c(F)c1F,,198.021639196,False,[]
13237,Cc1ccc2cc(C)c(C)cc2c1,,170.109550448,False,[]
13238,Cc1ccc(NC(=O)N2CC2)cc1,,176.094963004,False,[]
13239,C1CCC(PC2CCCCC2)CC1,,198.153737366,False,[]
13240,Cl.[H]/N=C(\N)N(C)OCc1ccccc1,,215.082539748,False,[]
13241,[H]/N=C(\N)N(C)OCc1ccccc1,,179.105862036,False,[]
13242,CCCCCC=Cc1ccccc1,,174.140850576,False,[]
13243,CC(=O)Oc1ccc([N+](=O)[O-])cc1,,181.037507704,False,[]
13244,O=[N+]([O-])C=Cc1ccc([N+](=O)[O-])o1,,184.012021228,False,[]
13245,COc1ccc(C=CC(=O)O)cc1,,178.06299418,False,[]
13246,O=C1CCCCCCCCCCC1,,182.167065324,False,[]
13247,CC(=O)Oc1cccc2ccccc12,,186.06807956,False,[]
13249,CN(C)Cc1c[nH]c2ccc(Br)cc12,,252.026210516,False,[]
13250,CCOC(=O)c1cc(O)c(O)c(O)c1,,198.05282342,False,[]
13252,CNC(=O)Oc1cc(C)c(N)c(C)c1,,194.105527688,False,[]
13253,Clc1ccc(Cc2ccccc2)cc1,,202.054928032,False,[]
13254,Oc1ccc(Oc2ccccc2)cc1,,186.06807956,False,[]
13255,c1ccc(CSc2ccccc2)cc1,,200.065971384,False,[]
13256,Cc1cccc2ccc3ccccc3c12,,192.093900384,False,[]
13257,Cc1cccc2c1ccc1ccccc12,,192.093900384,False,[]
13258,Cc1ccc2ccc3ccccc3c2c1,,192.093900384,False,[]
13259,CC(C)(N)Cc1c[nH]c2ccc(Br)cc12,,266.04186058,False,[]
13260,CC(C)(N)Cc1c[nH]c2ccc(Cl)cc12,,222.09237616,False,[]
13261,CC(=O)OCCc1ccccc1[N+](=O)[O-],,209.068807832,False,[]
13262,CC(=O)Nc1ccc2oc(=O)ccc2c1,,203.058243148,False,[]
13263,CCNc1nc(NC(C)C)nc(SC)n1,,227.12046654399998,False,[]
13264,COc1ccc(Cc2ccccc2)cc1,,198.104465068,False,[]
13265,Nc1ccc(C=Cc2ccccc2)cc1,,195.104799416,False,[]
13266,Cl.NC(N)=N/C(N)=N/CCc1ccccc1,,241.10942319199998,False,[]
13267,CC1C(=O)NC(=O)N(C2CCCCC2)C1=O,,224.116092372,False,[]
13268,Cc1[nH]c(=O)[nH]c(=O)c1N(CCF)CCCl,,249.068032556,False,[]
13269,Oc1ccccc1-c1nc2ccccc2o1,,211.063328528,False,[]
13270,CCNc1nc(NC(C)CC)nc(SC)n1,,241.13611660799998,False,[]
13271,O=[N+]([O-])c1ccc(Nc2ccccc2)cc1,,214.07422756,False,[]
13272,COC(=O)C(C#N)=Cc1ccc([N+](=O)[O-])o1,,222.027671292,False,[]
13273,O=c1[nH]nc(C=Cc2ccc([N+](=O)[O-])o2)o1,,223.02292026,False,[]
13274,NC(N)=NOCCCc1ccccc1.O=[N+]([O-])O,,256.117154992,False,[]
13275,NC(N)=NOCCCc1ccccc1,,193.1215121,False,[]
13276,CCC1C(=O)NC(=O)N(C2CCCCC2)C1=O,,238.131742436,False,[]
13277,C[n+]1c2ccc(N)cc2cc2cc(N)ccc21,,224.11822386808998,False,[]
13278,O=c1oc2ccccc2cc1-c1cccnc1,,223.063328528,False,[]
13279,Cc1cn([C@H]2CC(O)[C@@H](CO)O2)c(=O)nc1N,,241.10625596,False,[]
13280,CCN(C(=O)CCl)c1ccc(S(N)(=O)=O)cc1,,276.033540956,False,[]
13281,CCOC(=O)CC(=O)c1ccc([N+](=O)[O-])cc1,,237.063722452,False,[]
13282,O=P(O)(Oc1ccccc1)Oc1ccccc1,,250.039495462,False,[]
13283,Cc1cc(Cc2ccc(N)c(C)c2)ccc1N,,226.146998576,False,[]
13284,CN(C)c1ccc(C=Cc2ccccc2)cc1,,223.136099544,False,[]
13285,CC(C)C1C(=O)NC(=O)N(C2CCCCC2)C1=O,,252.1473925,False,[]
13286,O=c1n(CCO)c(=O)n(CCO)c(=O)n1CCO,,261.0960852,False,[]
13287,O=c1oc2ccc(Cl)cc2cc1-c1ccncc1,,257.024356176,False,[]
13288,O=C(NN=Cc1cccc(O)c1)c1ccncc1,,241.085126592,False,[]
13289,CCOC(=O)[C@H](Cc1ccc(O)cc1)NC(C)=O,,251.115758024,False,[]
13290,COCCCNc1nc(NC(C)C)nc(SC)n1,,271.146681292,False,[]
13291,CC(C)/N=C(/NOCc1ccccc1)NC(C)C.Cl,,285.160790068,False,[]
13292,CC(C)/N=C(/NOCc1ccccc1)NC(C)C,,249.18411235599999,False,[]
13293,CC(=O)Nc1ccc(C=Cc2ccccc2)cc1,,237.1153641,False,[]
13294,CCC(C)C1C(=O)NC(=O)N(C2CCCCC2)C1=O,,266.163042564,False,[]
13295,COc1ccc2c(-c3ccncc3)cc(=O)oc2c1,,253.073893212,False,[]
13296,CCS(=O)(=O)c1ccc(S(N)(=O)=O)c2ccccc12,,299.02859989600006,False,[]
13297,Oc1ccc2ccccc2c1/N=N/c1ccccc1,,248.094963004,False,[]
13298,CC(=O)N(O)c1ccc(C=Cc2ccccc2)cc1,,253.11027872,False,[]
13299,CC(=O)Nc1ccc(C=Cc2ccc(O)cc2)cc1,,253.11027872,False,[]
13300,CCCC(C)C1C(=O)NC(=O)N(C2CCCCC2)C1=O,,280.178692628,False,[]
13301,CCCCCC1C(=O)NC(=O)N(C2CCCCC2)C1=O,,280.178692628,False,[]
13302,CC(=O)N(c1ccccc1)c1cccc(C(F)(F)F)c1,,279.087098664,False,[]
13303,C[NH2+]CCC=C1c2ccccc2CSc2ccccc21.[Cl-],,317.10049832,False,[]
13304,CNCCC=C1c2ccccc2CSc2ccccc21,,281.123820608,False,[]
13305,COCCCNc1nc(NCCCOC)nc(SC)n1,,301.157245976,False,[]
13306,O=C1NC(=O)N(C2CCCCC2)C(=O)C1C1CCCCC1,,292.178692628,False,[]
13307,O=C1NC(=O)N(C2CCCCC2)C(=O)C1c1ccccc1,,286.131742436,False,[]
13308,C[C@]12CC[C@H]3[C@@H](CCC4=CC(=O)C=C[C@@]43C)[C@@H]1CC[C@@H]2O,,286.193280072,False,[]
13309,C[NH+](C)CCCC1c2ccccc2CSc2ccccc21.[Cl-],,333.131798448,False,[]
13310,CN(C)CCCC1c2ccccc2CSc2ccccc21,,297.155120736,False,[]
13311,O=[N+]([O-])c1cc([N+](=O)[O-])c2ccc(S(=O)(=O)[O-])cc2c1[O-].[Na+],,334.95915394791,False,[]
13312,CCC(=O)C(CC[NH+](C)C)(c1ccccc1)c1ccccc1.[Cl-],,331.170292132,False,[]
13313,C#C[C@]1(O)CC[C@H]2[C@@H]3CCC4=CC(=O)CCC4=C3C=C[C@@]21C,,294.161979944,False,[]
13314,CN1C(=O)C(O)N=C(c2ccccc2Cl)c2cc(Cl)ccc21,,334.027582984,False,[]
13316,CN(C)CCCC1c2ccccc2CSc2ccc(Br)cc21,,375.065632804,False,[]
13317,C[NH+](C)CCCC1c2ccccc2CSc2ccc(F)cc21.[Cl-],,351.122376636,False,[]
13318,CN(C)CCCC1c2ccccc2CSc2ccc(F)cc21,,315.145698924,False,[]
13319,N#CC(=C1C=CC(=NO)c2ccccc21)c1ccc(Cl)cc1,,306.05599065200005,False,[]
13320,CC(CCc1ccccc1)[NH2+]C(C)C(O)c1ccc(O)cc1.[Cl-],,335.16520675199996,False,[]
13321,O=C(CCCCC(=O)OC1CCCCC1)OC1CCCCC1,,310.21440944,False,[]
13322,NC(N)=NOCCC(c1ccccc1)c1ccccc1.O=[N+]([O-])O,,332.14845511999994,False,[]
13323,NC(N)=NOCCC(c1ccccc1)c1ccccc1,,269.152812228,False,[]
13324,C=CCC1(O)CCC2C3CCC4=CC(=O)CCC4=C3C=CC21C,,310.193280072,False,[]
13325,CCC1C(=O)N(C2CCCCC2)C(=O)N(C2CCCCC2)C1=O,,320.20999275599996,False,[]
13326,Cc1cc(NS(=O)(=O)c2ccc(N)cc2)n(-c2ccccc2)n1,,328.099396752,False,[]
13327,CC(=O)O[C@H]1CC[C@H]2[C@@H]3CCC4=C(Cl)C(=O)CC[C@]4(C)[C@H]3CC[C@]12C,,364.18052246800005,False,[]
13328,CCC(=O)O[C@H]1CC[C@H]2[C@@H]3CC[C@H]4CC(=O)CC[C@]4(C)[C@H]3CC[C@]12C,,346.25079494799996,False,[]
13329,CCOC(CCN1CCN(c2cccc(C)c2)CC1)c1ccccc1,,338.23581357999996,False,[]
13330,CCC(=O)C(CC(C)N1CCCCC1)(c1ccccc1)c1ccccc1.Cl,,385.217242324,False,[]
13331,CCC(=O)C(CC(C)N1CCCCC1)(c1ccccc1)c1ccccc1,,349.240564612,False,[]
13332,CCCCCC1C(=O)N(C2CCCCC2)C(=O)N(C2CCCCC2)C1=O,,362.25694294799996,False,[]
13333,COc1ccccc1N1CCN(CCCC(O)c2ccc(F)cc2)CC1,,358.205656324,False,[]
13334,NC(Cc1ccc(Oc2ccc(N(CCCl)CCCl)cc2)cc1)C(=O)O,,396.1007479239999,False,[]
13335,O=C1C(c2[nH]c3ccc(S(=O)(=O)O)cc3c2O)=Nc2ccc(S(=O)(=O)O)cc21.[Na+].[Na+],,467.96629868018,False,[]
13336,O=[N+]([O-])c1cc(C(F)(F)F)ccc1SSc1ccc(C(F)(F)F)cc1[N+](=O)[O-],,443.96731799199995,False,[]
13338,CN(C)CCOC1Cc2ccccc2CCc2ccccc21,,295.19361442,False,[]
13343,O=C([O-])CC(O)(CC(=O)[O-])C(=O)[O-].O=C([O-])CC(O)(CC(=O)[O-])C(=O)[O-].[Co+2].[Co+2].[Co+2],,554.80664,False,[]
13344,O=C([O-])CC(O)(CC(=O)[O-])C(=O)[O-].[K+].[K+].[K+],,305.8946475400001,False,[]
13345,CCOC(=O)CP(=O)(OCC)OCC,,224.081360274,False,[]
13346,CCSCCOP(=S)(OC)OC,,230.02002296999999,False,[]
13347,O=S(=O)(O)O.[H]/N=C(/N)SC.[H]/N=C(/N)SC,,278.017717928,False,[]
13349,CC(C)(O)CC(O)C(=O)NCCC(=O)O,,219.110672644,False,[]
13354,O=C([O-])[C@H](O)[C@@H](O)C(=O)[O-].[Li+].[Li+],,162.03279694799997,False,[]
13355,O=C([O-])C(O)C(O)C(=O)[O-].[Na+].[Na+],,193.98032640799997,False,[]
13358,CCOC(=O)[C@@H]([NH3+])CS.[Cl-],,185.027727304,False,[]
13363,CCN(CC)CCCl.Cl,,171.05815484,False,[]
13365,CCC(C)NC(=O)NC(C)CC,,172.15756326,False,[]
13366,O=C(CSCCCl)NCCNC(=O)CSCCCl,,332.018675176,False,[]
13370,CCCCOP(N)(=O)OCCCC,,209.11808012999998,False,[]
13372,C=C(Br)CNCC,,162.99966142,False,[]
13377,FCC[NH2+]CCCl.[Cl-],,161.0174329,False,[]
13380,CCCCCCCCCCCCP(C)(C)=O,,246.211252242,False,[]
13382,CCCCCSCCCCC,,174.144221704,False,[]
13383,Brc1ccsc1,,161.913883196,False,[]
13390,Cn1c(Cl)nc(Cl)c1Cl,,183.936181136,False,[]
13404,O=Cc1ccc(Cl)cc1Cl,,173.963920108,False,[]
13405,Cc1ccc(C(=O)Cl)cc1,,154.018542524,False,[]
13407,CCCSc1ccccc1,,152.065971384,False,[]
13409,CC12CC3C(C1=O)C3C2(C)C,,150.104465068,False,[]
13410,CC(=O)Oc1ccc(Cl)cc1,,170.013457144,False,[]
13411,Cc1c(Cl)c(Cl)c(C)c(Cl)c1Cl,,241.922360912,False,[]
13412,Cc1c(Cl)c(Cl)c(Cl)c(Cl)c1Cl,,261.867738496,False,[]
13414,Cc1ccc2nc(C)ccc2c1,,157.089149352,False,[]
13415,CCc1ccc(CC)c(CC)c1,,162.140850576,False,[]
13416,CC(C)(C)c1ccc(CO)cc1,,164.120115132,False,[]
13418,ClC(Cl)=Nc1nc(Cl)nc(Cl)n1,,243.88770671999998,False,[]
13419,COc1nc(OC)nc(OC)n1,,171.064391148,False,[]
13420,O=C1CCCCCCCCCC1,,168.15141526,False,[]
13421,CC[NH+]1CC2CCC(C)(C1)C2(C)C.[Cl-],,217.15972744799998,False,[]
13422,CCN1CC2CCC(C)(C1)C2(C)C,,181.183049736,False,[]
13423,CN1C(=O)NC(=O)C12CCCCC2,,182.105527688,False,[]
13424,O=C1NC2(CCCC2)C(=O)N1CO,,184.084792244,False,[]
13425,C[N+](C)(C)CC1(CO)COCOC1.[Br-],,269.0626556,False,[]
13426,C[N+](C)(C)CC1(CO)COCOC1,,190.14376992009,False,[]
13427,CC([NH3+])Cc1c[nH]c2ccccc12.[Cl-],,210.09237616,False,[]
13428,O=[N+]([O-])c1cc(Cl)c(Cl)c(Cl)c1Cl,,258.87613899200005,False,[]
13429,C#CC[NH+](C)Cc1ccccc1Br.[Cl-],,272.991989196,False,[]
13430,C#CCN(C)Cc1ccccc1Br,,237.015311484,False,[]
13431,O=C(O)C12CC3CC(CC(F)(C3)C1)C2,,198.10560794,False,[]
13432,Cc1ccc2ccccc2c1[N+](=O)[O-],,187.063328528,False,[]
13433,Cc1ccc2cccc([N+](=O)[O-])c2n1,,188.058577496,False,[]
13434,ClC(Cl)(Cl)c1cccc(C(Cl)(Cl)Cl)c1,,309.844416208,False,[]
13435,N#CC(C#N)/N=N/c1ccc(Cl)cc1,,204.02027384,False,[]
13436,c1ccc(SSc2ccccc2)cc1,,218.02239232,False,[]
13437,O=S(=O)(OC(CF)CF)c1ccccc1,,236.03187162,False,[]
13438,Cc1cc2ccccc2c2ccccc12,,192.093900384,False,[]
13439,c1ccc(-c2nc3ccccc3s2)cc1,,211.045570288,False,[]
13440,CCOc1nc(OCC)nc(OCC)n1,,213.11134134,False,[]
13441,O=S1(=O)CCC(NNc2ccccc2)C1,,226.077598688,False,[]
13442,O=S1(=O)CCC([NH2+]Nc2ccccc2)C1.[Cl-],,262.0542764,False,[]
13443,Cc1c(N=O)c(=O)n(-c2ccccc2)n1C,,217.085126592,False,[]
13444,CN(C)C(C#N)c1cccc2ccccc12,,210.115698448,False,[]
13445,[Cl-].[NH3+]C(C(=O)c1ccccc1)c1ccccc1,,247.076391748,False,[]
13446,NC(C(=O)c1ccccc1)c1ccccc1,,211.099714036,False,[]
13447,O=[N+]([O-])c1cc(-c2ccccc2)ccc1O,,215.058243148,False,[]
13448,Oc1ccccc1/C=N/c1ccc(Br)cc1,,274.99457604,False,[]
13449,Fc1nc(F)nc(Oc2ccccc2Cl)n1,,243.001095868,False,[]
13450,CCNc1nc(NC(C)(C)C)nc(SC)n1,,241.13611660799998,False,[]
13451,O=C(Nc1ccccc1)NC1CCCCC1,,218.141913196,False,[]
13452,C(C=Cc1ccccc1)=Cc1ccccc1,,206.109550448,False,[]
13453,O=C(C=Cc1ccco1)C=Cc1ccco1,,214.06299418,False,[]
13454,CCOC(=O)c1cccc([NH3+])c1.CS(=O)(=O)[O-],,261.06709358,False,[]
13455,COC(=O)c1c(Cl)c(Cl)c(C(=O)O)c(Cl)c1Cl,,315.886369328,False,[]
13457,CC=C(C)C(=O)OC1CCN2CC=C(CO)C12,,237.136493468,False,[]
13458,CCC(C)NC(=O)NS(=O)(=O)c1ccc(F)cc1,,274.07874156,False,[]
13459,CCCC1C(=O)NC(=O)N(C2CCCCC2)C1=O,,252.1473925,False,[]
13460,C=CCC1C(=O)NC(=O)N(C2CCCCC2)C1=O,,250.131742436,False,[]
13461,O=C(OCc1ccccc1)C(O)c1ccccc1,,242.094294308,False,[]
13462,O=[N+]([O-])c1ccc2c3c(cccc13)-c1ccccc1-2,,247.063328528,False,[]
13463,Nc1ncnc2c1ncn2C1OC(CCl)C(O)C1O,,285.06286692399993,False,[]
13464,C[NH+](C)CCC=C(c1ccccc1)c1ccccc1.[Cl-],,287.14407738399996,False,[]
13465,CN(C)CCC=C(c1ccccc1)c1ccccc1,,251.167399672,False,[]
13466,CC1(C)CCCC(C)(C)[NH+]1CCN=C(N)N.CC1(C)CCCC(C)(C)[NH+]1CCN=C(N)N.O=S(=O)([O-])[O-],,550.3988732079999,False,[]
13467,CC1(C)CCCC(C)(C)N1CCN=C(N)N,,226.21574683199998,False,[]
13468,C[NH2+]CCC=C1c2ccccc2CCc2ccccc21.[Cl-],,299.14407738399996,False,[]
13470,CN(C)CCC=C(c1ccccc1)c1cccc(Cl)c1,,285.12842732,False,[]
13471,C#C[C@]1(O)CC[C@H]2[C@@H]3CCC4=C(CCCC4)[C@H]3CC[C@@]21C,,284.214015516,False,[]
13472,C[C@]12C=CC(=O)C=C1CC[C@@H]1[C@@H]2CC[C@]2(C)C(=O)CC[C@@H]12,,284.177630008,False,[]
13473,C[NH+](C)CCC=C1c2ccccc2CSc2ccccc21.[Cl-],,331.116148384,False,[]
13474,CSc1cccc(C(=CCC[NH+](C)C)c2ccccc2)c1.[Cl-],,333.131798448,False,[]
13475,CSc1cccc(C(=CCCN(C)C)c2ccccc2)c1,,297.155120736,False,[]
13476,CN(C)c1ccc(C=Cc2ccnc3ccccc23)cc1,,274.146998576,False,[]
13477,CCOP(=O)(OCC)Oc1ccc2c(C)cc(=O)oc2c1,,312.076274894,False,[]
13478,CCOC(=O)c1nc(C(=O)OCC)nc(C(=O)OCC)n1,,297.09608520000006,False,[]
13479,CC(=O)Nc1cc([As](=O)(O)O)ccc1O.COC(=O)C1=CCCN(C)C1,,430.072122576,False,[]
13481,COC(=O)C(N)CCC/N=C(\N)NS(=O)(=O)c1ccc(C)cc1,,342.136176184,False,[]
13482,CC[NH+](CC)CCOC(=O)C(Cl)(c1ccccc1)c1ccccc1.[Cl-],,381.12623440000004,False,[]
13483,CCN(CC)CCOC(=O)C(Cl)(c1ccccc1)c1ccccc1,,345.14955668799996,False,[]
13484,CCCCSc1ccc(C(SCC[NH+](C)C)c2ccccc2)cc1.[Cl-],,395.15081963999995,False,[]
13485,CCOP(=O)(Oc1ccc([N+](=O)[O-])cc1)Oc1ccc([N+](=O)[O-])cc1,,368.040952006,False,[]
13486,CCN1C(=CC=Cc2sc3ccccc3[n+]2CC)Sc2ccccc21.[I-],,492.019088672,False,[]
13487,CCN1C(=CC=Cc2sc3ccccc3[n+]2CC)Sc2ccccc21,,365.11406709209,False,[]
13488,C[NH+](C)CCc1cc(-c2ccccc2)on1.O=C(O)CC(O)(CC(=O)O)C(=O)[O-],,408.15326572799984,False,[]
13489,CN(C)CCc1cc(-c2ccccc2)on1,,216.126263132,False,[]
13491,CCOc1ccc(CC2=[NH+]CCc3cc(OCC)c(OCC)cc32)cc1OCC.[Cl-],,433.20198618399996,False,[]
13492,CCOc1ccc(CC2=NCCc3cc(OCC)c(OCC)cc32)cc1OCC,,397.225308472,False,[]
13493,CCOc1ccc(Cc2nc3cc([N+](=O)[O-])ccc3n2CCN(CC)CC)cc1,,396.216140756,False,[]
13494,NC(N)=NCCCC(NC(=O)c1ccccc1)C(=O)Nc1ccc([N+](=O)[O-])cc1,,398.170253184,False,[]
13495,CC[NH+](CC)CCc1cc(-c2ccccc2)on1.O=C(O)CC(O)(CC(=O)O)C(=O)[O-],,436.18456585599984,False,[]
13496,CCN(CC)CCc1cc(-c2ccccc2)on1,,244.15756326,False,[]
13497,CN1CCC(C(C(=O)N(C)C)(c2ccccc2)c2ccccc2)C1,,322.20451345199996,False,[]
13498,O=C(O)CC(O)(CC(=O)O)C(=O)[O-].c1ccc(-c2cc(CC[NH+]3CCCCC3)on2)cc1,,448.18456585600006,False,[]
13499,c1ccc(-c2cc(CCN3CCCCC3)on2)cc1,,256.15756326,False,[]
13500,COc1ccc2c(c1OC)C(=O)OC2[C@@H]1c2c(cc3c(c2OC)OCO3)CC[NH+]1C.[Cl-],,449.12412978799995,False,[]
13501,COc1ccc2c(c1OC)C(=O)OC2[C@@H]1c2c(cc3c(c2OC)OCO3)CCN1C,,413.147452076,False,[]
13504,CCCC[N+](CCCC)(CCCC)CCCC.O=[N+]([O-])c1cc([N+](=O)[O-])c([O-])c([N+](=O)[O-])c1,,470.2740495559999,False,[]
13505,CCOC(=O)C1(c2ccccc2)CCN(CCC(C#N)(c2ccccc2)c2ccccc2)CC1,,452.246378264,False,[]
13506,O=S(=O)([O-])c1ccc2c(/N=N/c3ccc(S(=O)(=O)[O-])c4ccccc34)c(O)c(S(=O)(=O)[O-])cc2c1.[Na+].[Na+].[Na+],,603.926890392,False,[]
13507,O=S(=O)(O)c1ccc2c(/N=N/c3ccc(S(=O)(=O)O)c4ccccc34)c(O)c(S(=O)(=O)O)cc2c1,,537.9810576479998,False,[]
13509,c1ccc([P+](CCCCCCCCCC[P+](c2ccccc2)(c2ccccc2)c2ccccc2)(c2ccccc2)c2ccccc2)cc1,,664.33767770018,False,[]
13511,CC(=O)[O-].CC(=O)[O-].CC(=O)[O-].[La+3],,315.946266308,False,[]
13514,CC(=O)C(Cl)(Cl)Cl,,159.924947756,False,[]
13518,OC(C(F)(F)F)(C(F)(F)F)C(O)(C(F)(F)F)C(F)(F)F,,333.986317944,False,[]
13520,O=C([O-])CC(O)(CC(=O)[O-])C(=O)[O-].[Li+].[Li+].[Li+],,210.05154115,False,[]
13521,CCO[Si](CCCN)(OCC)OCC,,221.14472012599998,False,[]
13522,CCO[Si](CCC#N)(OCC)OCC,,217.11341999799998,False,[]
13523,CCOP(=S)(OCC)SCC(=O)OC,,258.01493759,False,[]
13524,CCOC(=O)CSP(=S)(OCC)OCC,,272.030587654,False,[]
13525,COCCNC(=O)CSP(=S)(OC)OC,,273.02583662200004,False,[]
13526,CCSCCSP(=O)(OC)OC,,230.02002297,False,[]
13529,OC(C(F)(F)F)C(F)(F)F,,168.000984004,False,[]
13530,O=C(CCl)C(Cl)Cl,,159.924947756,False,[]
13531,C=C(Cl)C(Cl)=C(Cl)Cl,,189.891060784,False,[]
13535,N[C@H](CSC[C@H](N)C(=O)O)C(=O)O,,208.051777864,False,[]
13537,CC(=O)N(CCN(C(C)=O)[N+](=O)[O-])[N+](=O)[O-],,234.06003404,False,[]
13540,O=C(O)CN(CCOCCN(CC(=O)O)CC(=O)O)CC(=O)O,,336.1168802199999,False,[]
13541,CCCCCCC(CCCCCC)OCCO,,244.240230264,False,[]
13542,CCCCN(CCCC)N=O,,158.141913196,False,[]
13547,CC(C)C/N=C(\N)N=C(N)N.Cl,,193.10942319199998,False,[]
13548,CC(C)C/N=C(\N)N=C(N)N,,157.13274547999998,False,[]
13549,CCCOC(=O)CCC(=O)OCCC,,202.120509056,False,[]
13554,CCC[As](Cl)Cl,,187.914077084,False,[]
13560,O=P([O-])([O-])OC(CCO)CCO.O=P([O-])([O-])OCC(O)CO.[Mg+2].[Mg+2],,415.99743267599996,False,[]
13561,CCCCCC(=O)CCCCC,,170.167065324,False,[]
13564,CC(=O)OCCBr,,165.962941564,False,[]
13571,CCCCCC[Si](Cl)(Cl)Cl,,217.985209986,False,[]
13574,CC(C)CCOC(=S)S,,164.032957004,False,[]
13575,O=C([O-])CNCC(=O)[O-].[Na+].[Na+],,177.0013962,False,[]
13576,CCCCCCCC(=O)CC,,156.15141526,False,[]
13579,CCCCCCCCCCCCCCCC(=O)OCCCl,,318.23255804,False,[]
13582,CCCCCCCCCCCC[NH3+].[Cl-],,221.19102757599998,False,[]
13583,CCCCCCCCCCCCN,,185.21434986399998,False,[]
13584,CCCCCCCCCCCCCCCCCCCCCC(=O)OC,,354.3497807119999,False,[]
13585,C=COCCCCCCCCCCCCCCCCCC,,296.3079159,False,[]
13596,C[n+]1ccccc1.[I-],,220.970147256,False,[]
13615,Nc1nc(Cl)nc(Cl)n1,,163.965651424,False,[]
13618,Oc1c(Cl)ccc(Cl)c1Cl,,195.924947756,False,[]
13619,Oc1cc(Cl)cc(Cl)c1Cl,,195.924947756,False,[]
13620,Cn1cnc([N+](=O)[O-])c1Br,,204.948688468,False,[]
13625,O=c1[nH]c2ccccc2s1,,151.00918478,False,[]
13626,CS(=O)c1ccc(Cl)cc1,,173.990613524,False,[]
13630,CC(=O)Sc1ccccc1,,152.029585876,False,[]
13631,ClCCNc1ccccc1,,155.050177,False,[]
13634,CCC1(CC(C)C)OCCO1,,158.130679816,False,[]
13635,CCC12COP(=S)(OC1)OC2,,194.016651842,False,[]
13636,Oc1c(Cl)c(Cl)cc(Cl)c1Cl,,229.885975404,False,[]
13637,NNC(=O)c1ccccc1O,,152.058577496,False,[]
13638,O=S1(=O)NCc2ccccc21,,169.019749464,False,[]
13640,CN(N=O)c1ccc(Br)cc1,,213.974174944,False,[]
13641,CN(N=O)c1ccc(F)cc1,,154.054241064,False,[]
13643,CN(Cc1ccccc1)N=O,,150.07931294,False,[]
13644,C[NH+]1CC2CCC(C)(C1)C2(C)C.[Cl-],,203.14407738399998,False,[]
13645,CN1CC2CCC(C)(C1)C2(C)C,,167.167399672,False,[]
13646,O=S(=O)(CCCl)c1ccccc1,,204.001178208,False,[]
13647,COc1c(Cl)cc(Cl)c(Cl)c1Cl,,243.901625468,False,[]
13648,Nc1ccc2ccccc2c1N,,158.08439832,False,[]
13649,COc1cc(Cl)c(Cl)c(Cl)c1Cl,,243.901625468,False,[]
13650,O=c1oc2ccccc2cc1O,,162.031694052,False,[]
13651,c1ccc(-c2ccncc2)cc1,,155.073499288,False,[]
13652,CCc1ccc2ccccc2c1,,156.093900384,False,[]
13653,C[NH2+]CC(O)c1cccc(O)c1.[Cl-],,203.071306368,False,[]
13654,CC(C)OC(=O)c1ccccc1,,164.083729624,False,[]
13655,N#Cc1ccc(Cl)c([N+](=O)[O-])c1,,181.988305016,False,[]
13656,O=C(Cl)[C@@H]1C[C@H]1c1ccccc1,,180.034192588,False,[]
13657,COc1ccc(N(C)N=O)cc1,,166.07422756,False,[]
13658,CC(Oc1ccccc1)C(=O)O,,166.06299418,False,[]
13659,CC12CCC(C[N+](C)(C)C1)C2(C)C.[I-],,309.09534776799995,False,[]
13660,CC12CCC(C[N+](C)(C)C1)C2(C)C,,182.19032618808998,False,[]
13661,Cc1ccc(S(=O)(=O)N=[N+]=[N-])cc1,,197.025897464,False,[]
13662,O=C1C=CC(=O)N1c1ccccc1,,173.047678464,False,[]
13663,CC(=O)c1cccc2ccccc12,,170.07316494,False,[]
13664,c1ccc2c3c([nH]c2c1)CCCC3,,171.104799416,False,[]
13665,C[NH2+]CCc1c[nH]c2ccccc12.[Cl-],,210.09237616,False,[]
13666,CC(C(O)c1ccccc1)[NH+](C)C.[Cl-],,215.107691876,False,[]
13667,CNC(=O)Oc1ccccc1C#N,,176.058577496,False,[]
13668,CC[NH2+]CC(O)c1cccc(O)c1.[Cl-],,217.086956432,False,[]
13669,CC(=O)c1ccc(C(C)(C)C)cc1,,176.120115132,False,[]
13670,CCOC(=O)N1C2C3CCC(C3)C21,,181.11027872,False,[]
13671,CN(N=O)c1ccc([N+](=O)[O-])cc1,,181.048741084,False,[]
13672,O=C(Cc1ccccc1)OCCCl,,198.044757272,False,[]
13673,Cc1cc(C[NH+]2CCCCC2)no1.[Cl-],,216.102940844,False,[]
13674,Cc1cc(CN2CCCCC2)no1,,180.126263132,False,[]
13675,CCOP(=O)(CC)Sc1ccccc1,,230.05303734999998,False,[]
13676,CCOP(=S)(CC)Sc1ccccc1,,246.03019372999998,False,[]
13677,COc1c(Cl)c(Cl)c(Cl)c(Cl)c1OC,,273.912190152,False,[]
13678,COc1c(Cl)c(Cl)c(OC)c(Cl)c1Cl,,273.912190152,False,[]
13679,O=S(c1ccccc1)c1ccccc1,,202.04523594,False,[]
13680,CC(=NO)c1nc2ccccc2n1C,,189.090211972,False,[]
13681,O=[N+]([O-])c1cc(Cl)c(O)c([N+](=O)[O-])c1,,217.973048876,False,[]
13682,C[NH2+]C(C)C(O)c1ccc(O)c(O)c1.[Cl-],,233.081871052,False,[]
13683,CNC(C)C(O)c1ccc(O)c(O)c1,,197.10519334,False,[]
13684,Cl.NC(N)=NN=Cc1ccc([N+](=O)[O-])o1,,233.031566796,False,[]
13685,NC(N)=NN=Cc1ccc([N+](=O)[O-])o1,,197.054889084,False,[]
13686,O=C(COc1ccccc1)OCCCl,,214.039671892,False,[]
13687,Cc1cc(CC[NH+]2CCCCC2)no1.[Cl-],,230.118590908,False,[]
13688,Cc1cc(CCN2CCCCC2)no1,,194.141913196,False,[]
13689,CCOP(=O)(N=C1SCCS1)OCC,,255.015271938,False,[]
13690,O=C1CCCCCCCCCCCN1,,197.177964356,False,[]
13693,O[Si](O)(c1ccccc1)c1ccccc1,,216.06065615400001,False,[]
13694,Clc1cc2ccccc2c2ccccc12,,212.039277968,False,[]
13695,Nc1cc2ccccc2c2ccccc12,,193.089149352,False,[]
13696,O=CC(c1ccccc1)c1ccccc1,,196.088815004,False,[]
13697,O=NN(C1CCCCC1)C1CCCCC1,,210.173213324,False,[]
13698,c1ccc(-c2cc3ccccc3[nH]2)cc1,,193.089149352,False,[]
13699,COc1ccc(C(N)=NOC(C)=O)cc1,,208.084792244,False,[]
13700,CCCCCCCCc1ccccc1O,,206.167065324,False,[]
13701,CC(C)[NH2+]CC(O)c1ccc(O)c(O)c1.[Cl-],,247.097521116,False,[]
13702,Clc1cccc(OCc2ccccc2)c1,,218.049842652,False,[]
13703,Cc1nc(C(Cl)(Cl)Cl)nc(C(Cl)(Cl)Cl)n1,,326.84581317600004,False,[]
13704,C=CCOc1nc(C)nc(C(Cl)(Cl)Cl)n1,,266.973294916,False,[]
13705,Cc1ccc(/N=N/c2ccccc2)cc1,,196.100048384,False,[]
13706,N[C@@H](Cc1ccc([N+](=O)[O-])cc1)C(=O)O,,210.0640568,False,[]
13707,CCOP(=O)(N=C1SCC(C)S1)OCC,,269.030922002,False,[]
13708,COP(=O)(OC)Oc1ccc([N+](=O)[O-])cc1,,247.02457367000002,False,[]
13709,COc1nn(CSP(=S)(OC)OC)c(=O)s1,,301.96185646200007,False,[]
13710,COc1cc2oc3ccccc3c2cc1N,,213.078978592,False,[]
13711,Nc1ccn([C@H]2C[C@H](O)[C@@H](CO)O2)c(=O)n1,,227.090605896,False,[]
13712,O=c1ccn([C@H]2C[C@H](O)[C@@H](CO)O2)c(=O)[nH]1,,228.074621484,False,[]
13713,Nc1ccc2c(N)c3ccccc3nc2c1,,209.095297352,False,[]
13714,ClC(=C(Cl)c1ccccc1)c1ccccc1,,248.01595568,False,[]
13716,C[NH+](C)CCc1cc(-c2ccccc2)no1.[Cl-],,252.102940844,False,[]
13717,CN(C)CCc1cc(-c2ccccc2)no1,,216.126263132,False,[]
13718,CCN(CC)CC1COc2ccccc2O1,,221.141578848,False,[]
13719,Cc1ccc(O)c(/N=N/c2ccccc2)c1,,212.094963004,False,[]
13720,O=[N+]([O-])c1ccc(Sc2ccccc2)cc1,,231.035399528,False,[]
13721,COP(=S)(OC)SCSc1ccc(Cl)cc1,,313.942556934,False,[]
13722,Cc1ccc(S(=O)(=O)OC2CCCCC2)cc1,,254.097665436,False,[]
13723,CN(CSc1ccc(Cl)cc1)c1ccccc1,,263.053548128,False,[]
13724,OC(COCC[NH+]1CCCC1)c1ccccc1.[Cl-],,271.133906624,False,[]
13725,ClC(Cl)(Cl)c1nc(CCBr)nc(C(Cl)(Cl)Cl)n1,,418.77197530800004,False,[]
13726,O=C1C=CC(=Nc2cc(Cl)c(O)c(Cl)c2)C=C1,,266.98538382400005,False,[]
13727,[Cl-].c1ccc(C2([NH+]3CCCCC3)CCCCC2)cc1,,279.175377512,False,[]
13728,CN(C)C(=O)C(c1ccccc1)c1ccccc1,,239.131014164,False,[]
13729,CC(=O)OCC1=C(C(=O)O)N2C(=O)C(N)C2SC1,,272.046692484,False,[]
13730,Nc1ncnc2c1ncn2[C@H]1C[C@H](O)[C@@H](CO)O1,,251.101839276,False,[]
13731,O=c1oc2ccccc2cc1-c1ccc[n+]([O-])c1,,239.058243148,False,[]
13732,O=c1oc2ccc(Br)cc2cc1-c1ccccn1,,300.973840596,False,[]
13733,CCC(C)=NNc1ccc([N+](=O)[O-])cc1[N+](=O)[O-],,252.085854864,False,[]
13734,C[NH+](C)CCN(Cc1ccsc1)c1ccccn1.[Cl-],,297.10664632,False,[]
13735,C[N+](C)=c1ccc2nc3ccc(N)cc3sc-2c1.[Cl-],,291.059696128,False,[]
13736,C[N+](C)=c1ccc2nc3ccc(N)cc3sc-2c1,,256.09029486809,False,[]
13737,CCC(C(=O)O)c1ccc(-c2ccccc2)cc1,,240.115029752,False,[]
13738,CCN(CC)CCc1nc(-c2ccccc2)no1,,245.152812228,False,[]
13739,O=C(OCCO)c1ccc(C(=O)OCCO)cc1,,254.079038168,False,[]
13740,CCCCCCCC[N+](C)(C)Cc1ccccc1.[Cl-],,283.20667764,False,[]
13741,CCCCCCCC[N+](C)(C)Cc1ccccc1,,248.23727638008998,False,[]
13742,ClCCOc1nc(OCCCl)nc(OCCCl)n1,,314.994424284,False,[]
13743,CCCCC1(CCOC(N)=O)C(=O)NC(=O)NC1=O,,271.11682064400003,False,[]
13745,COP(=O)(OC)OC(=CCl)c1cc(Cl)c(Cl)cc1Cl,,363.89925611800004,False,[]
13746,COP(=O)(OC)SCn1nnc2ccccc2c1=O,,301.028613494,False,[]
13747,Cc1c(Cl)cccc1N=C=Nc1cccc(Cl)c1C,,290.037753744,False,[]
13748,O=[N+]([O-])c1ccc(Nc2ccccc2)c([N+](=O)[O-])c1,,259.059305768,False,[]
13750,CCOC(=O)C=C(C)NC(C(=O)O)c1ccccc1,,263.115758024,False,[]
13751,CN(C)CCN(Cc1ccccc1)c1ccccc1,,254.17829870399999,False,[]
13752,CN1C(=O)C(/N=N/c2ccc([N+](=O)[O-])cc2)SC1=S,,296.003782116,False,[]
13753,O=[N+]([O-])c1ccc(NN=C(Br)c2ccccc2)cc1,,318.99563866,False,[]
13754,CCOP(=O)(OCC)Oc1cc(C)nc(C(C)C)n1,,288.12389378200004,False,[]
13755,CCOc1ccc(NS(=O)(=O)c2ccc(N)cc2)nn1,,294.07866130800005,False,[]
13756,O=C1CN(O)C(c2ccccc2)=c2cc(Cl)ccc2=N1,,286.050905272,False,[]
13757,Cc1ccc2nc3c(ccc4ccccc43)c(C)c2c1,,257.12044948,False,[]
13758,CC(=O)Oc1cc(C(C)C)c(OCC[NH+](C)C)cc1C.[Cl-],,315.160121372,False,[]
13759,Cc1cccc(Nc2ccc([N+](=O)[O-])cc2[N+](=O)[O-])c1,,273.07495583200006,False,[]
13760,c1ccc2sc(CCc3nc4ccccc4s3)nc2c1,,296.044190384,False,[]
13761,CCc1ccc(F)c(NC(=O)CC(C)N(CC)CC)c1,,280.19509164,False,[]
13762,CCCCCCCCCC[N+](C)(C)Cc1ccccc1.[Cl-],,311.23797776799995,False,[]
13763,CCCCCCCCCC[N+](C)(C)Cc1ccccc1,,276.26857650809,False,[]
13764,O=C(NN=Cc1ccc([N+](=O)[O-])o1)c1ccc(O)cc1,,275.05422038800003,False,[]
13765,CC[C@]1(O)CC[C@H]2[C@@H]3CCC4=CCCC[C@@H]4[C@H]3CC[C@@]21C,,288.245315644,False,[]
13766,CC12C=CC3=C4CCC(=O)C=C4CCC3C1CC[C@]2(C)O,,284.177630008,False,[]
13767,Cc1c2c(cc3ccccc13)-c1ccccc1C(O)C2O,,276.115029752,False,[]
13768,CN(C)CCOC(=O)C(O)(c1ccccc1)c1ccccc1,,299.152143532,False,[]
13769,C[C@]12C=CC(=O)C=C1CC[C@@H]1[C@@H]2CC[C@]2(C)OC(=O)CC[C@@H]12,,300.17254462799997,False,[]
13770,CN1CCC(=C2c3ccccc3C=Cc3ccccc32)CC1.Cl,,323.14407738399996,False,[]
13771,c1ccc(-c2ccc3cccc(-c4ccccc4)c3c2)cc1,,280.125200512,False,[]
13772,O=C(CC(c1ccccc1)c1ccccc1)C[NH+]1CCCC1.[Cl-],,329.154642068,False,[]
13773,O=C(CC(c1ccccc1)c1ccccc1)CN1CCCC1,,293.177964356,False,[]
13774,O=[N+]([O-])c1ccc(Nc2ccc([N+](=O)[O-])cc2[N+](=O)[O-])cc1,,304.044383976,False,[]
13775,O=[N+]([O-])c1cccc(Nc2ccc([N+](=O)[O-])cc2[N+](=O)[O-])c1,,304.04438397599995,False,[]
13776,C[N+](C)(C)CCCCCC[N+](C)(C)C.O=S(=O)([O-])c1ccccc1.O=S(=O)([O-])c1ccccc1,,516.2327789999999,False,[]
